Depth_ft,WOB_klbs,RPM,Torque_ftlbs,ROP_fthr,Flow_gpm,GR_API,MSE_kpsi
1605.9811272000002,13.589860551678182,84.0,259.9992423525399,137.1183326208,735.617857203216,,0.6247836526379085
1606.4798088,13.90985726812682,84.0,239.9993006331137,135.3683539008,735.617857203216,,0.5943878180824398
1606.9817712000001,11.93987748248988,84.0,229.9993297734006,137.89832313600002,735.617857203216,153.96,0.5494489091003009
1607.4804528000002,12.759869068389522,84.0,219.99935891368762,145.3682323008,735.617857203216,,0.5148948047656535
1607.9791344000002,14.17985449763036,84.0,209.99938805397454,141.2382825216,735.617857203216,,0.5198096041205301
1608.4810968000002,13.759858807291522,84.0,219.99935891368762,148.4781944832,735.617857203216,149.34,0.5148623276805107
1608.9797784,13.309863424785622,84.0,219.99935891368762,140.7282887232,735.617857203216,,0.5329683554684316
1609.4817408000001,13.619860243845242,84.0,179.99947547483524,138.81831194880002,735.617857203216,,0.4639565464423536
1609.9804224000002,13.449861988231898,84.0,169.99950461512225,143.33825698560003,735.617857203216,161.65,0.4327830703610023
1610.479104,13.669859730790341,84.0,189.9994463345484,142.8282631872,735.617857203216,,0.4734113632752371
1610.9810664000001,12.879867837057759,84.0,179.99947547483524,138.49831584,735.617857203216,150.88,0.45848286955478856
1611.4797480000002,13.759858807291522,84.0,179.99947547483524,139.15830781440002,735.617857203216,,0.4642931850308281
1611.9817104,14.039855934184082,84.0,159.9995337554091,142.32826926720003,735.617857203216,146.26,0.4211723149831839
1612.4803920000002,13.96985665246094,84.0,169.99950461512225,137.74832496,735.617857203216,,0.450126738029232
1612.9790736,13.039866195282082,84.0,169.99950461512225,138.7583126784,735.617857203216,146.26,0.4398224135336796
1613.4810360000001,13.609860346456221,84.0,159.9995337554091,140.4182924928,735.617857203216,,0.4216323908783043
1613.9797176000002,13.6998594229574,84.0,119.99965031655681,138.45831632640002,735.617857203216,,0.3491072995874583
1614.48168,13.27986373261856,84.0,9.999970859712999,135.0383579136,735.617857203216,155.49,0.1325731428596476
1625.980884,10.40989318196982,84.0,9.999970859712999,130.8684086208,735.617857203216,144.72,0.10885621750364496
1626.4795656000001,9.9498979020749,84.0,9.999970859712999,132.86838430080002,735.617857203216,,0.10464424207703298
1627.4802096,10.5998912323612,84.0,9.999970859712999,131.2384041216,735.617857203216,157.03,0.11041041677997142
1628.9795352,9.109906521397221,84.0,9.999970859712999,133.7783732352,735.617857203216,,0.09737958865284979
1644.9799968000002,8.61991154933524,92.9,549.998397284219,58.6692865728,745.568910414696,,2.8588443206733163
1645.4786784,3.8699602895507406,126.0,2839.991724158516,132.01839463680002,782.322800416896,,8.702898142269136
1645.9806408000002,5.93993904907788,126.0,2419.9929480505652,153.26813623680002,782.322800416896,141.64,6.413983471815762
1646.4793224,6.169936689025341,126.0,2399.9930063311376,170.67792453120003,782.322800416896,,5.719598370272543
1646.9812848,6.069937715135141,126.0,2529.9926275074063,171.3779160192,782.322800416896,146.26,6.00132418461209
1647.4799664000002,6.00993833080102,126.38,2619.992365244827,171.42791541120002,782.322800416896,,6.229248595549586
1647.978648,6.17993658641436,126.43,2569.992510946261,171.3579162624,782.322800416896,149.34,6.117659620129834
1648.4806104000002,5.7999404856316,126.05,2879.9916075973633,171.0779196672,782.322800416896,,6.8367004335052295
1648.9792920000002,6.12993709946926,126.81,2739.992015561385,171.397915776,782.322800416896,,6.536358983482045
1649.4812544,6.069937715135141,126.0,2829.9917532987984,171.42791541120002,782.322800416896,152.42,6.7048956004152025
1649.9799360000002,6.769930532366541,126.43,2729.9920447016675,168.5379505536,782.322800416896,,6.608068020589597
1650.4786176,6.17993658641436,126.86,2949.9914036153564,164.697997248,782.322800416896,141.64,7.320623870329159
1650.9805800000001,6.0799376125241595,126.77,2879.9916075973633,164.21800308480002,782.322800416896,,7.1630013294163755
1651.4792616000002,6.3999343289728,127.0,2769.9919281405228,164.43800040960002,782.322800416896,147.8,6.89734200003924
1651.9812239999999,6.05993781774612,126.27,2559.9925400865513,164.19800332800003,782.322800416896,,6.348509362794163
1652.4799056000002,6.48993340547398,126.45,2879.9916075973633,164.44800028800003,782.322800416896,,7.138608069114419
1652.9785872,6.27993556030456,126.55,3089.9909956513425,164.0580050304,782.322800416896,152.42,7.6774259109384175
1653.4805496000001,5.709941409130421,126.33,3399.9900923024443,164.25800259840003,782.322800416896,,8.412690852699578
1653.9792312000002,5.9599388438559195,126.41,3059.9910830722047,164.4180006528,782.322800416896,140.1,7.575824647962008
1654.4811936,5.7499409986865,126.45,2899.9915493167914,164.4080007744,782.322800416896,,7.183256056497865
1654.9798752000002,5.8999394595218,126.36,2859.9916658779434,164.1580038144,782.322800416896,144.72,7.091822029897792
1655.4785568000002,5.88993956213278,126.27,2999.9912579139223,164.148003936,782.322800416896,,7.431627499118933
1655.9805192000001,5.96993874124494,126.09,3119.9909082304807,164.46800004480002,782.322800416896,,7.701713556124489
1656.4792008000002,6.05993781774612,126.36,3359.9902088635968,164.44800028800003,782.322800416896,149.34,8.3096681859121
1656.9811632,6.25993576552652,126.45,3199.9906751081835,164.18800344960002,782.322800416896,,7.936180252963901
1657.4798448000001,5.6499420247963,126.23,3359.9902088635968,164.49799968000002,782.322800416896,146.26,8.295185815370273
1657.9785264000002,5.339945205736681,126.14,3189.990704248473,164.348001504,782.322800416896,,7.876842688527825
1658.4804888,5.499943563961,126.14,3139.9908499499074,164.25800259840003,782.322800416896,,7.759672637217234
1658.9791704000002,5.9299391516888615,126.32,2819.9917824390877,164.1280041792,782.322800416896,144.72,6.9926611471485005
1659.4811328,5.93993904907788,126.0,2999.9912579139223,164.3680012608,782.322800416896,,7.406408924968577
1659.9798144000001,5.7899405882425805,126.45,3279.9904419858867,164.5379991936,782.322800416896,135.48,8.11208151715258
1660.4784960000002,5.52994325612806,126.91,3019.9911996333494,164.49799968000002,782.322800416896,,7.49955692810694
1660.9804584,5.52994325612806,126.27,3319.990325424742,164.24800272000002,782.322800416896,,8.21097581040999
1661.4791400000001,5.05994807884412,126.18,3259.990500266467,164.3180018688,782.322800416896,144.72,8.050318431785222
1661.9811024,5.85993986996572,126.64,3429.9900048815825,164.4180006528,782.322800416896,,8.50024037851893
1662.479784,5.55994294829512,126.68,3459.989917460728,163.8280078272,782.322800416896,155.49,8.605007416909109
1662.9784656000002,6.169936689025341,126.64,3119.9909082304807,164.4180006528,782.322800416896,,7.739120961912395
1663.480428,5.829940177798661,126.82,3529.9897134787134,164.21800308480002,782.322800416896,,8.769324849510951
1663.9791096000001,5.819940280409641,126.23,3019.9911996333494,164.1280041792,782.322800416896,146.26,7.478795832060331
1664.481072,5.12994736056726,127.0,3359.9902088635968,164.3780011392,782.322800416896,,8.347139163054806
1664.9797536,5.53994315351708,127.0,3209.9906459679005,164.5679988288,782.322800416896,140.1,7.970762117984483
1665.4784352000001,5.65994192218532,126.36,2929.9914618959288,164.1180043008,782.322800416896,,7.263894803344071
1665.9803976,5.1899467449013805,126.0,3019.9911996333494,164.4080007744,782.322800416896,,7.447283905929023
1666.4790792000001,5.36994489790374,126.41,2849.991695018226,164.30800199040002,782.322800416896,143.18,7.0590717260721565
1666.9810416,5.37994479529276,126.45,2869.9916367376536,164.39800089599999,782.322800416896,,7.106741364495811
1667.4797232,5.4299442822378605,126.45,2579.9924818059712,164.18800344960002,782.322800416896,,6.401793885976657
1667.9784048000001,5.459943974404921,126.64,2849.991695018226,164.597998464,782.322800416896,143.18,7.060217045376598
1668.4803672000003,6.47993350808496,126.23,2539.9925983671237,164.27800235520002,782.322800416896,,6.297856063568231
1668.9790488,5.87993966474376,127.0,1999.9941719426145,164.1180043008,782.322800416896,132.4,5.000346590912098
1669.4810112,6.0299381255790605,126.52,2659.9922486836817,164.74799664000003,782.322800416896,,6.5853029388055475
1669.9796928,5.8999394595218,126.18,2779.9918990002325,164.22800296320003,782.322800416896,,6.882185925377142
1670.4783744000001,6.20993627858142,126.27,2549.9925692268334,164.1180043008,782.322800416896,130.86,6.328241557821375
1670.9803368000003,5.8499399725767,126.86,2909.991520176509,164.2880022336,782.322800416896,,7.237164679933859
1671.4790184,6.00993833080102,126.32,2679.992190403102,164.4080007744,782.322800416896,144.72,6.637448121473681
1671.9809808,6.10993730469122,126.0,2559.9925400865513,164.3780011392,782.322800416896,,6.328587957524485
1672.4796624,6.20993627858142,126.0,2959.9913744750747,164.44800028800003,782.322800416896,130.86,7.30708887710672
1672.978344,6.27993556030456,126.45,3139.9908499499074,164.44800028800003,782.322800416896,,7.776312792468958
1673.4803064000002,6.3899344315837805,126.45,2989.9912870542116,164.18800344960002,782.322800416896,,7.419957023917533
1673.978988,5.7899405882425805,126.77,3209.9906459679005,164.1280041792,782.322800416896,146.26,7.979736719628087
1674.4809504,6.1499368942473005,126.5,2719.9920738419573,164.348001504,782.322800416896,,6.748910656094748
1674.979632,6.12993709946926,127.0,2799.9918407196606,164.6179982208,782.322800416896,138.56,6.961600093221327
1675.4783136,5.52994325612806,126.18,2569.992510946261,164.098004544,782.322800416896,,6.367954276965132
1675.9802760000002,5.17994684751236,126.0,2929.9914618959288,164.3180018688,782.322800416896,132.4,7.230506451775845
1676.4789576,6.71993104542144,126.45,3119.9909082304807,164.25800259840003,782.322800416896,,7.739731115331075
1676.98092,6.58993237936418,126.23,2979.9913161944937,164.49799968000002,782.322800416896,150.88,7.370436948087258
1677.4796016000003,6.33993494463868,126.59,2639.992306964254,164.06800490880002,782.322800416896,,6.569284749292733
1677.9782832,5.9099393569108205,126.59,2719.9920738419573,164.348001504,782.322800416896,147.8,6.751638814207699
1678.4802456000002,6.35993473941672,126.55,2519.992656647696,164.19800332800003,782.322800416896,,6.266408121051295
1678.9789272,6.6999312506434,126.09,2509.992685787978,164.27800235520002,782.322800416896,144.72,6.219145822243483
1679.4808896,6.41993412375084,126.0,2559.9925400865513,164.6579977344,782.322800416896,,6.320544753441584
1679.9795712,6.859929608867721,126.0,2689.9921612628195,164.24800272000002,782.322800416896,133.94,6.658912659910451
1680.4782528,6.409934226361821,126.0,3079.991024791625,163.7780084352,782.322800416896,,7.6337628664993895
1680.9802152000002,6.879929403645761,126.0,2779.9918990002325,164.00800563840002,782.322800416896,140.1,6.889906031807263
1681.4788968,4.299955877278601,118.4,1709.9950170109403,19.1597670144,783.842961309504,,33.83715975782304
1681.9808592,5.349945103125701,89.0,9.999970859712999,61.269254956800005,782.322800416896,,0.0918566817487284
1682.4795408000002,5.949938946466901,89.0,9.999970859712999,79.1090380224,782.322800416896,135.48,0.08646945991648008
1682.9782224000003,5.73994110129748,89.0,9.999970859712999,77.32905966720001,782.322800416896,,0.08551601582112803
1683.4801848,7.169926427927341,89.0,9.999970859712999,78.4290462912,782.322800416896,135.48,0.09713272499123463
1683.9788664000002,6.45993371330692,89.0,9.999970859712999,81.0090149184,782.322800416896,,0.08995261876121263
1684.4808288000002,7.259925504428521,89.0,9.999970859712999,77.6090562624,782.322800416896,132.4,0.09827985300839463
1684.9795104000004,7.3999240678748,89.0,259.9992423525399,70.74913968,782.322800416896,,1.1089749515230987
1685.478192,6.649931763698301,89.0,939.9972608130319,64.14921993600001,782.322800416896,133.94,4.227942335161808
1685.9801544000002,6.779930429755561,89.0,939.9972608130319,67.76917591680001,782.322800416896,,4.006219597282374
1686.478836,6.739930840199481,89.0,929.9972899533144,69.6291532992,782.322800416896,144.72,3.8595149885048454
1686.9807984,6.60993217414222,89.0,939.9972608130319,74.7790906752,782.322800416896,,3.6346201737150587
1687.4794800000002,6.6299319689202605,89.0,959.997202532452,80.23902428160001,782.322800416896,141.64,3.4622433803049657
1687.9781616,6.839929814089681,89.0,949.997231672742,77.82905358720001,782.322800416896,,3.5329137102007397
1688.480124,6.65993166108732,89.0,929.9972899533144,76.6690676928,782.322800416896,137.02,3.5096984490428658
1688.9788056000002,8.36991411460974,89.0,919.9973190936042,81.6390072576,782.322800416896,,3.2791165668123794
1689.4807680000001,8.249915345941501,89.0,959.997202532452,85.1089650624,782.322800416896,140.1,3.2810975073039903
1689.9794496,7.839919552991681,89.0,949.997231672742,84.9589668864,782.322800416896,,3.249780112448702
1690.4781312,8.32991452505366,89.0,819.9976104964734,93.348864864,782.322800416896,,2.5713829241406385
1690.9800936,8.47991298588896,89.0,219.99935891368762,97.5788134272,782.322800416896,141.64,0.7137870533597418
1691.4787752,8.60991165194622,89.0,229.9993297734006,96.06883178880001,782.322800416896,,0.7546112440412923
1691.9807376,8.53991237022308,89.0,199.99941719426147,97.0888193856,782.322800416896,132.4,0.6588920734965849
1692.4794192000002,8.40991370416582,89.0,209.99938805397454,97.26881719680001,782.322800416896,,0.6859712657399156
1692.9781008,8.16991616682934,89.0,229.9993297734006,97.74881136,782.322800416896,144.72,0.7391642601861474
1693.4800632,8.56991206239014,89.0,229.9993297734006,97.51881415680002,782.322800416896,,0.7441379391948048
1693.9787448000002,8.289914935497581,89.0,239.9993006331137,97.6888120896,782.322800416896,143.18,0.769735399366622
1694.4807072,8.36991411460974,89.0,249.9992714928268,97.7588112384,782.322800416896,,0.7990340797188169
1694.9793888,8.12991657727326,89.0,249.9992714928268,97.8688099008,782.322800416896,147.8,0.796179517735448
1696.4787144000004,8.939908265783881,89.0,219.99935891368762,96.3788280192,782.322800416896,137.02,0.7256813221716384
1696.9806768,9.259904982232522,89.0,209.99938805397454,97.50881427840001,782.322800416896,,0.6916704664421938
1697.4793584000001,8.92990836839486,89.0,209.99938805397454,90.77889611520001,782.322800416896,147.8,0.7343230694403657
1697.97804,9.179905803120361,89.0,199.99941719426147,92.11887982080002,782.322800416896,,0.6959611191597929
1698.4800024,8.919908471005842,89.0,189.9994463345484,87.38893733760001,782.322800416896,,0.6946321114229955
1698.9786840000002,9.01990744489604,89.0,189.9994463345484,88.0389294336,782.322800416896,144.72,0.6909108694799405
1699.4806464000003,8.979907855339961,89.0,159.9995337554091,85.7089577664,782.322800416896,,0.6076288116313953
1699.979328,9.009907547507021,89.0,179.99947547483524,84.798968832,782.322800416896,,0.6807287249966375
1700.4780096000002,8.499912780667001,89.0,189.9994463345484,80.799017472,782.322800416896,143.18,0.741549683919441
1700.979972,10.179895542022361,89.0,199.99941719426147,88.8589194624,782.322800416896,,0.7271209245737819
1701.4786536,10.4498927715259,89.0,189.9994463345484,96.64882473600001,782.322800416896,,0.6483123319491035
1701.980616,10.31989410546864,89.0,189.9994463345484,96.17883045120001,782.322800416896,140.1,0.6499441433115706
1702.4792976,10.3498937976357,89.0,189.9994463345484,96.4588270464,782.322800416896,,0.6485662220402403
1702.9779792000004,9.279904777010561,89.0,199.99941719426147,97.3788158592,782.322800416896,144.72,0.6634242956407957
1703.4799416,9.81989923601764,89.0,219.99935891368762,97.798810752,782.322800416896,,0.7237126668784325
1703.9786232000001,10.01989718379804,89.0,179.99947547483524,97.9888084416,782.322800416896,,0.6079584739881713
1704.4805855999998,9.4499030326239,89.0,209.99938805397454,97.73881148160001,782.322800416896,135.48,0.6918398061267652
1704.9792672,9.809899338628622,89.0,189.9994463345484,97.6888120896,782.322800416896,,0.6369241950743253
1705.4779488000001,10.089896465521182,89.0,189.9994463345484,97.85881002240002,782.322800416896,,0.6383380381303506
1705.9799112000003,9.33990416134468,89.0,199.99941719426147,97.8688099008,782.322800416896,144.72,0.6610060568172281
1706.4785928,9.279904777010561,89.0,179.99947547483524,97.948808928,782.322800416896,,0.601893394272963
1706.9805552,8.60991165194622,89.0,189.9994463345484,97.70881184640001,782.322800416896,146.26,0.6266292922502137
1707.4792368,9.489902622179981,89.0,169.99950461512225,97.93880904960001,782.322800416896,,0.5746613993837026
1707.9779184000004,10.089896465521182,89.0,169.99950461512225,97.89880953600002,782.322800416896,,0.5799540808350265
1708.4798808,10.329894002857658,89.0,169.99950461512225,97.7888108736,782.322800416896,133.94,0.5825464622870703
1708.9785624,10.2998943106906,89.0,159.9995337554091,97.0588197504,782.322800416896,,0.5566834018941492
1709.4805248000002,9.92989810729686,89.0,159.9995337554091,97.3088167104,782.322800416896,,0.5523384233453281
1709.9792064000003,10.53989184802708,89.0,159.9995337554091,97.73881148160001,782.322800416896,146.26,0.5554547445899153
1710.4778880000001,10.0998963629102,89.0,129.99962117626995,97.9088094144,782.322800416896,,0.4636840703555537
1710.9798504000003,10.47989246369296,89.0,139.99959203598303,97.348816224,782.322800416896,,0.498325944337947
1711.4785319999999,10.219895131578442,89.0,149.9995628956961,97.7188117248,782.322800416896,141.64,0.5237024140212955
1711.9804944,9.769899749072541,89.0,149.9995628956961,97.8088106304,782.322800416896,,0.519482229099458
1712.4791760000003,10.36989359241374,89.0,149.9995628956961,97.81881050880001,782.322800416896,147.8,0.5245283821592979
1712.9778575999999,10.50989215586002,89.0,149.9995628956961,97.548813792,782.322800416896,,0.5269244996566462
1713.47982,10.82988887230866,89.0,159.9995337554091,97.49881440000001,782.322800416896,,0.5590624330200444
1713.9785016,10.26989461852354,89.0,149.9995628956961,96.99882048,782.322800416896,141.64,0.5273702785980482
1714.4804640000002,11.039886717478081,89.0,169.99950461512225,96.5088264384,782.322800416896,,0.5951343556485406
1714.9791456,10.2998943106906,89.0,169.99950461512225,89.9389063296,782.322800416896,,0.6254870078435915
1715.4778272,10.66989051408434,89.0,189.9994463345484,91.9188822528,782.322800416896,140.1,0.6789771932290847
1715.9797895999998,10.179895542022361,89.0,169.99950461512225,91.5088872384,782.322800416896,,0.6152369694753813
1716.4784712,10.22989502896746,89.0,169.99950461512225,83.7289818432,782.322800416896,,0.6648019711604968
1716.9804336,10.139895952466281,89.0,159.9995337554091,83.0089905984,782.322800416896,141.64,0.634756613849926
1717.4791152000003,10.98988723053298,89.0,169.99950461512225,90.7688962368,782.322800416896,,0.6264210729990204
1717.9777967999999,10.569891540194138,89.0,149.9995628956961,88.7889203136,782.322800416896,144.72,0.5706219783895802
1718.4797592,10.10989626029922,89.0,159.9995337554091,84.46897284479999,782.322800416896,,0.6250178241908612
1718.9784408,10.0998963629102,89.0,159.9995337554091,86.2789508352,782.322800416896,,0.6136207273979963
1719.4804032000002,9.99989738902,89.0,139.99959203598303,87.4289368512,782.322800416896,140.1,0.540705523855791
1719.9790848,10.11989615768824,89.0,139.99959203598303,88.11892846079999,782.322800416896,,0.5381541984344204
1720.4777664,10.4498927715259,89.0,159.9995337554091,86.5889470656,782.322800416896,,0.6147003297403076
1720.9797288000002,10.02989708118706,89.0,139.99959203598303,85.24896336,782.322800416896,146.26,0.5526172227702173
1721.4784104000003,9.979897594241962,89.0,129.99962117626995,83.7089820864,782.322800416896,,0.5267854516757715
1721.9803728,10.22989502896746,89.0,109.99967945684381,82.8689923008,782.322800416896,143.18,0.4646818145485427
1722.4790544000002,10.22989502896746,89.0,119.99965031655681,83.3089869504,782.322800416896,,0.4968576784101875
1722.977736,9.569901801292142,89.0,99.99970859713073,87.04894147200001,782.322800416896,,0.4082330714137976
1723.4796984,10.039896978576081,89.0,109.99967945684381,84.89896761600001,782.322800416896,135.48,0.4540343453484136
1723.9783800000002,10.38989338719178,89.0,109.99967945684381,84.1289769792,782.322800416896,,0.4603798568853868
1724.4803424000002,10.1998953368004,89.0,129.99962117626995,86.2589510784,782.322800416896,144.72,0.5155825472938419
1724.979024,10.10989626029922,89.0,109.99967945684381,84.7589693184,782.322800416896,147.8,0.4552375056851563
1725.4777056,9.95989779946392,89.0,119.99965031655681,88.38892517760002,782.322800416896,,0.47099963695327884
1725.9796680000002,9.769899749072541,89.0,119.99965031655681,85.51896007680001,782.322800416896,,0.48235801571333353
1726.4783496,9.33990416134468,89.0,119.99965031655681,86.0689533888,782.322800416896,137.02,0.47615699200586914
1726.9803120000001,10.71989000102944,89.0,119.99965031655681,88.448924448,782.322800416896,,0.47718578730432915
1727.4789935999997,9.33990416134468,89.0,119.99965031655681,81.8590045824,782.322800416896,,0.49656980611885115
1727.9776752,10.10989626029922,89.0,119.99965031655681,86.3189503488,782.322800416896,,0.48154063368289146
1728.4796376,10.219895131578442,89.0,119.99965031655681,79.5590325504,782.322800416896,144.72,0.5161006882505702
1728.9783192000002,10.57989143758316,89.0,129.99962117626995,80.95901552640001,782.322800416896,,0.5468935167287482
1729.4802816,10.289894413301582,89.0,139.99959203598303,81.83900482560001,782.322800416896,,0.5743030741191376
1729.9789632,10.159895747244322,89.0,149.9995628956961,80.99901504,782.322800416896,146.26,0.6133965755258459
1730.4776448000002,10.009897286409021,89.0,129.99962117626995,86.6089468224,782.322800416896,,0.5122366734867116
1730.9796072000001,9.679900672571362,89.0,129.99962117626995,82.6389950976,782.322800416896,,0.5299643616082755
1731.4782888,9.77989964646156,89.0,119.99965031655681,90.40890061440001,782.322800416896,,0.4608371280812139
1731.9802512,9.809899338628622,89.0,109.99967945684381,91.07889246720002,782.322800416896,143.18,0.4270556049025205
1732.4789328000002,8.43991339633288,89.0,119.99965031655681,89.57891070720001,782.322800416896,,0.4529687312157055
1732.9776144000002,10.139895952466281,89.0,119.99965031655681,93.3788644992,782.322800416896,,0.4518736476686349
1733.4795768000001,8.51991257544504,89.0,109.99967945684381,90.07890462720002,782.322800416896,141.64,0.41992726129893193
1733.9782584000002,10.499892258471,89.0,109.99967945684381,93.48886316160001,782.322800416896,,0.4240469282169312
1734.4802207999999,9.57990169868116,89.0,99.99970859713073,88.2389270016,782.322800416896,,0.4039075402781876
1734.9789024,9.979897594241962,89.0,99.99970859713073,85.6889580096,782.322800416896,,0.41690220115169035
1735.4775840000002,9.95989779946392,89.0,89.99973773741759,90.17890341120001,782.322800416896,146.26,0.36862281038240124
1735.9795464000001,10.66989051408434,89.0,89.99973773741759,87.20893952640002,782.322800416896,,0.3843226753934588
1736.478228,10.40989318196982,89.0,79.99976687770452,91.8788827392,782.322800416896,,0.33619974765458266
1736.9801904,9.4499030326239,89.0,79.99976687770452,87.2889385536,782.322800416896,141.64,0.34108856880971805
1737.4788720000001,9.47990272479096,89.0,69.99979601799159,84.0089784384,782.322800416896,,0.31764283921754943
1737.9775536,9.78989954385058,89.0,89.99973773741759,87.01894183680001,782.322800416896,,0.3774976573529706
1738.479516,9.63990108301528,89.0,79.99976687770452,86.148952416,782.322800416896,144.72,0.3461531860893931
1738.9781976000002,9.329904263955662,89.0,59.99982515827836,84.3189746688,782.322800416896,,0.28173571743644105
1739.4801600000003,10.26989461852354,89.0,79.99976687770452,93.97885720320001,782.322800416896,,0.32947309464938745
1739.9788416,9.90989831251882,89.0,69.99979601799159,88.3089261504,782.322800416896,,0.309741056136088
1740.4775232000002,10.43989287413688,89.0,79.99976687770452,87.78893247360001,782.322800416896,147.8,0.3480023817235241
1740.9794855999999,9.81989923601764,89.0,89.99973773741759,85.5689594688,782.322800416896,,0.38274142036185727
1741.4781672,10.02989708118706,89.0,89.99973773741759,81.3190111488,782.322800416896,,0.40017179971677874
1741.9801296,9.259904982232522,89.0,79.99976687770452,81.5590082304,782.322800416896,143.18,0.3578066353473619
1742.4788112,10.2998943106906,89.0,79.99976687770452,92.35887690240001,782.322800416896,,0.33397821901881436
1742.9774928,9.88989851774078,89.0,69.99979601799159,92.35887690240001,782.322800416896,,0.2996762143519119
1743.4794552,9.1499061109533,89.0,79.99976687770452,87.148940256,782.322800416896,143.18,0.33896230688606294
1743.9781368000001,9.329904263955662,89.0,79.99976687770452,90.35890122240001,782.322800416896,,0.33120598361336545
1744.4800992000003,9.5499020065141,89.0,89.99973773741759,94.7788474752,782.322800416896,,0.35135498946883104
1744.9787808,9.1999055978984,89.0,89.99973773741759,93.4688634048,782.322800416896,144.72,0.3521740451548623
1745.4774624000001,10.10989626029922,89.0,89.99973773741759,95.2888412736,782.322800416896,,0.35465957779624013
1745.9794248000003,9.489902622179981,89.0,89.99973773741759,95.2288420032,782.322800416896,,0.34956850891978913
1746.4781064000003,9.849898928184702,89.0,79.99976687770452,93.8888582976,782.322800416896,141.64,0.3261418408189746
1746.9800688,9.489902622179981,89.0,89.99973773741759,96.1688305728,782.322800416896,,0.34693872512534324
1747.4787504000003,9.829899133406661,89.0,79.99976687770452,95.3888400576,782.322800416896,149.34,0.32215778394574446
1747.977432,9.95989779946392,89.0,79.99976687770452,96.1688305728,782.322800416896,,0.321324342129442
1748.4793944,9.489902622179981,89.0,89.99973773741759,94.098855744,782.322800416896,,0.3527993874271308
1748.978076,10.279894515912561,89.0,89.99973773741759,95.598837504,782.322800416896,147.8,0.35523007606945844
1749.4800384000002,9.42990323784586,89.0,89.99973773741759,95.99883264,782.322800416896,,0.34690143114439137
1749.97872,9.289904674399581,89.0,89.99973773741759,95.57883774720001,782.322800416896,,0.34688636156062014
1750.4774016000001,9.07990682923016,89.0,99.99970859713073,96.4088276544,782.322800416896,140.1,0.37232527969397183
1750.9793640000003,9.98989749163098,89.0,99.99970859713073,95.3688403008,782.322800416896,,0.38326635280498705
1751.4780456,9.95989779946392,89.0,99.99970859713073,93.9088580544,782.322800416896,,0.38765260782090344
1751.980008,9.95989779946392,89.0,89.99973773741759,94.2188542848,782.322800416896,146.26,0.356440388764396
1752.4786895999998,9.43990313523488,89.0,69.99979601799159,91.17889125120001,782.322800416896,,0.2986504099723936
1752.9773711999999,9.01990744489604,89.0,69.99979601799159,91.44888796800001,782.322800416896,,0.2944415904710212
1753.4793336,9.42990323784586,89.0,89.99973773741759,93.56886218880001,782.322800416896,141.64,0.35383256047587347
1753.9780152,9.1999055978984,89.0,79.99976687770452,94.97884504320001,782.322800416896,,0.31784308788833415
1754.4799776,9.279904777010561,89.0,69.99979601799159,96.57882558720001,782.322800416896,,0.28507295495842155
1754.9786592,9.38990364828978,89.0,79.99976687770452,98.22880552320001,782.322800416896,129.32,0.31152175568215235
1755.4773408,9.05990703445212,89.0,49.99985429856537,99.5387895936,782.322800416896,,0.2198706564479729
1755.9793032000002,8.98990775272898,89.0,59.99982515827836,102.54875299200002,782.322800416896,,0.24283997613897623
1756.4779848,9.329904263955662,89.0,69.99979601799159,100.6587759744,782.322800416896,,0.27713389698811
1756.9799472,9.499902519569002,89.0,69.99979601799159,100.20878144640001,782.322800416896,140.1,0.27946529395944736
1757.4786288000003,9.37990375090076,89.0,59.99982515827836,100.76877463680002,782.322800416896,,0.24909115385252587
1757.9773104000003,9.039907239674081,89.0,39.99988343885222,101.6287641792,782.322800416896,143.18,0.1887483930705725
1758.4792728,10.18989543941138,89.0,39.99988343885222,102.38875493760001,782.322800416896,,0.1976740487270204
1758.9779544000003,9.40990344306782,89.0,39.99988343885222,101.29876819200001,782.322800416896,,0.19225272107808664
1759.4799168,9.979897594241962,89.0,39.99988343885222,100.0687831488,782.322800416896,132.4,0.1984706700422652
1760.9792424000002,5.55994294829512,128.51,2469.9928023491307,102.87874897920001,782.322800416896,147.8,9.91623931906174
1761.477924,5.31994541095864,128.74,2609.9923943851168,102.5687527488,782.322800416896,,10.523822009784482
1761.9798864000002,5.499943563961,128.49,2999.9912579139223,102.84874934400001,782.322800416896,,12.035014135535159
1762.4785680000002,6.10993730469122,128.49,2709.992102982247,102.7787501952,782.322800416896,149.34,10.88869165888502
1762.9772496,5.62994223001826,128.37,2749.991986421095,102.8287495872,782.322800416896,,11.028960269922923
1763.479212,6.3999343289728,128.71,2689.9921612628195,102.698751168,782.322800416896,,10.83798692515702
1763.9778935999998,5.2499461292355,128.34,2589.992452665689,102.7887500736,782.322800416896,127.78,10.388437105101039
1764.4798560000002,5.65994192218532,128.2,2669.992219543392,102.6687515328,782.322800416896,,10.71223580433231
1764.9785376,5.589942640462181,128.51,2609.9923943851168,102.8087498304,782.322800416896,129.32,10.482974434955134
1765.4772192000003,6.12993709946926,128.29,2379.99306461171,102.84874934400001,782.322800416896,,9.54796352775694
1765.9791816,5.579942743073161,128.17,2599.992423525399,102.64875177600001,782.322800416896,144.72,10.431563665734641
1766.4778632,5.339945205736681,128.46,2579.9924818059712,102.76875031680001,782.322800416896,,10.360904400091531
1766.9798256000001,5.5499430509061005,128.26,2689.9921612628195,102.698751168,782.322800416896,,10.793072716469561
1767.4785072000002,4.899949720619801,128.51,2409.992977190855,102.85874922240001,782.322800416896,133.94,9.672777408094447
1767.9771888,5.17994684751236,128.4,2679.992190403102,102.74875056,782.322800416896,,10.75645605981842
1768.4791512,4.85995013106372,128.54,2559.9925400865513,102.698751168,782.322800416896,,10.290221188466733
1768.9778328000002,4.8299504388966605,128.37,2399.9930063311376,102.8287495872,782.322800416896,137.02,9.624566335507124
1769.4797952000004,5.23994623184648,129.0,2349.993152032572,102.7887500736,782.322800416896,,9.478110012027205
1769.9784768,4.76995105456254,128.42,2529.9926275074063,102.6887512896,782.322800416896,138.56,10.16088176903496
1770.4771584000002,4.35995526161272,128.57,2299.993297734007,102.84874934400001,782.322800416896,,9.233782813047558
1770.9791208,3.4899641887679804,128.43,2379.99306461171,102.7887500736,782.322800416896,,9.541475767912843
1771.4778024,5.1499471553453,128.8,2439.992889769993,102.698751168,782.322800416896,137.02,9.83201956200569
1771.9797648,4.02995864777506,128.69,2369.993093752,102.8187497088,782.322800416896,,9.522497804275341
1772.4784464000002,4.68995187545038,128.49,2069.9939679606077,102.54875299200002,782.322800416896,144.72,8.335952319367756
1772.977128,4.9499492075649005,128.71,2229.9935017160137,102.8687491008,782.322800416896,,8.966860551141245
1773.4790904000001,4.90994961800882,128.14,2469.9928023491307,102.8687491008,782.322800416896,,9.883266361578485
1773.9777720000002,4.53995341461508,128.2,2339.993181172862,102.5587528704,782.322800416896,153.96,9.394708402967531
1774.4797344000003,4.5899529015601805,128.69,2469.9928023491307,102.8687491008,782.322800416896,,9.922793228341158
1774.978416,4.849950233674701,128.51,2589.992452665689,102.87874897920001,782.322800416896,,10.389683954789614
1775.4770976000002,4.32995556944566,128.0,2169.9936765577386,102.6587516544,782.322800416896,,8.691229265941587
1775.9790600000003,5.1499471553453,128.71,2579.9924818059712,102.76875031680001,782.322800416896,147.8,10.379367821161985
1776.4777416,4.749951259784501,128.29,2389.9930354714274,102.73875068160001,782.322800416896,,9.586363374898342
1776.979704,3.5399636757130803,128.43,2349.993152032572,102.8087498304,782.322800416896,,9.42017549674606
1777.4783856,4.459954235502921,128.09,2529.9926275074063,102.72875080320001,782.322800416896,137.02,10.128314721548646
1777.9770672,2.71997208981344,128.49,2409.992977190855,102.7787501952,782.322800416896,,9.660277378048258
1778.4790296,4.81995054150764,128.51,2849.991695018226,102.6887512896,782.322800416896,,11.449347596080067
1778.9777112000002,4.61995259372724,128.29,2389.9930354714274,102.73875068160001,782.322800416896,143.18,9.585260371533831
1779.4796735999998,5.03994828406608,128.66,2509.992685787978,102.898748736,782.322800416896,,10.081404653182357
1779.9783552000001,5.03994828406608,128.77,2579.9924818059712,102.6687515328,782.322800416896,,10.393324210204561
1780.4770368000002,4.76995105456254,128.8,2749.991986421095,102.8187497088,782.322800416896,147.8,11.059518670809732
1780.9789992000003,4.67995197806136,128.77,2939.991432755646,102.8187497088,782.322800416896,,11.817327149594592
1781.4776808,4.0999579294982,128.44,2559.9925400865513,101.26876855680001,782.322800416896,140.1,10.420409410523105
1781.9796432,4.0499584425531,128.31,2249.9934434354413,98.96879652480001,782.322800416896,,9.365026317294088
1782.4783248,4.87994992584176,128.76,2409.992977190855,98.44880284800001,782.322800416896,,10.12360638034649
1782.9770064000004,5.31994541095864,128.19,2439.992889769993,98.6188007808,782.322800416896,150.88,10.190138286630804
1783.4789688,5.93993904907788,132.36,2529.9926275074063,108.4086817344,833.978267590056,,9.93094627778132
1783.9776504000001,6.9399287879798806,136.64,2139.993763978601,131.1884047296,852.380215237416,,7.188463797391803
1784.4796127999998,6.7499307375885005,137.0,2409.992977190855,131.42840181120002,852.380215237416,144.72,8.092831866549506
1784.9782944,6.00993833080102,136.39,2299.993297734007,131.48840108160002,852.380215237416,,7.68215543772071
1785.4769760000001,5.55994294829512,136.74,2349.993152032572,131.52840059520003,852.380215237416,,7.861863498424902
1785.9789384000003,6.2499358681375,136.67,2219.9935308563036,131.5584002304,852.380215237416,152.42,7.429954202552759
1786.4776200000001,6.2499358681375,136.32,2629.9923361045367,131.3584026624,852.380215237416,,8.78325048799453
1786.9795824,5.089947771011181,136.3,2589.992452665689,131.3784024192,852.380215237416,149.34,8.638059310222541
1787.4782640000003,7.3499245809297005,136.57,2799.9918407196606,131.4084020544,852.380215237416,,9.370396969381796
1787.9769456,7.149926633149301,136.0,2619.992365244827,131.5384004736,852.380215237416,,8.725403232451466
1788.478908,7.2999250939846005,136.7,3339.9902671441696,131.5584002304,852.380215237416,137.02,11.16299128837294
1788.9775895999999,6.759930634977521,136.96,3289.9904128456037,131.5084008384,852.380215237416,,11.017189334976843
1789.4795520000002,6.8499297114787,136.81,2719.9920738419573,131.3884022976,852.380215237416,153.96,9.117479622030935
1789.9782336,6.9899282749249805,136.33,2689.9921612628195,131.4084020544,852.380215237416,144.72,8.98595492508005
1790.4769152000001,6.22993607335946,136.64,2659.9922486836817,131.48840108160002,852.380215237416,153.96,8.894642072398513
1790.9788775999998,6.769930532366541,136.7,2719.9920738419573,131.2584038784,852.380215237416,,9.11848199270832
1791.4775592,6.779930429755561,136.36,3009.9912287736392,131.67839877120002,852.380215237416,,10.02779188179036
1791.9795216,6.71993104542144,136.63,2709.992102982247,131.448401568,852.380215237416,144.72,9.067080133496663
1792.4782032000003,6.3499348420277,136.33,2739.992015561385,131.46840132480003,852.380215237416,,9.14229791874346
1792.9768848,6.499933302863,136.89,2529.9926275074063,131.48840108160002,852.380215237416,,8.48020225991773
1793.4788472,6.959928582757921,136.3,2559.9925400865513,131.52840059520003,852.380215237416,147.8,8.544682815296248
1793.9775288000003,6.13993699685828,136.29,2709.992102982247,131.52840059520003,852.380215237416,,9.034271226642778
1794.4794912000002,6.2999353550826,136.67,2299.993297734007,131.3784024192,852.380215237416,,7.706684705252351
1794.9781728,5.689941614352381,136.67,2539.9925983671237,131.33840290560002,852.380215237416,144.72,8.502681170639766
1795.4768544,6.5999322767532,136.54,2669.992219543392,131.48840108160002,852.380215237416,,8.924525988181983
1795.9788167999998,6.789930327144581,136.74,2409.992977190855,131.5584002304,852.380215237416,,8.069996075223642
1796.4774984,6.45993371330692,136.63,2559.9925400865513,131.5584002304,852.380215237416,143.18,8.559045619039145
1796.9794608000002,5.65994192218532,137.0,2599.992423525399,131.52840059520003,852.380215237416,,8.710501585032647
1797.4781424000003,6.3499348420277,136.44,2599.992423525399,131.52840059520003,852.380215237416,,8.68094731620171
1797.976824,5.3099455135696205,136.64,2599.992423525399,131.5084008384,852.380215237416,158.57,8.686083168620986
1798.4787864,6.36993463680574,136.7,2549.9925692268334,131.1884047296,852.380215237416,,8.553305668021277
1798.9774680000003,6.169936689025341,136.67,2349.993152032572,131.52840059520003,852.380215237416,,7.863038630675459
1799.4794304000002,6.2999353550826,136.68,2559.9925400865513,131.5084008384,852.380215237416,144.72,8.564034703551386
1799.978112,5.5499430509061005,136.67,2419.9929480505652,131.52840059520003,852.380215237416,,8.090436956318415
1800.4767935999998,6.00993833080102,136.33,2589.992452665689,131.57839998720002,852.380215237416,,8.634689957842198
1800.9787560000002,6.3899344315837805,136.57,2309.993268593724,131.52840059520003,852.380215237416,152.42,7.726339642305685
1801.4774376,6.1499368942473005,136.3,2239.993472575731,131.52840059520003,852.380215237416,,7.477106541860141
1801.9794000000002,6.53993289241908,136.64,2499.992714928268,131.20840448639998,852.380215237416,,8.383169044018672
1802.4780815999998,5.7899405882425805,136.48,2559.9925400865513,131.48840108160002,852.380215237416,155.49,8.548546831274711
1802.9767632,5.73994110129748,136.33,2509.992685787978,131.48840108160002,852.380215237416,,8.372959345064507
1803.4787256,5.449944077015901,136.64,2809.9918115793785,131.448401568,852.380215237416,,9.389463085032967
1803.9774072000002,5.8999394595218,136.56,2379.99306461171,131.6383992576,852.380215237416,,7.947487235093024
1804.4793696,5.73994110129748,136.79,2229.9935017160137,131.5584002304,852.380215237416,153.96,7.465362746784035
1804.9780512,4.489953927669981,136.81,2329.9932103131446,131.4084020544,852.380215237416,,7.797322441699081
1805.4767328000003,5.9599388438559195,136.33,2409.992977190855,131.3884022976,852.380215237416,,8.04926536271092
1805.9786952000002,6.61993207153124,136.46,2399.9930063311376,131.4084020544,852.380215237416,149.34,8.028057799716418
1806.4773768,5.779940690853561,136.67,2329.9932103131446,131.5384004736,852.380215237416,,7.79266694223897
1806.9793392000001,5.2999456161806,136.44,2739.992015561385,131.448401568,852.380215237416,,9.142106090858544
1807.4780208,5.87993966474376,136.29,2559.9925400865513,131.46840132480003,852.380215237416,,8.538769202263417
1807.9767024,5.5499430509061005,136.26,2319.9932394534344,131.6583990144,852.380215237416,133.94,7.727343954225607
1808.4786648000002,5.21994643706844,136.11,2609.9923943851168,131.5584002304,852.380215237416,,8.681624586920744
1808.9773464000002,5.519943358739041,136.7,2229.9935017160137,131.3784024192,852.380215237416,,7.468771057322929
1809.4793088,5.579942743073161,136.22,2449.992860629703,131.3784024192,852.380215237416,146.26,8.172857088482916
1809.9779904,4.8299504388966605,136.71,2519.992656647696,131.448401568,852.380215237416,,8.424248026318125
1810.4766720000002,5.449944077015901,136.56,1889.994492485774,131.33840290560002,852.380215237416,,6.332053122412282
1810.9786344000001,6.05993781774612,136.71,2329.9932103131446,131.3884022976,852.380215237416,,7.806152029104755
1811.477316,5.779940690853561,136.0,2499.992714928268,131.7283981632,852.380215237416,160.11,8.304995914331768
1811.9792784,6.21993617597044,136.59,2309.993268593724,131.448401568,852.380215237416,,7.73069070794858
1812.4779600000002,6.859929608867721,136.61,2429.992918910275,131.46840132480003,852.380215237416,,8.134927433481675
1813.4786040000001,5.399944590070801,97.0,589.9982807230712,128.9284322112,852.380215237416,,1.4656682821004465
1813.9772855999997,8.67991093366936,97.0,559.9983681439321,98.8687977408,852.380215237416,,1.831037300328278
1814.4792479999999,9.88989851774078,97.0,589.9982807230712,111.89863929600001,852.380215237416,,1.7198507044397342
1814.9779296000002,11.279884254814561,97.0,589.9982807230712,137.7383250816,852.380215237416,152.42,1.4247427466506415
1815.4766112000002,10.43989287413688,97.0,599.9982515827844,138.3183180288,852.380215237416,,1.4344743453356787
1815.9785736,11.419882818260842,97.0,609.9982224424975,144.5182426368,852.380215237416,,1.4065188039610843
1816.4772552,13.98985644723898,97.0,599.9982515827844,149.5081819584,852.380215237416,,1.3638620174205907
1816.9792176,12.08987594332518,97.0,619.9981933022106,123.1385026176,852.380215237416,144.72,1.6647818902890639
1817.4778992000001,12.40987265977382,97.0,599.9982515827844,130.5884120256,852.380215237416,,1.5308564900970028
1817.9765808,10.9498876409769,97.0,599.9982515827844,126.03846735360001,852.380215237416,,1.5699312077130017
1818.4785432,11.8498784059887,97.0,579.9983098633583,130.62841153920002,852.380215237416,127.78,1.4781643861722702
1818.9772248000002,11.989876969434981,97.0,579.9983098633583,130.5784121472,852.380215237416,,1.4798797368635028
1819.4791872000003,11.75987932948752,97.0,569.9983390036452,130.5584123904,852.380215237416,,1.454374555252807
1819.9778688000001,12.42987245455186,97.0,579.9983098633583,130.5584123904,852.380215237416,,1.4838240925141954
1820.4765504000002,11.579881176485161,97.0,599.9982515827844,130.948407648,852.380215237416,144.72,1.5198951668033855
1820.9785127999999,12.379872967606758,97.0,619.9981933022106,130.6684110528,852.380215237416,,1.5772188240440406
1821.4771944000001,11.70987984254242,97.0,629.9981641619237,130.5784121472,852.380215237416,,1.5963099759376658
1821.9791568,12.0498763537691,97.0,619.9981933022106,130.9084081344,852.380215237416,149.34,1.5717199163998328
1822.4778384000003,12.499871736275,97.0,589.9982807230712,130.8284091072,852.380215237416,,1.5052892143208698
1822.97652,13.65985983340132,97.0,589.9982807230712,130.20841664640002,852.380215237416,,1.5217938921836796
1823.4784824,12.949867118780901,97.0,589.9982807230712,121.01852839680001,852.380215237416,,1.6225303574045402
1823.9771640000001,12.589870812776182,97.0,569.9983390036452,122.49851040000001,852.380215237416,141.64,1.5505436409905373
1824.4791264000003,12.799868657945602,97.0,579.9983098633583,124.4684864448,852.380215237416,,1.5544030531474797
1824.977808,12.349873275439702,97.0,589.9982807230712,124.048491552,852.380215237416,,1.5804920322450922
1825.4764896,12.499871736275,97.0,619.9981933022106,119.21855028480002,852.380215237416,150.88,1.7196264219561612
1825.9784520000003,11.58988107387418,97.0,629.9981641619237,120.49853472000001,852.380215237416,,1.7205142642416418
1826.4771336000001,12.0498763537691,97.0,639.9981350216366,129.6184238208,852.380215237416,,1.6342187666733103
1826.979096,12.249874301549502,97.0,609.9982224424975,130.6684110528,852.380215237416,,1.552370998660537
1827.4777775999999,12.1498753276593,97.0,589.9982807230712,130.5184128768,852.380215237416,153.96,1.5056429247809267
1827.9764592,12.0498763537691,97.0,569.9983390036452,130.53841263360002,852.380215237416,,1.4570426383998099
1828.4784216,13.089865682227181,97.0,589.9982807230712,130.348414944,852.380215237416,,1.515447672615952
1828.9771032000003,12.88986773444678,97.0,559.9983681439321,128.5884363456,852.380215237416,152.42,1.4605857055947467
1829.4790656,12.50987163366402,97.0,569.9983390036452,124.6184846208,852.380215237416,,1.5253046814706226
1829.9777472,13.019866400504041,97.0,599.9982515827844,128.1784413312,852.380215237416,,1.5628350908562538
1830.4764288000001,13.62986014123426,97.0,609.9982224424975,116.19858700799999,852.380215237416,153.96,1.7444484959606197
1830.9783912000003,12.38987286499578,97.0,619.9981933022106,109.1886722496,852.380215237416,,1.8669126472129316
1831.4770728,12.039876456380082,97.0,619.9981933022106,105.85871274240002,852.380215237416,,1.9193629533069476
1831.9790352,11.90987779032282,97.0,599.9982515827844,106.40870605440001,852.380215237416,,1.8505507485863384
1832.4777167999998,11.969877174656942,97.0,589.9982807230712,109.1586726144,852.380215237416,163.19,1.7785620509649147
1832.9763984,12.779868863167561,97.0,579.9983098633583,110.0386619136,852.380215237416,,1.7438270433158178
1833.4783608,12.68986978666638,97.0,599.9982515827844,106.14870921600001,852.380215237416,,1.861453928024368
1833.9770424000003,12.339873378050681,97.0,609.9982224424975,105.7587139584,852.380215237416,158.57,1.8942890651838022
1834.4790048,12.47987194149696,97.0,619.9981933022106,106.9886990016,852.380215237416,,1.903903327944436
1834.9776864,12.399872762384799,97.0,609.9982224424975,104.1687332928,852.380215237416,,1.922113549834531
1835.4763680000003,12.579870915387161,97.0,609.9982224424975,106.06871018880001,852.380215237416,164.73,1.8910951305392911
1835.9783304000002,13.369862809119741,97.0,579.9983098633583,104.348731104,852.380215237416,,1.8380077591995445
1836.477012,12.78986876055658,97.0,409.99880524823595,104.29873171200002,852.380215237416,,1.3281942245091414
1836.9789744000002,12.56987101799814,97.0,69.99979601799159,106.9886990016,852.380215237416,,0.3096536348143578
1837.4776560000003,12.91986742661384,97.0,79.99976687770452,116.93857800960001,852.380215237416,164.73,0.32188329890882766
1837.9763376,12.999866605726,97.0,79.99976687770452,112.1386363776,852.380215237416,,0.3316476446887798
1838.4783,12.62987040233226,97.0,79.99976687770452,109.94866300800001,852.380215237416,,0.3329171551153315
1838.9769815999998,12.589870812776182,97.0,59.99982515827836,111.5586434304,852.380215237416,166.27,0.2736952025474058
1839.478944,12.45987214671892,97.0,49.99985429856537,114.04861315200002,852.380215237416,,0.2417438775689583
1839.9776256,12.23987440416048,97.0,59.99982515827836,108.45868112640001,852.380215237416,,0.2754951527305932
1840.4763072000003,12.779868863167561,97.0,69.99979601799159,106.7887014336,852.380215237416,153.96,0.3118155980635081
1840.9782696,12.539871325831081,97.17,49.99985429856537,102.6087522624,852.380215237416,,0.25785309183916155
1841.4769512,13.1998645535064,97.0,549.998397284219,115.42859637120002,852.380215237416,,1.5903865406913351
1841.9789136000002,12.88986773444678,97.0,739.9978436187703,117.098576064,852.380215237416,,2.07010533588978
1842.4775952000002,12.6998696840554,97.0,749.9978144784806,117.7585680384,852.380215237416,166.27,2.0838520228047375
1842.9762768,12.41987255716284,97.0,749.9978144784806,120.2785373952,852.380215237416,,2.0400748879460506
1843.4782392000002,12.88986773444678,97.0,749.9978144784806,121.548521952,852.380215237416,,2.0238482434489677
1843.9769207999998,12.829868350112662,97.0,739.9978436187703,121.88851781759999,852.380215237416,169.35,1.9925436976895592
1844.4788832000004,12.66986999188834,97.0,719.9979018993413,118.60855770239999,852.380215237416,,1.9909586656206597
1844.9775648,13.059865990060121,97.0,699.9979601799151,119.94854140800001,852.380215237416,,1.9214931375241269
1845.4762464000003,13.109865477005222,97.0,729.9978727590543,111.32864622720001,852.380215237416,,2.145723184448195
1845.9782088,12.469872044107941,97.0,749.9978144784806,106.7387020416,852.380215237416,170.89,2.285915824262909
1846.4768904,12.17987501982636,97.0,749.9978144784806,108.9686749248,852.380215237416,,2.2388407005650617
1846.9788528000001,13.089865682227181,97.0,769.9977561979081,108.898675776,852.380215237416,,2.304917616038957
1847.4775344000002,13.2498640404515,97.0,739.9978436187703,104.6887269696,852.380215237416,161.65,2.3055866137644108
1847.976216,12.339873378050681,97.0,729.9978727590543,100.7787745152,852.380215237416,,2.3521674329815916
1848.4781784000002,13.2498640404515,97.0,719.9979018993413,108.12868513920002,852.380215237416,,2.178425235895975
1848.9768600000002,13.979856549849961,97.0,719.9979018993413,101.98875980160001,852.380215237416,155.49,2.3089965410140714
1849.4788224000004,13.98985644723898,97.0,739.9978436187703,101.79876211200002,852.380215237416,,2.3741270084985113
1849.9775040000002,14.62984988013626,97.0,759.9977853381906,103.47874168320001,852.380215237416,,2.402908112738666
1850.4761855999998,14.72984885402646,97.0,749.9978144784806,105.80871335040001,852.380215237416,,2.324252860837345
1850.978148,13.739859012513481,97.0,739.9978436187703,102.24875664000001,852.380215237416,164.73,2.3620797641260305
1851.4768296,14.539850803635082,97.0,719.9979018993413,107.93868744960001,852.380215237416,,2.193007079700919
1851.978792,14.519851008857042,97.0,729.9978727590543,95.49883872000001,852.380215237416,,2.4949218100770976
1852.4774736,14.829847827916662,97.0,739.9978436187703,102.948748128,852.380215237416,155.49,2.3560599264060533
1852.9761552,14.439851829744882,97.0,749.9978144784806,90.2389026816,852.380215237416,,2.7012548332558106
1853.4781176000001,14.66984946969234,97.0,749.9978144784806,88.53892335360001,852.380215237416,,2.7527189757271047
1853.9767992000002,14.42985193235586,97.0,719.9979018993413,86.63894645760001,852.380215237416,,2.7008842542544147
1854.4787615999999,13.189864656117381,97.0,729.9978727590543,79.9190281728,852.380215237416,144.72,2.9459930014395304
1854.9774432000002,14.02985603679506,97.0,709.9979310396282,93.31886522880001,852.380215237416,,2.4796722689770774
1855.4761248000002,14.199854292408402,97.0,749.9978144784806,99.19879372800001,852.380215237416,,2.466300373627232
1855.9780872000003,12.1998748146044,97.0,739.9978436187703,106.31870714880002,852.380215237416,155.49,2.2630541593530396
1856.4767688,14.049855831573101,97.0,729.9978727590543,103.5287410752,852.380215237416,,2.30697816761996
1856.9787312,14.279853471520562,97.0,709.9979310396282,95.7888351936,852.380215237416,,2.4209231620683096
1857.4774128,14.279853471520562,97.0,689.997989320202,92.9588696064,852.380215237416,144.72,2.424181079941946
1857.9760944,14.059855728962122,97.0,719.9979018993413,90.54889891200001,852.380215237416,,2.5864059757061986
1858.4780568,13.72985911512446,97.0,749.9978144784806,93.2088665664,852.380215237416,,2.6130630763143077
1858.9767384000002,13.78985849945858,97.0,749.9978144784806,98.01880807680001,852.380215237416,138.05,2.4910614767871078
1859.4787007999998,12.80986855533462,97.0,739.9978436187703,113.29862227200002,852.380215237416,144.72,2.1351883084359913
1859.9773824000001,14.169854600241338,97.0,729.9978727590543,119.17855077120001,852.380215237416,,2.0207116779012506
1860.4760640000002,14.439851829744882,97.0,699.9979601799151,98.5388017536,852.380215237416,144.72,2.3266131308285427
1860.9780264000003,13.23986414306248,97.0,719.9979018993413,97.07881950720001,852.380215237416,,2.4135004772189004
1861.4767080000001,14.50985111146802,97.0,729.9978727590543,118.3085613504,852.380215237416,149.34,2.037571786425277
1861.9786704,13.65985983340132,97.0,739.9978436187703,104.36873086080001,852.380215237416,,2.3157895941330855
1862.4773520000003,13.209864450895422,97.0,749.9978144784806,112.67862981120001,852.380215237416,,2.177268408522163
1862.9760336,13.27986373261856,97.0,739.9978436187703,118.92855381120002,852.380215237416,141.64,2.0432440684481277
1863.477996,14.7998481357496,97.0,709.9979310396282,125.67847173120002,852.380215237416,,1.8783913446018248
1863.9766776,13.759858807291522,97.0,429.9987469676622,107.77868939519999,852.380215237416,137.02,1.3546188012088003
1864.47864,13.679859628179361,97.0,399.99883438852294,114.5286073152,852.380215237416,,1.1997111719045244
1864.9773216,12.639870299721279,97.0,439.99871782737523,130.9284078912,852.380215237416,138.56,1.1499433321941441
1865.4760032000002,11.6998799451534,97.0,429.9987469676622,130.8884083776,852.380215237416,,1.1185815061716766
1865.9779655999998,13.369862809119741,97.0,429.9987469676622,130.8684086208,852.380215237416,153.96,1.1329066317015553
1866.4766472000001,15.199844031310402,97.0,449.9986886870883,124.0184919168,852.380215237416,,1.2547778292459215
1866.9786096,14.919846904417842,97.0,459.9986595468013,109.08867346560001,852.380215237416,158.57,1.4349220520826698
1867.4772912000003,14.849847622694702,97.0,469.99863040651434,105.62871553920002,852.380215237416,,1.5065572463879926
1867.9759728000001,15.139844646976279,97.0,439.99871782737523,97.95880880640001,852.380215237416,,1.5220913938485925
1868.4779352,15.099845057420202,97.0,439.99871782737523,100.0287836352,852.380215237416,170.89,1.492912437819737
1868.9766167999999,14.939846699195881,97.0,419.9987761079491,98.348804064,852.380215237416,,1.4517723098534716
1869.4785792000002,15.169844339143339,97.0,429.9987469676622,100.6287763392,852.380215237416,,1.454535752492197
1869.9772608,14.339852855854682,97.0,419.9987761079491,99.4287909312,852.380215237416,161.65,1.4322893626593605
1870.4759424000001,14.119855113296241,97.0,419.9987761079491,102.0887585856,852.380215237416,,1.3962739693761637
1870.9779048,14.759848546193522,97.0,419.9987761079491,101.41876673280001,852.380215237416,164.73,1.4101367512951763
1871.4765864,13.45986188562092,97.0,439.99871782737523,99.9887841216,852.380215237416,,1.4795435984834864
1871.9785488000002,14.12985501068526,97.0,439.99871782737523,101.67876357120001,852.380215237416,,1.4625352991550036
1872.4772304000003,15.559840337315121,97.0,449.9986886870883,102.7787501952,852.380215237416,175.51,1.4904868207271889
1872.975912,14.779848340971562,97.0,459.9986595468013,101.26876855680001,852.380215237416,,1.5347626413143192
1873.4778744,14.539850803635082,97.0,439.99871782737523,102.5287532352,852.380215237416,,1.4548831114041603
1873.9765560000003,14.41985203496684,97.0,429.9987469676622,105.648715296,852.380215237416,,1.3851752512178226
1874.4785184000002,14.219854087186441,97.0,419.9987761079491,105.6187156608,852.380215237416,157.03,1.3544606076504258
1874.9772,14.739848751415481,97.0,419.9987761079491,108.62867905920001,852.380215237416,,1.3246853329131743
1875.4758815999999,14.779848340971562,97.0,399.99883438852294,107.04869827200002,852.380215237416,,1.2847625096165676
1875.977844,14.219854087186441,97.0,429.9987469676622,106.6287033792,852.380215237416,,1.3718721128016755
1876.4765256,14.309853163687622,97.0,439.99871782737523,108.4886807616,852.380215237416,155.49,1.3797835389510849
1876.9784880000002,14.369852548021742,97.0,439.99871782737523,107.29869523200001,852.380215237416,,1.3942484264084316
1877.4771695999998,15.079845262642161,97.0,439.99871782737523,111.398645376,852.380215237416,,1.3534455114839619
1878.4778136000002,3.8999599817178003,136.7,1599.9953375540917,53.889344697599995,852.380215237416,,13.015442364241101
1878.9764952000003,6.11993720208024,136.47,2009.9941428023242,104.8187253888,852.380215237416,,8.422633553956064
1879.4784576,8.78990980494858,136.43,2129.9937931188833,156.7880934336,852.380215237416,149.34,6.0030714476502025
1879.9771392,4.8299504388966605,136.8,2839.991724158516,145.7082281664,852.380215237416,,8.569785223659313
1880.4758207999998,7.5899221182661805,137.0,3309.990354565032,125.81847002880001,852.380215237416,,11.592875907710273
1880.9777832000002,6.789930327144581,136.14,2529.9926275074063,124.098490944,852.380215237416,,8.935455777561106
1881.4764648,7.2299258122614605,136.55,2869.9916367376536,113.70861728640001,852.380215237416,166.27,11.085567654813287
1881.9784272000002,7.28992519659558,136.31,2589.992452665689,113.82861582720003,852.380215237416,,9.982587406094222
1882.4771088,9.589901596070181,136.0,2759.991957280812,135.348354144,852.380215237416,,8.952168077470649
1882.9757904,8.78990980494858,136.56,3149.990820809618,146.76821527680002,852.380215237416,163.19,9.449549057452064
1883.4777528000002,8.769910010170541,136.54,3159.9907916693355,146.74821552,852.380215237416,,9.479045341388638
1883.9764344000002,8.6499112415023,136.0,3289.9904128456037,146.848214304,852.380215237416,,9.819560992097516
1884.4783968,8.40991370416582,136.4,3289.9904128456037,146.5382180736,852.380215237416,,9.866868183905742
1884.9770784000002,8.399913806776802,136.67,2899.9915493167914,146.9882126016,852.380215237416,166.27,8.696218837961355
1885.4757600000003,8.02991760338306,136.04,3079.991024791625,146.6782163712,852.380215237416,,9.205465960537484
1885.9777224000004,8.10991678249522,137.0,2949.9914036153564,146.88821381760002,852.380215237416,,8.86963630057475
1886.476404,8.02991760338306,136.04,2619.992365244827,146.5582178304,852.380215237416,166.27,7.8471632344529985
1886.9783664000001,8.149916372051301,136.75,2919.991491036219,146.8682140608,852.380215237416,,8.765763280826459
1887.477048,7.52992273393206,136.33,2769.9919281405228,152.95814000640001,852.380215237416,,7.960966925607059
1887.9757296,7.989918013826981,136.0,2709.992102982247,154.21812468480002,852.380215237416,,7.7121425077571475
1888.4776920000002,8.049917398161101,136.39,2389.9930354714274,154.2381244416,852.380215237416,164.73,6.82845380140928
1888.9763736,8.219915653774441,136.58,2889.9915784570812,153.9581278464,852.380215237416,,8.270428635052673
1889.478336,7.87991914254776,136.65,2809.9918115793785,154.18812504960002,852.380215237416,,8.032721789783855
1889.9770176000002,8.05991729555012,136.3,2539.9925983671237,154.348123104,852.380215237416,163.19,7.242958470096402
1890.4756992000002,7.9499184242709005,136.58,2789.9918698599504,153.9081284544,852.380215237416,,7.986948992286612
1890.9776616,7.919918732103841,136.39,2629.9923361045367,154.348123104,852.380215237416,,7.500893037827139
1891.4763432,8.85990908667172,136.95,2629.9923361045367,170.9179216128,852.380215237416,,6.815764925281522
1891.9783056,8.78990980494858,136.0,2639.992306964254,171.42791541120002,852.380215237416,149.34,6.773874741188549
1892.4769872000004,8.219915653774441,136.0,2889.9915784570812,171.0179203968,852.380215237416,,7.421023070265811
1892.9756688,8.939908265783881,136.48,2969.991345334784,171.42791541120002,852.380215237416,,7.639159421333641
1893.4776312000001,8.48991288327798,136.0,2879.9916075973633,171.397915776,852.380215237416,157.03,7.381635313224577
1893.9763128,8.51991257544504,136.43,2799.9918407196606,171.1379189376,852.380215237416,,7.212145233876726
1894.4782751999999,8.739910318003481,136.14,2919.991491036219,171.297916992,852.380215237416,,7.497238656249509
1894.9769568000002,9.16990590573134,136.24,2899.9915493167914,171.0779196672,852.380215237416,,7.464946490081557
1895.4756384000002,8.96990795795094,136.0,2739.992015561385,171.397915776,852.380215237416,170.89,7.0303801287947545
1895.9776008,8.83990929189368,136.52,3119.9909082304807,171.047920032,852.380215237416,,8.0402809937347
1896.4762824000002,8.559912165001121,136.62,2979.9913161944937,171.397915776,852.380215237416,,7.670515052835652
1896.9782448,8.529912472834061,136.57,2559.9925400865513,171.047920032,852.380215237416,167.81,6.610379340811122
1897.4769264000004,8.77990990755956,136.57,3139.9908499499074,171.42791541120002,852.380215237416,,8.075991433204115
1897.975608,8.61991154933524,136.27,2959.9913744750747,171.0179203968,852.380215237416,,7.617423545816585
1898.4775704,8.72991042061446,136.0,2419.9929480505652,171.42791541120002,852.380215237416,,6.215091100673861
1898.9762520000002,8.80990959972662,136.24,2589.992452665689,171.3579162624,852.380215237416,164.73,6.661451777271847
1899.4782144000003,8.23991544855248,136.24,2579.9924818059712,171.0779196672,852.380215237416,,6.641922826981664
1899.9768960000001,8.869908984060741,136.43,2559.9925400865513,171.397915776,852.380215237416,,6.5932249426168825
1900.4755776,8.3499143198317,136.43,3259.990500266467,171.397915776,852.380215237416,161.65,8.371069305023884
1900.9775399999999,8.80990959972662,136.48,2989.9912870542116,171.397915776,852.380215237416,,7.690320490193839
1901.4762216000001,9.289904674399581,136.38,2819.9917824390877,171.0779196672,852.380215237416,,7.269563018346056
1901.978184,9.1499061109533,136.62,2849.991695018226,171.3579162624,852.380215237416,,7.345765745650851
1902.4768655999999,9.20990549528742,136.33,2759.991957280812,171.0779196672,852.380215237416,167.81,7.113309566722124
1902.9755472000002,8.57991195977916,136.1,2919.991491036219,171.297916992,852.380215237416,,7.493700099135036
1903.4775096,9.23990518745448,136.0,3149.990820809618,171.1379189376,852.380215237416,,8.085419868002925
1903.9761912000004,8.889908778838782,136.71,3089.9909956513425,171.0179203968,852.380215237416,167.81,7.976480752579627
1904.4781536,9.06990693184114,136.14,3159.9907916693355,171.42791541120002,852.380215237416,,8.104063197882818
1904.9768352,8.61991154933524,136.0,3239.9905585470387,171.2679173568,852.380215237416,,8.302680181947448
1905.4755168,8.979907855339961,136.19,3109.9909373707706,171.1679185728,852.380215237416,,7.991194165693659
1905.9774792000003,8.77990990755956,136.86,3049.9911122124877,171.0179203968,852.380215237416,163.19,7.881825364033355
1906.4761608000001,8.3499143198317,136.48,3059.9910830722047,171.397915776,852.380215237416,,7.864708510410776
1906.9781232000003,8.68991083105838,136.0,2819.9917824390877,171.2679173568,852.380215237416,,7.236481550916143
1907.4768047999999,9.609901390848222,136.48,2629.9923361045367,171.1679185728,852.380215237416,,6.789184217051112
1907.9754864000001,9.349904058733701,136.48,2999.9912579139223,170.81792282880002,852.380215237416,158.57,7.746316623670166
1908.4774488,9.609901390848222,136.67,3329.9902962844512,171.2379177216,852.380215237416,,8.582836269128324
1908.9761304000003,9.769899749072541,136.57,3409.9900631621626,171.1679185728,852.380215237416,,8.785616996950193
1909.4780928,9.919898209907842,136.52,3749.9890723924027,171.0179203968,852.380215237416,,9.659496990515459
1909.9767744,8.919908471005842,136.24,3609.989480356424,171.0179203968,852.380215237416,163.19,9.27462774588874
1910.4754560000003,8.60991165194622,136.43,3579.9895677772784,171.2679173568,852.380215237416,,9.194939667578172
1910.9774184000003,8.5499122676121,137.0,3339.9902671441696,171.42791541120002,852.380215237416,,8.610487335817558
1911.4761,9.369903853511742,137.0,2989.9912870542116,171.42791541120002,852.380215237416,,7.722750047478827
1911.9780624000002,9.259904982232522,137.0,3219.990616827611,171.1079193024,852.380215237416,158.57,8.325152461003515
1912.4767439999998,8.58991185716818,136.05,2959.9913744750747,171.3279166272,852.380215237416,,7.591360800221833
1912.9754256,9.289904674399581,136.0,2819.9917824390877,171.397915776,852.380215237416,,7.236139678135277
1913.4773880000002,9.02990734228506,136.43,2959.9913744750747,171.1079193024,852.380215237416,,7.625787510080138
1913.9760695999998,8.999907650118,136.62,2929.9914618959288,171.0179203968,852.380215237416,158.57,7.5633659365416035
1914.478032,9.249905084843501,136.67,3109.9909373707706,171.3279166272,852.380215237416,,8.013963710511185
1914.9767136,9.06990693184114,136.05,2799.9918407196606,171.1079193024,852.380215237416,,7.19817338022919
1915.4753952000003,9.219905392676441,136.77,2809.9918115793785,165.48798764160003,852.380215237416,,7.506683213021085
1915.9773576,9.26990487962154,136.0,2579.9924818059712,164.5379991936,852.380215237416,152.42,6.899843412053796
1916.4760392,9.92989810729686,136.27,2969.991345334784,164.5079995584,852.380215237416,,7.953577424005404
1916.9780016000002,11.46988230520594,136.32,3029.99117049306,160.60804698240003,852.380215237416,,8.323583903356978
1917.4766832000003,8.87990888144976,136.28,3119.9909082304807,144.1082476224,852.380215237416,,9.513032924566101
1917.9753648,9.829899133406661,136.55,3059.9910830722047,164.24800272000002,852.380215237416,147.8,8.220713404495736
1918.4773272000002,10.01989718379804,136.64,3009.9912287736392,163.8680073408,852.380215237416,,8.113212177888164
1918.9760087999998,9.919898209907842,136.55,3129.9908790901904,163.8080080704,852.380215237416,,8.42998175002232
1919.4779712,9.829899133406661,136.55,2959.9913744750747,164.4779999232,852.380215237416,166.27,7.943781340278286
1919.9766528,8.96990795795094,137.0,2999.9912579139223,163.2580147584,852.380215237416,,8.128688290725464
1920.4753344000003,8.06991719293914,136.91,2789.9918698599504,164.4180006528,852.380215237416,,7.499651471041209
1920.9772968,11.11988589659024,136.0,2879.9916075973633,163.60801050240002,852.380215237416,,7.751983594480348
1921.4759784,10.57989143758316,136.88,2959.9913744750747,137.52832763520001,852.380215237416,173.97,9.513161295559213
1921.9779408000002,8.2999148328866,137.0,2979.9913161944937,131.848396704,852.380215237416,,9.974859036714024
1922.4766224000002,9.459902930012921,136.17,2899.9915493167914,155.25811203840001,852.380215237416,,8.215927300158258
1922.975304,9.68990056996038,136.77,3179.990733388756,164.4180006528,852.380215237416,,8.543502634163868
1923.4772664000002,9.99989738902,136.64,3029.99117049306,163.8680073408,852.380215237416,186.29,8.16638598056057
1923.975948,9.85989882557372,136.64,3179.990733388756,163.7180091648,852.380215237416,,8.573045189721112
1924.4779104000004,9.90989831251882,136.71,3309.990354565032,164.3680012608,852.380215237416,,8.890085152680133
1924.9765920000002,9.679900672571362,136.41,3009.9912287736392,164.24800272000002,852.380215237416,,8.078271556325655
1925.4752735999998,10.07989656813216,136.45,2709.992102982247,163.7180091648,852.380215237416,163.19,7.3101312326762375
1925.977236,9.61990128823724,136.0,2699.9921321225297,162.96801828480002,852.380215237416,,7.288847283693546
1926.4759176,9.829899133406661,136.0,2869.9916367376536,164.24800272000002,852.380215237416,,7.684715036473996
1926.9778800000001,9.589901596070181,136.0,3079.991024791625,164.098004544,852.380215237416,,8.246328796781883
1927.4765616,8.81990949711564,136.45,3139.9908499499074,164.4180006528,852.380215237416,163.19,8.410141912334367
1927.9752432,9.2999045717886,136.45,3189.990704248473,164.30800199040002,852.380215237416,,8.552611428400937
1928.4772056000002,9.179905803120361,136.36,2689.9921612628195,164.3680012608,852.380215237416,,7.216106773091376
1928.9758872000002,9.46990282740194,136.77,2919.991491036219,164.4180006528,852.380215237416,,7.849832717589126
1929.4778496,10.179895542022361,136.05,3269.990471126176,164.00800563840002,852.380215237416,169.35,8.762963042318049
1929.9765312000002,9.4499030326239,136.0,3339.9902671441696,161.5380356736,852.380215237416,,9.0747077362183
1930.4752128,9.1999055978984,136.0,3129.9908790901904,163.9580062464,852.380215237416,,8.382652823848083
1930.9771752,9.07990682923016,136.0,2989.9912870542116,164.5079995584,852.380215237416,,7.983660599752724
1931.4758568000002,9.699900467349401,136.09,3059.9910830722047,164.1580038144,852.380215237416,166.27,8.196644223211079
1931.9778192,10.05989677335412,136.36,3269.990471126176,164.1580038144,852.380215237416,,8.773768901777752
1932.4765008,9.049907137063101,136.45,3469.989888320438,164.6279980992,852.380215237416,,9.276347186426845
1932.9751824,8.979907855339961,136.23,3339.9902671441696,164.27800235520002,852.380215237416,,8.935659280965533
1933.4771448000001,9.369903853511742,136.59,2989.9912870542116,164.098004544,852.380215237416,172.43,8.040262128310955
1933.9758264000002,8.629911446724261,136.1,3009.9912287736392,164.4180006528,852.380215237416,,8.042942248619608
1934.4777888,9.259904982232522,136.27,3229.9905876873213,164.27800235520002,852.380215237416,,8.648771774481812
1934.9764704000002,9.53990210912508,136.0,2949.9914036153564,164.098004544,852.380215237416,,7.901279583771864
1935.4751520000002,8.999907650118,136.32,3229.9905876873213,164.5679988288,852.380215237416,163.19,8.634602654024846
1935.9771144000003,9.739900056905482,136.23,3229.9905876873213,164.30800199040002,852.380215237416,,8.64876444521979
1936.4757960000002,9.279904777010561,136.41,3219.990616827611,164.5379991936,852.380215237416,,8.617671595857255
1936.9777584,9.07990682923016,136.36,3549.989655198141,164.18800344960002,852.380215237416,,9.507692520057633
1937.47644,9.53990210912508,136.45,3359.9902088635968,164.33800162560001,852.380215237416,147.8,9.00459516305932
1937.9751216000002,9.369903853511742,136.36,3399.9900923024443,164.18800344960002,852.380215237416,,9.111674813459809
1938.477084,9.829899133406661,136.59,3129.9908790901904,164.44800028800003,852.380215237416,,8.39917347319899
1938.9757656,9.63990108301528,136.52,3309.990354565032,164.4180006528,852.380215237416,,8.872881511960268
1939.477728,9.489902622179981,136.55,3309.990354565032,164.5679988288,852.380215237416,,8.865526098121006
1939.9764096000001,9.22990529006546,136.64,2949.9914036153564,164.098004544,852.380215237416,158.57,7.935450926655329
1940.4750912000002,9.47990272479096,136.27,3329.9902962844512,164.39800089599999,852.380215237416,,8.909520492731787
1940.9770535999999,9.18990570050938,136.14,2719.9920738419573,164.30800199040002,852.380215237416,,7.286786359692047
1941.4757352000001,9.249905084843501,137.0,2459.9928314894205,164.21800308480002,852.380215237416,,6.642998791958407
1941.9776976000003,9.329904263955662,136.41,2989.9912870542116,164.39800089599999,852.380215237416,164.73,8.014924160372535
1942.4763792000003,8.78990980494858,136.64,2989.9912870542116,164.33800162560001,852.380215237416,,8.02662509699311
1942.9750608000002,8.57991195977916,136.55,2919.991491036219,164.44800028800003,852.380215237416,,7.828368785358301
1943.4770232,8.699910728447401,136.55,2499.992714928268,164.18800344960002,852.380215237416,,6.724374385722792
1943.9757048,8.3499143198317,136.18,2609.9923943851168,164.4180006528,852.380215237416,153.96,6.985529657295222
1944.4776672,8.53991237022308,136.0,2969.991345334784,164.21800308480002,852.380215237416,,7.940060896443052
1944.9763488,8.61991154933524,136.36,2739.992015561385,164.4180006528,852.380215237416,,7.341824926802068
1945.4750304000004,8.599911754557201,136.36,2659.9922486836817,164.33800162560001,852.380215237416,,7.132865842257959
1945.9769928,8.6499112415023,136.73,2699.9921321225297,164.27800235520002,852.380215237416,157.03,7.261522748939427
1946.4756744000001,10.26989461852354,136.41,2779.9918990002325,162.048029472,852.380215237416,,7.572537819147108
1946.9776368000003,10.5998912323612,136.77,2679.992190403102,120.048540192,852.380215237416,,9.856383172679571
1947.4763184000003,5.47994376918296,120.34,729.9978727590543,19.5597621504,852.380215237416,,14.412536528109591
1949.4776064000005,11.25988446003652,97.0,9.999970859712999,81.3090112704,852.380215237416,157.03,0.13369640013044495
1949.976288,11.23988466525848,97.0,9.999970859712999,81.41900993280001,852.380215237416,,0.13347515329699333
1950.4749696,11.01988692270004,97.0,29.999912579139146,81.6690068928,852.380215237416,,0.2074741479902961
1950.976932,10.75988959058552,97.0,479.99860126622747,81.8290049472,852.380215237416,155.49,1.9113035738749815
1951.4756136,10.859888564475721,97.0,509.9985138453668,81.949003488,852.380215237416,,2.023070971736761
1951.9775760000002,10.549891745416101,97.0,539.998426424506,81.84900470400001,852.380215237416,,2.136522595576409
1952.4762576,10.63989082191728,97.0,549.998397284219,81.98900300160001,852.380215237416,,2.171633750123941
1952.9749392,10.9498876409769,97.0,529.998455564793,81.9690032448,852.380215237416,152.42,2.0990676409462194
1954.4775456,12.52987142844206,97.0,9.999970859712999,97.9788085632,852.380215237416,,0.13797958805511737
1954.9762272,12.28987389110558,97.0,9.999970859712999,97.8788097792,852.380215237416,163.19,0.13597562706619726
1955.4749087999999,11.78987902165458,97.0,9.999970859712999,97.798810752,852.380215237416,,0.13175923640149032
1955.9768712,12.319873583272642,97.0,9.999970859712999,97.9088094144,852.380215237416,,0.13622045349058348
1956.4755528,11.82987861121066,97.0,9.999970859712999,97.9888084416,852.380215237416,,0.13203710750963016
1956.9775152000002,11.859878303377723,97.0,9.999970859712999,97.7588112384,852.380215237416,158.57,0.13236614218855172
1957.4761968,11.379883228704761,97.0,9.999970859712999,97.93880904960001,852.380215237416,,0.1282351838377285
1957.9748784,12.21987460938244,97.0,9.999970859712999,97.6888120896,852.380215237416,,0.13544335519556489
1958.4768408000002,12.76986896577854,97.0,9.999970859712999,97.9888084416,852.380215237416,,0.1400126702991709
1958.9755224000003,12.28987389110558,97.0,9.999970859712999,97.73881148160001,852.380215237416,175.51,0.13602103236625762
1959.4774848,12.0498763537691,97.0,9.999970859712999,97.9188092928,852.380215237416,,0.13392636406693179
1959.9761664000002,11.839878508599682,97.0,9.999970859712999,97.7188117248,852.380215237416,,0.13220944088873562
1960.4748479999998,14.279853471520562,97.0,9.999970859712999,129.30842759040002,852.380215237416,155.49,0.14515523216395604
1960.9768104000004,14.519851008857042,97.0,9.999970859712999,130.99840704000002,852.380215237416,161.65,0.14688199799309393
1961.475492,15.049845570475101,97.0,9.999970859712999,130.75840995840002,852.380215237416,,0.1514223298860962
1961.9774544000002,14.48985131668998,97.0,9.999970859712999,131.1684049728,852.380215237416,161.65,0.1465967623218056
1962.476136,15.459841363424921,97.0,9.999970859712999,130.8284091072,852.380215237416,,0.15488833698961427
1962.9748176,15.81983766942964,97.0,9.999970859712999,130.97840728320003,852.380215237416,,0.15791564822192897
1964.477424,16.88982669005478,97.0,9.999970859712999,130.5784121472,852.380215237416,,0.16706677869946723
1964.9761056000002,15.98983592504298,97.0,9.999970859712999,130.848408864,852.380215237416,,0.1593815719794529
1965.4747872000003,16.6998286396634,97.0,9.999970859712999,130.9284078912,852.380215237416,166.27,0.1653911788287525
1965.9767496,17.17982371433636,97.0,9.999970859712999,130.6684110528,852.380215237416,,0.1695109589597469
1966.4754312000002,17.2998224830046,97.0,9.999970859712999,130.5784121472,852.380215237416,,0.17054548161830949
1966.9773936,17.51982022556304,97.0,9.999970859712999,130.29841555200002,852.380215237416,155.49,0.17246316280847926
1967.4760752,15.799837874651601,97.0,9.999970859712999,130.848408864,852.380215237416,,0.15776949013901384
1967.9747568,16.5998296657732,97.0,9.999970859712999,130.81840922880002,852.380215237416,,0.1645626408883124
1968.4767192000002,16.82982730572066,97.0,9.999970859712999,130.798409472,852.380215237416,155.49,0.16651773492308306
1968.9754008,17.119824330002242,97.0,9.999970859712999,131.05840631040002,852.380215237416,,0.16893122215490525
1969.4773632,16.86982689527674,97.0,9.999970859712999,130.99840704000002,852.380215237416,,0.1668209049669457
1969.9760448000002,17.1498240221693,97.0,9.999970859712999,130.7784097152,852.380215237416,155.49,0.1692364477809502
1970.4747264000002,16.72982833183046,97.0,9.999970859712999,130.9284078912,852.380215237416,,0.16564571806671655
1970.9766888,16.83982720310968,97.0,9.999970859712999,130.8884083776,852.380215237416,,0.16658627061667386
1971.4753704000002,17.67981858378736,97.0,9.999970859712999,130.948407648,852.380215237416,155.49,0.17370250792264305
1973.97534,18.05981468457012,97.0,469.99863040651434,130.3384150656,852.380215237416,,1.2720648061663073
1974.4773024,18.02981499240306,97.0,819.9976104964734,130.3184153088,852.380215237416,,2.10528274165563
1974.9759840000002,18.049814787181102,97.0,2019.9941136620425,130.62841153920002,852.380215237416,153.96,4.9510705370769905
1975.4746656,17.809817249844624,97.0,2079.993938820318,130.8884083776,852.380215237416,,5.081733095823201
1975.976628,16.8998265874438,97.0,2079.993938820318,130.8284091072,852.380215237416,,5.076273306683404
1976.4753096000002,17.059824945668122,97.0,2079.993938820318,130.8684086208,852.380215237416,158.57,5.076123129298318
1976.9772720000003,16.8498271004987,97.0,2079.993938820318,130.97840728320003,852.380215237416,,5.070199872983278
1977.4759536,17.55981981511912,97.0,2039.99405538147,130.9284078912,852.380215237416,,4.9833149184879595
1977.9746352000002,17.059824945668122,97.0,2049.9940262411797,130.8884083776,852.380215237416,161.65,5.004254879755564
1978.4765976,17.65981878900932,97.0,2049.9940262411797,130.8684086208,852.380215237416,,5.010088310942562
1978.9752792000004,17.60981930206422,97.0,2049.9940262411797,130.848408864,852.380215237416,,5.010406952329225
1979.4772416,17.18982361172538,97.0,2059.9939971008976,130.8684086208,852.380215237416,155.49,5.029809063919483
1979.9759232000001,17.70981827595442,97.0,2049.9940262411797,130.9584075264,852.380215237416,,5.007172420379406
1980.4746048,17.58981950728618,97.0,2029.9940845217527,130.9284078912,852.380215237416,,4.959871788030491
1980.9765672,17.48982053339598,97.0,2069.9939679606077,130.5884120256,852.380215237416,164.73,5.066585593107298
1981.4752488000001,18.319812016684644,97.0,2059.9939971008976,130.8884083776,852.380215237416,,5.038650439456246
1981.9772112000003,18.53980975924308,97.0,2029.9940845217527,129.3684268608,852.380215237416,,5.02594083941516
1982.4758927999999,18.079814479348162,97.0,2069.9939679606077,124.4684864448,852.380215237416,,5.313411391744199
1982.9745744000002,17.23982309867048,97.0,2069.9939679606077,130.848408864,852.380215237416,155.49,5.054691951350219
1983.4765368,17.6998183785654,97.0,2039.99405538147,130.5584123904,852.380215237416,,4.998202983557793
1983.9752184000004,17.7498178655105,97.0,2049.9940262411797,130.45841360640003,852.380215237416,,5.0261263600065975
1984.4771808,17.879816531567762,97.0,2049.9940262411797,131.0784060672,852.380215237416,172.43,5.004168447395541
1984.9758624,18.11981406890424,97.0,2049.9940262411797,130.62841153920002,852.380215237416,,5.022920740612626
1985.474544,18.13981386368228,97.0,2029.9940845217527,130.5184128768,852.380215237416,,4.979649871899884
1985.9765064000003,17.769817660288542,97.0,2059.9939971008976,130.348414944,852.380215237416,170.89,5.054213532929746
1986.4751880000001,17.60981930206422,97.0,2039.99405538147,130.8684086208,852.380215237416,,4.985955544507617
1986.9771504000003,16.70982853705242,97.0,2049.9940262411797,130.97840728320003,852.380215237416,,4.9979461529994795
1987.475832,16.549830178828103,97.0,2049.9940262411797,130.8884083776,852.380215237416,187.83,4.999927712710175
1987.9745136000001,16.41983151277084,97.0,2039.99405538147,130.9084081344,852.380215237416,,4.974380999688527
1988.4764760000003,16.4498312049379,97.0,2059.9939971008976,130.848408864,852.380215237416,,5.024276926605899
1988.9751575999999,15.809837772040622,97.0,2049.9940262411797,130.8284091072,852.380215237416,166.27,4.9958776986276465
1989.47712,17.07982474044616,97.0,2049.9940262411797,130.9284078912,852.380215237416,,5.002939960375949
1989.9758016,16.91982638222184,97.0,2059.9939971008976,130.9584075264,852.380215237416,181.67,5.024161794870272
1990.4744832000003,17.879816531567762,97.0,2039.99405538147,130.9084081344,852.380215237416,,4.986768575936111
1990.9764456,18.03981488979208,97.0,2039.99405538147,130.29841555200002,852.380215237416,,5.010761487272022
1991.4751272,17.07982474044616,98.56,2059.9939971008976,130.99840704000002,883.9835601100559,166.27,5.102497260836787
1991.9770895999998,16.62982935794026,103.71,2039.99405538147,130.6884108096,910.7563937252639,,5.31933176310428
1992.4757712,16.859826997887723,104.0,2049.9940262411797,130.97840728320003,910.7563937252639,,5.349663947974603
1992.9744528,17.51982022556304,104.0,2059.9939971008976,136.9383348096,910.7563937252639,166.27,5.152950621546018
1993.4764152000002,17.2998224830046,104.0,2059.9939971008976,146.848214304,910.7563937252639,,4.813374704640864
1993.9750968,17.809817249844624,104.0,2049.9940262411797,146.74821552,910.7563937252639,,4.798213042875704
1994.4770592,17.999815300236,104.0,2049.9940262411797,146.9582129664,910.7563937252639,,4.7931846012253505
1994.9757408000003,18.11981406890424,104.0,2059.9939971008976,146.9382132096,910.7563937252639,170.89,4.817473847670823
1995.4744224000003,17.259822893448522,104.0,2029.9940845217527,146.51821831680002,910.7563937252639,,4.755432540041851
1995.9763848,18.099814274126203,104.0,2029.9940845217527,146.88821381760002,910.7563937252639,,4.750950098070588
1996.4750664,17.259822893448522,104.0,2039.99405538147,146.798214912,910.7563937252639,,4.769302622685712
1996.9770288000002,18.48981027229798,104.0,2019.9941136620425,146.798214912,910.7563937252639,161.65,4.734416596986905
1997.4757104000003,16.999825561334003,104.0,2019.9941136620425,146.76821527680002,910.7563937252639,,4.722710136385866
1997.974392,18.93980565480388,104.0,2049.9940262411797,146.74821552,910.7563937252639,,4.807800687505685
1998.4763544000002,19.12980370519526,104.0,2049.9940262411797,146.6782163712,910.7563937252639,147.8,4.811630502579937
1998.975036,19.62979857464626,104.0,2039.99405538147,146.7282157632,910.7563937252639,,4.791616634057223
1999.4769984,18.7998070913576,104.38,2039.99405538147,147.0082123584,910.7563937252639,,4.792632419231925
1999.9756800000002,19.41980072947684,104.0,1689.9950752915122,146.6282169792,910.7563937252639,,3.9989321989322075
2000.4743615999998,19.7497973433145,104.0,1049.9969402698728,146.9382132096,910.7563937252639,153.96,2.5447166918558946
2000.976324,19.209802884307422,104.0,1039.9969694101626,146.5582178304,910.7563937252639,,2.523600258779334
2001.4750056000003,19.63979847203528,104.0,1059.9969111295827,146.58821746560002,910.7563937252639,,2.5721526113352624
2001.9769680000002,19.55979929292312,104.0,1049.9969402698728,146.8682140608,910.7563937252639,147.8,2.5442375857891357
2002.4756496,20.309791597099622,104.0,1069.9968819893004,146.698216128,910.7563937252639,,2.598710109672738
2002.9743312,19.78979693287058,104.0,1059.9969111295827,146.5582178304,910.7563937252639,,2.573917702637709
2003.4762935999997,19.48980001119998,104.0,1039.9969694101626,146.9382132096,910.7563937252639,,2.5198712086805655
2003.9749752,19.85979621459372,104.0,1039.9969694101626,146.3782200192,910.7563937252639,155.49,2.5320180618705908
2004.4769376,19.72979754853646,104.0,1049.9969402698728,146.698216128,910.7563937252639,,2.5484359888495836
2004.9756192000002,20.21979252059844,104.0,1069.9968819893004,146.3082208704,910.7563937252639,,2.6044142039933798
2005.4743008,19.429800626865863,104.0,1069.9968819893004,146.9882126016,910.7563937252639,155.49,2.586456549753876
2005.9762632,20.53978923704708,104.0,1049.9969402698728,146.698216128,910.7563937252639,,2.555308548274614
2006.4749448000002,20.099793751930203,104.0,1009.9970568310175,146.448219168,910.7563937252639,,2.4647789922092
2006.9769072000001,19.769797138092542,104.0,1019.997027690735,146.60821722240001,910.7563937252639,155.49,2.4821657234152696
2007.4755888,19.36980124253174,104.0,1019.997027690735,146.848214304,910.7563937252639,,2.4749893551777697
2007.9742704,19.589798985090184,104.0,1049.9969402698728,147.0082123584,910.7563937252639,,2.542227252430888
2008.4762328000002,19.26980226864154,104.0,1059.9969111295827,146.60821722240001,910.7563937252639,,2.568685142609856
2008.9749144000004,18.629808835744257,104.0,1039.9969694101626,146.9382132096,910.7563937252639,163.19,2.5125744171922624
2009.4768768000001,18.26981252973954,104.0,1029.9969985504451,146.74821552,910.7563937252639,,2.4898995809912523
2009.9755584000002,18.849806578302704,104.0,1019.997027690735,146.6582166144,910.7563937252639,,2.473570809278941
2010.47424,17.75981776289952,104.0,1009.9970568310175,146.798214912,910.7563937252639,166.27,2.4394550188689115
2010.9762024,18.00981519762502,104.0,1009.9970568310175,146.848214304,910.7563937252639,,2.4407968915482354
2011.4748840000002,18.149813761071297,104.0,1039.9969694101626,146.88821381760002,910.7563937252639,,2.5093032413388214
2011.9768464,19.03980462869408,104.0,1029.9969985504451,146.9382132096,910.7563937252639,,2.4934136436647814
2012.475528,18.70980801485642,104.0,1029.9969985504451,146.698216128,910.7563937252639,147.8,2.494428625869623
2012.9742096000002,18.549809656632103,104.0,1029.9969985504451,146.698216128,910.7563937252639,,2.493071083267148
2013.4761720000001,18.93980565480388,104.0,979.9971442518797,146.798214912,910.7563937252639,,2.3814836938791712
2013.9748536,18.53980975924308,104.0,999.9970859713072,146.848214304,910.7563937252639,147.8,2.4226403999104535
2014.476816,19.319801755586642,104.0,1019.997027690735,146.88821381760002,910.7563937252639,,2.473935906189214
2014.9754976000002,18.65980852791132,104.0,1019.997027690735,146.60821722240001,910.7563937252639,,2.472747771610599
2015.4741792000004,19.25980237125252,104.0,1019.997027690735,146.848214304,910.7563937252639,149.34,2.4740560446385675
2015.9761416000001,19.599798882479202,104.0,1019.997027690735,146.60821722240001,910.7563937252639,,2.48072333440014
2016.4748232000002,19.839796419815684,104.0,1019.997027690735,146.9582129664,910.7563937252639,,2.477247614226832
2016.9767855999999,19.81979662503764,104.0,999.9970859713072,146.9582129664,910.7563937252639,,2.4318051305874033
2017.4754672,19.329801652975664,104.0,1019.997027690735,146.58821746560002,910.7563937252639,149.34,2.4787482496417903
2017.9741488000002,18.75980750180152,104.0,1049.9969402698728,153.97812760320002,910.7563937252639,,2.42763329530731
2018.4761112,19.429800626865863,104.0,1039.9969694101626,153.97812760320002,910.7563937252639,,2.411713610429779
2018.9747928,20.21979252059844,104.0,1019.997027690735,154.348123104,910.7563937252639,,2.369925214059753
2019.4767552,20.22979241798746,104.0,1029.9969985504451,154.1081260224,910.7563937252639,144.72,2.3950198096986846
2019.9754368000001,20.11979354670824,104.0,1009.9970568310175,154.0581266304,910.7563937252639,,2.3516217415183163
2020.4741184000004,20.1997927258204,104.0,1009.9970568310175,154.0581266304,910.7563937252639,,2.352300512819554
2020.9760808,20.549789134436104,104.0,1009.9970568310175,153.9281282112,910.7563937252639,,2.357112003037193
2021.4747624000001,18.61980893835524,104.0,1019.997027690735,154.398122496,910.7563937252639,150.88,2.355637882022155
2021.9767248000003,20.45979005793492,104.0,1039.9969694101626,154.0881262656,910.7563937252639,,2.418848830433695
2022.4754064000003,20.42979036576786,104.0,1029.9969985504451,154.0581266304,910.7563937252639,,2.3974383319790724
2022.9740880000002,20.8497860561067,104.0,1029.9969985504451,152.3281476672,910.7563937252639,143.18,2.4262607797672175
2023.4760504000003,21.209782362111422,104.0,1019.997027690735,151.34815958400003,910.7563937252639,,2.4219001480140925
2023.974732,20.659788005715324,104.0,999.9970859713072,150.41817089280002,910.7563937252639,,2.3868634032243228
2024.4766944,20.8497860561067,104.0,1019.997027690735,153.7481304,910.7563937252639,,2.383849526418645
2024.975376,20.419790468378842,104.0,1029.9969985504451,151.34815958400003,910.7563937252639,150.88,2.4371770942258704
2025.4740576,19.939795393705882,104.0,1039.9969694101626,154.3681228608,910.7563937252639,,2.4103643232291985
2025.97602,19.75979724070352,104.0,1029.9969985504451,153.9581278464,910.7563937252639,,2.3931982164536594
2026.4747016000001,20.12979344409726,104.0,1039.9969694101626,154.2681240768,910.7563937252639,146.26,2.4134291700767005
2026.9766640000003,20.869785850884742,104.0,999.9970859713072,153.4681338048,910.7563937252639,,2.344693326194149
2027.4753456,20.769786876994544,104.0,999.9970859713072,154.16812529280003,910.7563937252639,,2.3340029135426703
2027.9740272000001,20.929785235218862,104.0,1019.997027690735,153.6781312512,910.7563937252639,,2.3855335432490494
2028.4759895999998,21.1997824647224,104.0,1049.9969402698728,154.16812529280003,910.7563937252639,141.64,2.445540155009766
2028.9746711999999,21.059783901276123,104.0,1019.997027690735,152.60814426240003,910.7563937252639,,2.4021172261343784
2029.4766336,21.18978256733338,104.0,1039.9969694101626,153.6781312512,910.7563937252639,,2.4310326872636185
2029.9753152000003,21.17978266994436,104.0,1019.997027690735,154.0081272384,910.7563937252639,155.49,2.3829236893422117
2030.4739968,21.209782362111422,104.0,989.9971151115973,154.0881262656,910.7563937252639,,2.317267452241345
2030.9759592,21.15978287516632,104.0,1019.997027690735,153.7481304,910.7563937252639,,2.3864797652109404
2031.4746408,18.96980534697094,104.0,1019.997027690735,152.8881408576,910.7563937252639,161.65,2.3803123748744177
2031.9766032000002,19.319801755586642,104.0,1049.9969402698728,153.87812881920001,910.7563937252639,,2.433858870023697
2032.4752848,19.499799908589,104.0,1039.9969694101626,154.18812504960002,910.7563937252639,,2.4092474148408027
2032.9739664,18.549809656632103,104.0,1019.997027690735,154.1081260224,910.7563937252639,,2.35917944230573
2033.4759288000002,16.6498291527183,104.0,989.9971151115973,154.16812529280003,910.7563937252639,158.57,2.277468422384356
2033.9746104000003,19.409800832087818,104.0,999.9970859713072,153.97812760320002,910.7563937252639,,2.325126339502859
2034.4765728,20.45979005793492,104.0,1029.9969985504451,154.2881238336,910.7563937252639,,2.394377411138529
2034.9752544000003,21.619778155061244,104.0,1039.9969694101626,153.3381353856,910.7563937252639,,2.439672752938698
2035.4739359999999,21.9497747688989,104.0,1049.9969402698728,152.8581412224,910.7563937252639,153.96,2.4713202403409054
2035.9758984,22.129772921901264,104.0,1039.9969694101626,147.2382095616,910.7563937252639,,2.537473380548835
2036.4745800000003,21.579778565505162,104.0,1039.9969694101626,135.4283531712,910.7563937252639,,2.7377101333313236
2036.9765424000002,22.08977333234518,104.0,1009.9970568310175,129.76842199680001,910.7563937252639,155.49,2.7765535021678023
2037.475224,21.60977825767222,104.0,999.9970859713072,121.8185186688,910.7563937252639,,2.9141400531081834
2037.9739056,21.969774563676943,104.0,1029.9969985504451,128.0884424256,910.7563937252639,,2.86143607128944
2038.4758680000002,21.25978184905652,104.0,1029.9969985504451,122.598509184,910.7563937252639,,2.9751991414049224
2038.9745496,21.5497788733381,104.0,1039.9969694101626,118.2385622016,910.7563937252639,147.8,3.108850832347747
2039.476512,21.249781951667504,104.0,1019.997027690735,119.24854992,910.7563937252639,,3.0257305450477667
2039.9751935999998,22.469769433127944,104.0,999.9970859713072,125.9184688128,910.7563937252639,,2.8325214497665807
2040.4738752,22.529768817462063,104.0,1029.9969985504451,123.93849288960001,910.7563937252639,,2.955757974562629
2040.9758376,23.41975968508484,104.0,1029.9969985504451,141.06828458880003,910.7563937252639,153.96,2.627606597502916
2041.4745192000003,24.289750757929582,104.0,1039.9969694101626,140.54829091200003,910.7563937252639,,2.667643310071514
2041.9764816,25.57973752111316,104.0,1049.9969402698728,154.0081272384,910.7563937252639,,2.4850566693614353
2042.4751632,25.349739881165704,104.0,1019.997027690735,154.18812504960002,910.7563937252639,,2.4157326256637126
2042.9738448,24.87974470388176,104.0,1009.9970568310175,154.16812529280003,910.7563937252639,144.72,2.3904525582883296
2043.4758072000002,25.70973618717042,104.0,999.9970859713072,154.1081260224,910.7563937252639,,2.3767571336325366
2043.9744888,25.569737623724144,104.0,1029.9969985504451,154.0581266304,910.7563937252639,,2.441049388083582
2044.4764512000002,25.929733929728865,104.0,1039.9969694101626,154.0881262656,910.7563937252639,144.72,2.465259818155809
2044.9751328000002,26.529727773070064,104.0,1019.997027690735,154.18812504960002,910.7563937252639,,2.4257445023569653
2045.4738144000003,25.529738034168062,104.0,1029.9969985504451,153.87812881920001,910.7563937252639,,2.4433116236960677
2045.9757768,25.91973403233984,104.0,1019.997027690735,148.648192416,910.7563937252639,,2.5025842375590353
2046.4744584000002,24.83974511432568,104.0,999.9970859713072,147.948200928,910.7563937252639,143.18,2.4592509993561515
2046.9764208,25.0997424464402,104.0,989.9971151115973,147.948200928,910.7563937252639,,2.438972080981961
2047.4751024,25.57973752111316,104.0,1019.997027690735,147.99820032,910.7563937252639,,2.509724665733997
2047.9737840000003,25.939733827117884,104.0,1049.9969402698728,147.92820117120002,910.7563937252639,,2.5813279240905103
2048.4757464000004,26.599727054793203,104.0,1039.9969694101626,147.68820408960002,910.7563937252639,143.18,2.568240347757022
2048.974428,5.639942127407281,111.77,1389.9959495001199,13.079840947200001,910.7563937252639,,38.04101041129856
2049.4763904,10.83988876969768,143.43,2679.992190403102,131.448401568,910.7563937252639,,9.4457562326821
2049.975072,10.98988723053298,143.7,3339.9902671441696,131.5584002304,910.7563937252639,157.03,11.762751508204662
2050.4737536,12.069876148547142,143.64,3499.989800899576,142.37826865920002,910.7563937252639,,11.396923089606904
2050.975716,12.309873685883622,143.72,3729.989130672975,144.5382423936,910.7563937252639,,11.967897606474573
2051.4743976,12.299873788494601,143.6,3449.98994660101,144.31824506880002,910.7563937252639,,11.084809862766424
2051.97636,13.369862809119741,143.0,3679.989276374409,149.4881822016,910.7563937252639,144.72,11.37360556799289
2052.4750416,12.309873685883622,143.33,3749.9890723924027,151.2281610432,910.7563937252639,,11.472954462381956
2052.9737232,13.12986527178326,143.75,3759.98904325212,151.54815715200002,910.7563937252639,,11.519490564176651
2053.4756856,13.23986414306248,143.71,3819.9888684103953,151.15816189440002,910.7563937252639,,11.729137509422081
2053.9743672,14.31985306107664,143.39,3789.9889558312575,151.598156544,910.7563937252639,146.26,11.588028406454175
2054.4763296,13.719859217735442,143.67,3909.988606147816,151.5281573952,910.7563937252639,,11.974569155295564
2054.9750112,14.859847520083722,143.08,4069.988139903223,151.34815958400003,910.7563937252639,,12.433415886008108
2055.4736927999998,14.8998471096398,143.33,4009.988314744947,151.34815958400003,910.7563937252639,,12.273507642158085
2055.9756552,14.619849982747242,143.35,4139.9879359212155,152.19814924800002,910.7563937252639,149.34,12.59663014320788
2056.4743368000004,15.2998430052006,143.58,4099.98805248236,153.7481304,910.7563937252639,,12.37698530823533
2056.9762992,15.809837772040622,143.74,3939.9885187269538,153.87812881920001,910.7563937252639,,11.906535405753033
2057.4749808,15.609839824260222,143.58,4079.9881107629326,153.9581278464,910.7563937252639,147.8,12.30324971509076
2057.9736624,15.979836027653961,143.52,3949.988489586665,153.5181331968,910.7563937252639,,11.947426731853465
2058.4756248000003,15.68983900337238,143.43,3969.988431306091,153.87812881920001,910.7563937252639,163.19,11.969572253872485
2058.9743064000004,16.609829563162222,143.63,3949.988489586665,153.7781300352,910.7563937252639,,11.941839260920313
2059.4762688,15.599839926871201,143.57,3939.9885187269538,153.85812906240002,910.7563937252639,147.8,11.892358991478714
2059.9749504,16.199833770212397,143.33,3929.988547867237,153.64813161600003,910.7563937252639,,11.863998555233872
2060.473632,16.55983007621712,143.57,3789.9889558312575,153.8281294272,910.7563937252639,149.34,11.45499469162918
2060.9755944,16.71982843444144,143.65,3729.989130672975,153.5681325888,910.7563937252639,,11.302298996768391
2061.4742760000004,16.819827408331644,143.88,3889.9886644283883,153.97812760320002,910.7563937252639,150.88,11.769473883377712
2061.9762384,17.26982279083754,143.0,3689.989247234127,153.9081284544,910.7563937252639,,11.113044854028715
2062.47492,16.97982576655596,143.17,3759.98904325212,153.7481304,910.7563937252639,,11.343548238780166
2062.9736016,15.849837361596702,143.43,3999.988343885229,153.85812906240002,910.7563937252639,157.03,12.061924216161971
2063.4755640000003,16.1498342832673,143.08,3749.9890723924027,153.49813344,910.7563937252639,,11.317878855481151
2063.9742456,16.239833359768483,143.74,3589.9895386369963,153.8081296704,910.7563937252639,,10.869294589864701
2064.476208,16.07983500154416,143.78,3829.988839270105,153.85812906240002,910.7563937252639,149.34,11.584827907637932
2064.9748895999996,16.609829563162222,143.21,3959.9884604463814,153.9281282112,910.7563937252639,,11.92562461329676
2065.4735712,16.27983294932456,144.0,3679.989276374409,153.7781300352,910.7563937252639,,11.160716815948382
2065.9755336,16.099834796322202,143.67,3749.9890723924027,153.6281318592,910.7563937252639,146.26,11.354059491716955
2066.4742152000003,15.869837156374743,143.57,3789.9889558312575,153.8281294272,910.7563937252639,,11.449140289156006
2066.9761776,15.459841363424921,143.22,3719.9891598132645,153.8281294272,910.7563937252639,,11.209613441067775
2067.4748592,14.8998471096398,143.54,3699.989218093837,153.9581278464,910.7563937252639,,11.16059543106517
2067.9735408,14.8998471096398,143.78,4049.9881981837943,153.5181331968,910.7563937252639,157.03,12.2592372911463
2068.4755032000003,14.919846904417842,143.5,3819.9888684103953,153.59813222399998,910.7563937252639,,11.542148290948678
2068.9741848,15.489841055591981,143.17,3819.9888684103953,153.9581278464,910.7563937252639,,11.49410146384044
2069.4761472,14.72984885402646,143.26,4029.988256464367,153.9281282112,910.7563937252639,158.57,12.122176009557917
2069.9748288,14.539850803635082,143.71,4179.9878193600625,153.7781300352,910.7563937252639,,12.618373290024808
2070.4735104000006,14.90984700702882,143.35,4009.988314744947,153.8081296704,910.7563937252639,,12.080982793000665
2070.9754728000003,14.62984988013626,143.46,3779.9889849715405,153.54813283200002,910.7563937252639,157.03,11.420681657719404
2071.4741544000003,14.039855934184082,143.65,3879.988693568672,153.9281282112,910.7563937252639,,11.70122040861644
2071.9761168,13.88985747334878,143.57,4159.987877640643,153.64813161600003,910.7563937252639,,12.55147028433018
2072.4747984,14.399852240188801,143.25,3559.989626057859,153.72813064320002,910.7563937252639,152.42,10.733246326809493
2072.97348,14.219854087186441,143.22,4009.988314744947,154.0581266304,910.7563937252639,,12.044905751047544
2073.4754424000002,14.279853471520562,144.0,3919.988577007526,153.5681325888,910.7563937252639,,11.878667794853964
2073.974124,14.039855934184082,143.35,4379.987236554324,153.97812760320002,910.7563937252639,,13.162216674758676
2074.4760864,15.159844441754322,143.33,4319.9874113960495,153.64813161600003,910.7563937252639,158.57,13.018877702115752
2074.974768,14.9498465965849,143.0,4159.987877640643,153.7781300352,910.7563937252639,,12.500630994150926
2075.4734496,14.8998471096398,143.17,4539.986770309738,153.8081296704,910.7563937252639,,13.643921244736196
2075.9754120000002,15.009845980919021,143.58,4439.987061712608,153.5681325888,910.7563937252639,152.42,13.405689129909012
2076.4740936,15.03984567308608,143.09,4519.98682859031,153.87812881920001,910.7563937252639,,13.57192205151196
2076.9760560000004,16.999825561334003,143.71,4859.985837820559,154.0381268736,910.7563937252639,,14.647405113157065
2077.9734192,9.23990518745448,143.51,2859.9916658779434,102.61875214080001,910.7563937252639,153.96,12.871894823169704
2078.4753815999998,10.379893489802761,143.29,3419.990034021872,128.69843500800002,910.7563937252639,,12.267768502447824
2078.9740632,11.20988497309142,143.37,4149.987906780925,135.448352928,910.7563937252639,,14.145893287738792
2079.4760256,12.109875738103222,143.63,4199.987761079491,146.76821527680002,910.7563937252639,152.42,13.249857052907485
2079.9747072,13.43986209084288,143.67,4369.9872656946145,149.948176608,910.7563937252639,,13.506918405886891
2080.4733888,14.169854600241338,143.68,4539.986770309738,163.898006976,910.7563937252639,,12.850751780329256
2080.9753512,14.259853676742521,143.41,4889.9857503996955,163.92800661120003,910.7563937252639,,13.804671680729045
2081.4740328000003,14.1498548054633,143.64,4729.986216644289,163.8080080704,910.7563937252639,161.65,13.386949936643664
2081.9759952000004,14.31985306107664,143.45,4589.986624608303,163.898006976,910.7563937252639,,12.97162529153974
2082.4746768,14.639849777525281,143.45,4699.986304065144,163.898006976,910.7563937252639,,13.282295447583031
2082.9733584,14.65984957230332,143.32,4889.9857503996955,163.6380101376,910.7563937252639,,13.823712817493748
2083.4753207999997,14.739848751415481,143.45,4429.987090852889,163.8380077056,916.346985429,146.26,12.531796010218489
2083.9740024000002,14.869847417472743,143.32,4429.987090852889,162.99801792000002,916.617014008608,,12.585534140753676
2084.4759648,15.419841773868841,143.5,4459.987003432035,162.96801828480002,916.617014008608,,12.69264170445455
2085.9752904,15.439841568646882,143.05,4509.9868577306,163.6880095296,916.617014008608,,12.738106725177964
2086.4739720000002,14.929846801806859,143.77,4329.987382255759,162.9080190144,916.617014008608,,12.349779523262086
2086.9759344000004,15.859837258985722,143.36,4479.986945151462,161.76803287680002,916.617014008608,149.34,12.833904818775457
2087.474616,14.779848340971562,143.64,4499.986886870883,163.198015488,916.617014008608,,12.794359099206664
2087.9732976,15.77983807987356,143.27,4479.986945151462,163.198015488,916.617014008608,,12.71404854457911
2088.47526,15.619839721649242,143.91,4769.986100083138,162.96801828480002,916.617014008608,155.49,13.60585436165619
2088.9739416,15.409841876479819,143.32,4819.985954381702,159.9180553728,916.617014008608,,13.948078389020328
2089.475904,15.339842594756682,143.77,4749.986158363709,163.9580062464,916.617014008608,,13.453001634082517
2089.9745856,15.659839311205321,143.0,4529.986799450028,162.99801792000002,916.617014008608,,12.845040023423499
2090.4732672,15.559840337315121,143.45,4649.9864497665785,163.51801159680002,916.617014008608,144.72,13.180374175523879
2090.9752296,16.019835617210042,143.36,4859.985837820559,162.93801864960002,916.617014008608,,13.813515336341057
2091.4739112,15.50984085037002,143.41,4889.9857503996955,164.03800527360002,916.617014008608,,13.806101641804963
2091.9758736,16.18983387282338,143.59,4779.986070942855,163.8680073408,916.617014008608,140.1,13.534926441078044
2092.4745552,15.569840234704142,144.0,4519.98682859031,161.8780315392,916.617014008608,,12.9932855736692
2092.9732368,15.639839516427282,143.86,4869.985808680268,163.2880143936,916.617014008608,,13.856756488633318
2093.4751992,15.289843107811581,143.36,4899.985721259406,163.8380077056,916.617014008608,149.34,13.844142682668876
2093.9738808,15.68983900337238,143.0,4919.985662978834,163.7780084352,916.617014008608,,13.873966118126857
2094.4758432,15.62983961903826,143.73,4859.985837820559,163.9880058816,916.617014008608,,13.757705720284832
2094.9745248000004,16.00983571982102,144.0,4849.98586696084,163.8680073408,916.617014008608,,13.768412751132368
2095.4732064000004,16.40983161538182,143.36,4919.985662978834,164.06800490880002,916.617014008608,158.57,13.890318782389663
2095.9751688,16.18983387282338,143.77,4999.985429856536,164.00800563840002,916.617014008608,,14.157140701097077
2096.4738504,16.41983151277084,144.0,5559.983798000473,163.54801123200002,916.617014008608,,15.79816589064797
2096.9758128,16.349832231047703,144.0,5759.983215194734,163.6680097728,916.617014008608,152.42,16.348946108777554
2097.4744944,15.099845057420202,143.23,5609.983652299038,163.3180140288,916.617014008608,,15.86543017007662
2097.973176,14.55985059841312,143.27,5159.984963611951,163.898006976,916.617014008608,,14.551302191641307
2098.4751384,14.549850701024102,143.09,4929.985633838543,163.7480088,916.617014008608,,13.903411938239593
2098.97382,14.399852240188801,143.73,4749.986158363709,163.9580062464,916.617014008608,138.56,13.441319359952065
2099.4757824000003,14.459851624522921,143.36,5389.984293385349,163.8680073408,916.617014008608,,15.205779885564638
2099.9744640000004,15.049845570475101,143.23,5199.984847050799,163.8380077056,916.617014008608,,14.668566529997793
2100.4731456,14.48985131668998,144.0,5149.984992752234,163.8680073408,916.617014008608,152.42,14.59876807441745
2100.975108,14.199854292408402,144.0,4879.985779539986,163.7480088,916.617014008608,,13.847432826783647
2101.4737895999997,14.719848956637442,143.59,4739.986187504,164.00800563840002,916.617014008608,,13.39900000135854
2101.9757520000003,14.789848238360582,143.0,4439.987061712608,163.8680073408,916.617014008608,,12.518949554436993
2102.4744336,14.689849264470379,143.36,4389.987207414042,163.92800661120003,916.617014008608,147.8,12.40488771030718
2102.9731152000004,14.759848546193522,143.82,4979.985488137116,164.00800563840002,916.617014008608,,14.093784828479905
2103.4750776,15.1498445443653,143.36,5129.985051032805,164.03800527360002,916.617014008608,,14.469186893663812
2103.9737592,15.53984054253708,143.0,5279.984613928508,171.9679088448,916.617014008608,149.34,14.175835913911298
2104.4757216000003,15.719838695539442,144.0,5049.985284155102,176.91784865280002,916.617014008608,,13.281085495336923
2104.9744032000003,15.77983807987356,143.8,4939.985604698261,179.7878137536,916.617014008608,,12.7723249336514
2105.4730848,15.81983766942964,143.3,4929.985633838543,179.67781509120002,916.617014008608,149.34,12.710919631541387
2105.9750472,15.75983828509552,144.0,4999.985429856536,179.53781679360003,916.617014008608,,12.961286699478437
2106.4737288,16.15983418065632,144.0,4939.985604698261,179.5078171584,916.617014008608,,12.81286776970722
2106.9756912000003,16.05983520676612,143.85,5049.985284155102,178.84782518400002,916.617014008608,,13.128543450847236
2107.4743728,16.099834796322202,143.75,4949.985575557971,179.53781679360003,916.617014008608,143.18,12.813848406182904
2107.9730544000004,15.98983592504298,143.14,5069.98522587453,179.0578226304,916.617014008608,,13.099802106105892
2108.4750168,15.26984331303354,143.05,4919.985662978834,176.88784901760002,916.617014008608,,12.856464186324503
2108.9736984,15.81983766942964,144.0,4659.986420626296,180.0678103488,916.617014008608,155.49,12.054333087739842
2109.4756608000002,16.16983407804534,143.65,4519.98682859031,179.8578129024,916.617014008608,,11.684552553781137
2109.9743424000003,16.18983387282338,143.45,4399.987178273752,179.6078159424,916.617014008608,,11.378129353146294
2110.473024,15.439841568646882,143.4,4379.987236554324,179.22782056320003,916.617014008608,,11.340487147846614
2110.9749864,15.459841363424921,144.0,4459.987003432035,179.647815456,916.617014008608,152.42,11.566357808584328
2111.473668,15.219843826088441,143.5,4179.9878193600625,179.53781679360003,916.617014008608,,10.815748136161481
2111.9756304000002,15.459841363424921,143.5,4419.98711999318,179.5078171584,916.617014008608,,11.433258329237626
2112.4743120000003,15.589840029482183,143.05,4829.985925241421,178.84782518400002,916.617014008608,157.03,12.489448473684575
2112.9729936,16.21983356499044,143.57,4489.986916011173,177.7378386816,916.617014008608,,11.738688042628432
2113.4749560000005,16.8998265874438,143.6,4379.987236554324,177.947836128,916.617014008608,,11.449251224691432
2113.9736376,15.799837874651601,143.57,4379.987236554324,167.1379675776,916.617014008608,152.42,12.168624870236492
2114.4756,15.739838490317482,143.45,4809.985983521992,162.7080214464,916.617014008608,,13.698069163059001
2114.9742816,15.51984074775904,143.75,4559.9867120291665,151.4781580032,916.617014008608,,13.973414867999466
2115.4729632,17.78981745506658,143.0,4579.986653748586,177.7378386816,916.617014008608,147.8,11.937565377407939
2115.9749256,17.2498229960595,143.29,5229.984759629944,171.74791152000003,916.617014008608,,14.103418641405069
2116.4736072,17.869816634178743,143.62,5819.98304035301,177.7078390464,916.617014008608,,15.19686039033424
2116.9755695999997,16.499830691883002,143.59,5849.982952932148,163.6680097728,916.617014008608,155.49,16.556628264385402
2117.4742512000003,16.70982853705242,143.0,5629.983594018466,162.598022784,916.617014008608,,15.979655381413671
2117.9729328000003,15.499840952981002,143.29,4909.985692119123,147.1282108992,916.617014008608,,15.427206947719307
2118.4748952000004,14.879847314861761,143.0,4239.987644518345,146.3782200192,916.617014008608,147.8,13.375560397946256
2118.9735768,14.859847520083722,143.29,4699.986304065144,146.39821977600002,916.617014008608,,14.840589563531953
2119.4755392,14.57985039319116,143.58,4829.985925241421,151.99815168,916.617014008608,,14.717579227685032
2119.9742208,15.369842286923742,144.0,4249.987615378056,166.4079764544,916.617014008608,,11.894139720741128
2120.4729024,15.659839311205321,143.62,4659.986420626296,173.5278898752,916.617014008608,152.42,12.469579252641141
2120.9748648,16.329832436269662,143.85,4639.986478906869,178.87782481920001,916.617014008608,,12.074013488619736
2121.4735464,16.66982894749634,143.0,4749.986158363709,177.25784451840002,916.617014008608,144.72,12.398658869785411
2121.9755087999997,16.53983028143908,143.85,5309.9845265076465,178.8078256704,916.617014008608,,13.804581573393008
2122.4741904,16.37983192321476,143.0,5749.983244335017,179.4378180096,916.617014008608,144.72,14.7964039781244
2122.9728720000003,16.1498342832673,143.0,5119.9850801730945,179.8178133888,916.617014008608,150.88,13.160927784993474
2123.4748344000004,16.27983294932456,143.0,4989.985458996827,179.5078171584,916.617014008608,156.01,12.853266016468389
2123.973516,16.50983058927202,143.8,4999.985429856536,179.3678188608,916.617014008608,,12.961974704544714
2124.4754784,16.329832436269662,143.35,5209.984817910516,179.74781424,916.617014008608,,13.429001470750695
2124.97416,16.93982617699988,143.4,5339.984439086784,179.9278120512,916.617014008608,137.02,13.756919755719439
2125.4728416,17.0998245352242,143.15,5439.984147683915,178.9878234816,916.617014008608,,14.061732703448147
2125.974804,16.2498332571575,144.0,5719.98333175588,179.3678188608,916.617014008608,146.26,14.826522228083737
2126.4734856,16.17983397543436,143.15,5759.983215194734,179.5778163072,916.617014008608,,14.824141123125807
2126.975448,16.37983192321476,144.0,5239.984730489654,179.8578129024,916.617014008608,,13.558352688616532
2127.4741296,16.13983438587828,143.35,5289.984584788219,179.9978112,916.617014008608,149.34,13.61272296140932
2127.9728112000003,16.58982976838418,143.35,5449.984118543625,179.647815456,916.617014008608,,14.051174131176056
2128.4747736,16.45983110232692,143.55,5119.9850801730945,179.74781424,916.617014008608,,13.21874135195675
2128.9734552,16.40983161538182,144.0,5529.983885421336,179.67781509120002,916.617014008608,152.42,14.315469792502965
2129.4754176,16.369832025825744,143.9,5549.983827140755,179.647815456,916.617014008608,,14.35889471054407
2129.9740992,16.91982638222184,143.2,5499.98397284219,179.4378180096,916.617014008608,,14.183314908545313
2130.4727808000002,16.809827510942622,143.5,5139.985021892522,179.74781424,916.617014008608,152.42,13.268227768765247
2130.9747432,17.06982484305714,143.05,5169.98493447166,179.647815456,916.617014008608,,13.31296748942715
2131.4734248000004,16.999825561334003,143.4,5089.985167593957,179.0178231168,916.617014008608,,13.18606654317437
2131.9753872,17.06982484305714,143.65,5139.985021892522,176.7878502336,916.617014008608,144.72,13.504145942697763
2132.4740688,16.48983079449398,144.0,5589.983710579611,175.07787102720002,916.617014008608,,14.846462875788443
2132.9727504,16.53983028143908,143.25,5289.984584788219,177.80783783040002,916.617014008608,,13.772575113055527
2133.4747128,17.03982515089008,143.75,5229.984759629944,177.4978416,916.617014008608,,13.692861305736447
2133.9733944,16.9498260743889,143.0,5169.98493447166,177.39784281599998,916.617014008608,146.26,13.474302432079284
2134.4753568,16.93982617699988,143.5,5319.984497367356,176.4778540032,916.617014008608,,13.980703468036097
2134.9740384,16.45983110232692,143.4,5539.9838562810455,178.46782980480003,916.617014008608,,14.378240087196883
2135.47272,16.65982905010732,143.15,5389.984293385349,178.8078256704,916.617014008608,143.18,13.943969618638835
2135.9746824,16.499830691883002,144.0,5139.985021892522,178.1878332096,916.617014008608,,13.426642416045256
2136.4733640000004,16.52983038405006,143.2,4829.985925241421,179.71781460480003,916.617014008608,,12.450499461536962
2136.9753264,16.209833667601423,143.45,5069.98522587453,179.9978112,916.617014008608,,13.061897099547206
2137.474008,16.75982802399752,143.6,5349.984409946493,179.71781460480003,916.617014008608,143.18,13.81586607173773
2137.9726895999997,16.17983397543436,143.5,5539.9838562810455,179.39781849599999,916.617014008608,,14.31193013979464
2138.4746520000003,16.809827510942622,143.5,5149.984992752234,179.46781764480002,916.617014008608,,13.314281695157593
2138.9733336,16.70982853705242,143.0,5079.985196734239,178.7778260352,916.617014008608,155.49,13.139100770309094
2139.475296,17.00982545872302,143.9,5149.984992752234,178.7378265216,916.617014008608,,13.406638931462632
2139.9739775999997,16.87982679266576,143.7,5249.984701349363,177.29784403200003,916.617014008608,,13.753919171967743
2140.4726592,17.20982340650342,143.33,5589.983710579611,175.947860448,916.617014008608,,14.711766028313667
2140.9746216000003,16.58982976838418,143.15,5469.984060263051,178.7078268864,916.617014008608,153.96,14.156076366741768
2141.4733032000004,16.26983305193554,143.85,5639.9835648781755,178.7778260352,916.617014008608,,14.653916537885525
2141.9752656,16.38983182060378,143.0,5239.984730489654,179.67781509120002,916.617014008608,,13.478597353320884
2142.4739472,16.4498312049379,143.7,5489.984001982479,179.0878222656,916.617014008608,153.96,14.230216641177325
2142.9726288,16.26983305193554,143.5,5599.98368143932,179.8878125376,916.617014008608,,14.427181508843898
2143.4745912000003,15.879837053763762,143.4,5699.983390036452,180.13780949760002,916.617014008608,,14.648729597482843
2143.9732728,15.869837156374743,143.0,5649.983535737886,179.6078159424,916.617014008608,,14.523533152355911
2144.4752352,15.51984074775904,143.25,5089.985167593957,179.8178133888,921.007478691864,163.19,13.101906187025833
2144.9739168,15.599839926871201,145.45,4809.985983521992,180.13780949760002,936.809151128184,,12.555224067446124
2145.4725984,16.019835617210042,147.0,4719.986245784572,179.5778163072,940.0294919664719,,12.494670950092091
2145.9745608000003,16.369832025825744,147.0,5119.9850801730945,178.947823968,940.0294919664719,,13.592188673331924
2146.4732424000003,10.26989461852354,146.49,5599.98368143932,104.9687235648,940.0294919664719,144.72,25.085057865487638
2146.9752048,9.899898415129801,147.0,4199.987761079491,97.93880904960001,940.0294919664719,,20.248133159388455
2147.4738864,9.13990621356428,147.44,3799.988926690968,97.69881196800002,950.7006213902399,,18.420848003202046
2147.972568,9.62990118562626,150.22,3899.988635288099,97.96880868480001,974.963189320944,,19.209829052887756
2148.4745304000003,9.66990077518234,150.05,4029.988256464367,97.89880953600002,974.963189320944,164.73,19.839520957781
2148.973212,9.289904674399581,151.0,3439.9899757412995,97.7888108736,984.774227713368,,17.069629805895264
2149.4751744,9.68990056996038,151.25,3659.989334654989,97.9188092928,986.6744288291279,,18.16553500019478
2149.973856,8.40991370416582,151.32,2929.9914618959288,68.13917141760001,986.6744288291279,,20.884366136444374
2150.4725376,10.60989112975022,152.0,4049.9881981837943,116.91857825279999,986.6744288291279,146.26,16.931603880268764
2150.9745000000003,10.999887127922,151.5,3829.988839270105,137.0583333504,986.6744288291279,,13.635048718111582
2151.4731816,11.339883639148681,151.48,3859.9887518492505,136.9383348096,986.6744288291279,,13.754160629703614
2151.975144,11.439882613038879,151.5,4069.988139903223,137.95832240640001,986.6744288291279,,14.393472230245832
2152.4738256,12.6998696840554,151.0,4409.98714913347,154.0581266304,986.6744288291279,157.03,13.933823905389906
2152.9725071999997,12.6498701971103,151.35,4369.9872656946145,153.97812760320002,986.6744288291279,,13.846884305184165
2153.4744696,12.67986988927736,151.42,4429.987090852889,154.3181234688,986.6744288291279,,14.011523456072597
2153.9731512,12.6498701971103,151.65,4289.987498816911,153.9581278464,986.6744288291279,,13.623850355002672
2154.4751136,12.6998696840554,151.46,4019.9882856046565,154.348123104,986.6744288291279,157.03,12.725752740732638
2154.9737952,12.93986722139188,151.35,3899.988635288099,153.9081284544,986.6744288291279,,12.377212250512226
2155.4724768000005,12.899867631835798,151.83,4189.987790219781,154.1081260224,986.6744288291279,,13.313705875512321
2155.9744392,12.90986752922482,152.0,4409.98714913347,154.3681228608,986.6744288291279,,13.999220187391016
2156.4731208000003,12.849868144890701,151.65,4329.987382255759,154.0881262656,986.6744288291279,144.72,13.74006572843608
2156.9750832,12.47987194149696,152.0,3939.9885187269538,154.0881262656,986.6744288291279,,12.537814715807025
2157.4737648000005,12.819868452723641,152.0,4029.988256464367,154.16812529280003,986.6744288291279,,12.818079127186126
2157.9724464,13.059865990060121,151.65,4669.986391486007,154.16812529280003,986.6744288291279,166.27,14.80455440139636
2158.4744088,13.359862911730719,151.26,4519.98682859031,154.0881262656,986.6744288291279,,14.305928280323334
2158.9730904000003,12.93986722139188,151.33,4499.986886870883,154.0381268736,986.6744288291279,,14.250693221085665
2159.4750528,12.97986681094796,151.78,4769.986100083138,154.16812529280003,986.6744288291279,155.49,15.13138259521459
2159.9737344000005,13.48986157778798,151.0,4809.985983521992,154.13812565760003,986.6744288291279,,15.186765263167114
2160.472416,13.899857370737799,151.33,5439.984147683915,154.13812565760003,986.6744288291279,,17.201625351850513
2160.9743784,13.669859730790341,151.0,5379.984322525632,154.16812529280003,986.6744288291279,150.88,16.971127447715368
2161.4730600000003,14.339852855854682,152.0,4919.985662978834,169.9079338944,986.6744288291279,,14.200378559054796
2161.9750224000004,14.789848238360582,151.52,4869.985808680268,171.047920032,986.6744288291279,,13.924529314522891
2162.473704,14.96984639136294,151.1,4979.985488137116,171.42791541120002,986.6744288291279,,14.167433725927205
2162.9723856,14.679849367081362,151.0,4759.986129223426,171.0179203968,986.6744288291279,169.35,13.567984015178958
2163.4743479999997,15.20984392869942,151.36,4729.986216644289,170.6679246528,986.6744288291279,,13.54706249298854
2163.9730296000002,15.919836643319838,151.19,4649.9864497665785,170.59792550400002,986.6744288291279,,13.316734367780908
2164.474992,15.419841773868841,151.19,4889.9857503996955,170.97792088320003,986.6744288291279,153.96,13.962027677796177
2164.9736736,15.089845160031182,151.33,4399.987178273752,171.42791541120002,986.6744288291279,,12.55210521806724
2165.4723552,15.26984331303354,151.62,4479.986945151462,171.0179203968,986.6744288291279,,12.834151219113366
2165.9743176,15.619839721649242,151.76,4329.987382255759,171.42791541120002,986.6744288291279,166.27,12.39368741028844
2166.4729992,15.68983900337238,151.76,4519.98682859031,171.42791541120002,986.6744288291279,,12.932299785432722
2166.9749616,15.649839413816299,151.43,4639.986478906869,171.0179203968,986.6744288291279,,13.274621636125561
2167.4736432,16.22983346237946,151.29,4429.987090852889,171.42791541120002,986.6744288291279,149.34,12.643180932098051
2167.9723248,15.549840439926102,151.0,4519.98682859031,171.2679173568,986.6744288291279,,12.87891192914371
2168.4742871999997,15.489841055591981,151.43,5489.984001982479,171.1679185728,986.6744288291279,,15.667086504235755
2168.9729688000007,14.679849367081362,151.24,5989.982544968133,171.0179203968,986.6744288291279,,17.068699736425586
2169.4749312,14.939846699195881,151.62,5909.982778090431,171.42791541120002,986.6744288291279,160.11,16.84652763807392
2169.9736128000004,15.479841158202962,151.14,5609.983652299038,171.1679185728,986.6744288291279,,15.97617662364406
2170.4722944,15.38984208170178,151.43,5569.983768860184,171.2379177216,986.6744288291279,,15.886179621050871
2170.9742568,14.639849777525281,151.62,5479.98403112277,171.0179203968,986.6744288291279,164.73,15.664652043997737
2171.4729384,14.809848033138621,151.0,5419.984205964487,171.397915776,986.6744288291279,,15.399154810839985
2171.9749008000003,15.079845262642161,151.0,5239.984730489654,171.20791808639999,986.6744288291279,,14.910594577805925
2172.4735824,14.90984700702882,151.38,5269.98464306879,171.2379177216,986.6744288291279,,15.028588811725518
2172.9722640000005,15.309842902589622,151.9,5449.984118543625,171.3579162624,986.6744288291279,164.73,15.583081096061443
2173.4742264,14.649849674914298,152.0,5679.983448317023,171.42791541120002,986.6744288291279,,16.233655806095943
2173.972908,14.609850085358222,151.19,5919.982748950141,171.1679185728,986.6744288291279,,16.84988767001532
2174.4748704000003,14.879847314861761,151.48,6149.98207872354,171.2679173568,986.6744288291279,153.96,17.525167405308803
2174.9735520000004,14.599850187969201,152.0,6299.981641619236,171.42791541120002,986.6744288291279,,17.99164717318148
2175.4722336,14.2498537793535,151.19,6309.981612478953,171.1379189376,986.6744288291279,,17.951835277153386
2175.974196,14.759848546193522,151.38,5809.983069493301,171.297916992,986.6744288291279,,16.548530268790817
2176.4728775999997,14.57985039319116,152.0,5609.983652299038,171.0179203968,986.6744288291279,169.35,16.07267538817272
2176.97484,15.27984321042256,151.67,5949.982661529278,171.1079193024,986.6744288291279,,16.99961634400808
2177.4735216,14.959846493973922,151.38,5869.982894651575,171.3279166272,986.6744288291279,,16.716925524015906
2177.9722032,14.66984946969234,151.24,5619.983623158749,170.1879304896,986.6744288291279,166.27,16.09951215886912
2178.4741656,14.689849264470379,151.59,5249.984701349363,165.45798800640003,986.6744288291279,,15.510079059015759
2178.9728472,14.48985131668998,151.5,4919.985662978834,164.24800272000002,986.6744288291279,,14.638891423925097
2179.4748096000003,14.679849367081362,151.64,4729.986216644289,164.4779999232,986.6744288291279,,14.073291817110091
2179.9734912,12.969866913558942,151.55,4939.985604698261,164.27800235520002,986.6744288291279,163.19,14.687150423785557
2180.4721728000004,14.169854600241338,151.64,5469.984060263051,164.24800272000002,986.6744288291279,,16.27380783113164
2180.9741351999996,14.55985059841312,152.0,5439.984147683915,164.24800272000002,986.6744288291279,,16.22666214617484
2181.4728168,15.1498445443653,151.55,5079.985196734239,163.7180091648,986.6744288291279,166.27,15.170036927914014
2181.9747792,13.70985932034642,151.59,5179.984905331371,164.44800028800003,986.6744288291279,,15.389857529561112
2182.4734608000003,14.549850701024102,151.23,4839.9858961011305,164.5379991936,986.6744288291279,,14.352796106159017
2182.9721424000004,14.829847827916662,151.67,4759.986129223426,164.06800490880002,986.6744288291279,,14.20089636957057
2183.4741048000005,14.72984885402646,151.64,4989.985458996827,164.4180006528,986.6744288291279,155.49,14.845824209005475
2183.9727864,14.479851419300962,151.77,4879.985779539986,164.5679988288,986.6744288291279,,14.518404296648546
2184.4747488000003,14.399852240188801,151.5,4849.98586696084,164.1580038144,986.6744288291279,,14.439445154370638
2184.9734304000003,14.7998481357496,151.77,4669.986391486007,164.21800308480002,986.6744288291279,152.42,13.930999643895985
2185.472112,14.199854292408402,151.18,4359.987294834905,164.33800162560001,986.6744288291279,,12.950008257489296
2185.9740744,14.169854600241338,151.64,4499.986886870883,164.5079995584,986.6744288291279,161.65,13.38827624175172
2186.472756,14.46985152191194,151.18,4379.987236554324,164.1580038144,986.6744288291279,,13.025282141692685
2186.9747184000003,14.38985234279978,151.0,4529.986799450028,164.6579977344,986.6744288291279,,13.410109110759343
2187.4734000000003,14.42985193235586,151.45,5139.985021892522,164.24800272000002,986.6744288291279,164.73,15.282464532186905
2187.9720816,14.539850803635082,151.05,5129.985051032805,164.1280041792,986.6744288291279,,15.224974956063468
2188.474044,12.489871838885982,152.0,5219.984788770225,164.3680012608,986.6744288291279,,15.546588772736309
2188.9727256,12.589870812776182,151.23,5049.985284155102,164.5679988288,986.6744288291279,163.19,14.950848667534792
2189.4746880000002,14.529850906246061,151.41,4539.986770309738,164.1280041792,986.6744288291279,,13.519910464448197
2189.9733696,15.26984331303354,151.77,5259.984672209081,164.44800028800003,986.6744288291279,,15.657394341754983
2190.4720512,14.90984700702882,151.41,5309.9845265076465,164.5079995584,986.6744288291279,149.34,15.759056981199596
2190.9740136,14.769848443582541,151.77,5479.98403112277,164.1280041792,986.6744288291279,,16.33414558522735
2191.4726952,14.719848956637442,151.09,5589.983710579611,164.4180006528,986.6744288291279,,16.555968264720374
2191.9746576,14.609850085358222,151.36,5269.98464306879,164.39800089599999,986.6744288291279,161.65,15.644006337722466
2192.4733392,14.439851829744882,151.36,5369.984351665921,164.24800272000002,986.6744288291279,,15.951504475835328
2192.9720208000003,15.079845262642161,151.55,5259.984672209081,164.1280041792,986.6744288291279,,15.663504034755448
2193.4739832,15.089845160031182,151.81,5139.985021892522,164.4180006528,986.6744288291279,157.03,15.308388341757336
2193.9726648000005,15.20984392869942,151.41,5889.982836371003,164.5679988288,986.6744288291279,,17.462790697895443
2194.4746271999998,14.809848033138621,151.0,6219.981874741534,164.06800490880002,986.6744288291279,,18.436622404612258
2194.9733088000003,14.849847622694702,151.45,5949.982661529278,164.44800028800003,986.6744288291279,163.19,17.65371749476554
2195.4719904,14.7498486488045,151.18,5489.984001982479,164.5079995584,986.6744288291279,,16.263064755745233
2195.9739528,14.42985193235586,151.95,4999.985429856536,163.9880058816,986.6744288291279,,14.94168998437567
2196.4726344,14.589850290580182,151.23,5319.984497367356,164.3680012608,986.6744288291279,160.11,15.780486398670284
2196.9745968,14.929846801806859,152.0,5599.98368143932,164.3680012608,986.6744288291279,,16.691320785789106
2197.4732784000003,14.829847827916662,151.59,5089.985167593957,164.5379991936,986.6744288291279,,15.125780904830796
2197.9719600000003,15.18984413392138,151.55,5689.98341917674,164.1580038144,986.6744288291279,,16.93138305777769
2198.4739224000004,15.219843826088441,151.52,5629.983594018466,164.71799700480003,986.6744288291279,163.19,16.694657202253115
2198.972604,15.68983900337238,151.32,5449.984118543625,164.18800344960002,986.6744288291279,,16.199547411534585
2199.4745664,15.289843107811581,151.0,5539.9838562810455,164.1280041792,986.6744288291279,,16.432891187772427
2199.973248,15.339842594756682,151.45,5859.982923791865,164.4180006528,986.6744288291279,161.65,17.395899509332306
2200.4719296000003,14.889847212250778,151.0,5789.983127773872,164.1580038144,986.6744288291279,,17.16208571614193
2200.973892,14.789848238360582,151.45,4959.985546417689,164.30800199040002,986.6744288291279,,14.749280945369522
2201.4725736,15.319842799978641,151.73,4779.986070942855,164.44800028800003,986.6744288291279,166.27,14.237110923953631
2201.974536,13.689859525568378,152.0,4759.986129223426,154.348123104,986.6744288291279,,15.110136641507458
2202.4732176,12.849868144890701,147.96,4809.985983521992,148.1681982528,922.9076798076239,,15.472953176343381
2202.9718992,13.039866195282082,143.33,4269.987557097484,147.8282023872,910.7563937252639,,13.353307211487847
2203.4738616,13.3998625012868,143.96,4319.9874113960495,147.8582020224,910.7563937252639,164.73,13.567586853282664
2203.9725432,13.929857062904858,143.12,4299.987469676621,147.9082014144,910.7563937252639,,13.427157235683378
2204.4745056,14.059855728962122,143.0,4409.98714913347,147.8582020224,910.7563937252639,,13.76188949226559
2204.9731871999998,13.93985696029388,143.0,5079.985196734239,147.7882028736,910.7563937252639,157.03,15.840999367075732
2205.4718688000003,14.18985439501938,143.2,5389.984293385349,148.1681982528,910.7563937252639,,16.78306646278097
2205.9738312,14.31985306107664,143.21,4829.985925241421,147.8082026304,910.7563937252639,,15.09039478570808
2206.4725128000005,13.869857678570742,143.42,5159.984963611951,148.0681994688,910.7563937252639,177.05,16.104624693129246
2206.9744752,13.6498599360123,143.96,4649.9864497665785,147.6182049408,910.7563937252639,,14.620980085409418
2207.4731568,13.799858396847602,143.63,4529.986799450028,147.9782005632,910.7563937252639,,14.181235630257941
2207.9718384000003,13.879857575959761,143.42,4389.987207414042,148.0182000768,910.7563937252639,,13.723655521565394
2208.4738008000004,14.119855113296241,143.96,4199.987761079491,147.87820177920003,910.7563937252639,164.73,13.198207529081657
2208.9724824,14.55985059841312,143.25,4289.987498816911,147.9782005632,910.7563937252639,,13.407325581135572
2209.4744448,17.0998245352242,143.2,4459.987003432035,146.3282206272,910.7563937252639,,14.10612119889541
2209.9731264,10.96988743575494,137.36,2959.9913744750747,30.449629728,910.7563937252639,163.19,42.803882967278284
2211.4724520000004,15.239843620866482,104.1,689.997989320202,17.1697912128,910.7563937252639,158.57,13.510738212528683
2215.9737096000003,20.88978564566278,104.0,409.99880524823595,97.8088106304,910.7563937252639,,1.5717072112434105
2217.4730351999997,32.25966897697852,104.0,849.9975230756111,129.0184311168,910.7563937252639,,2.465349908302982
2217.9717168,31.33967841718868,104.0,849.9975230756111,130.47841336320002,910.7563937252639,,2.433020834350589
2218.4736792,31.85967308141772,104.0,819.9976104964734,130.9084081344,910.7563937252639,163.19,2.3540794581270785
2218.9723608000004,32.46966682214794,104.0,819.9976104964734,130.5784121472,910.7563937252639,,2.3645211361656475
2219.4743231999996,33.67965440621936,104.0,799.9976687770459,130.3184153088,910.7563937252639,,2.3279018639359443
2219.9730048,31.729674415360464,104.0,839.997552215901,130.5184128768,910.7563937252639,158.57,2.410178073404404
2220.4716864,31.439677391078884,104.0,839.997552215901,130.9584075264,910.7563937252639,,2.4005243189870336
2220.9736488000003,31.199679853742403,104.0,849.9975230756111,130.9084081344,910.7563937252639,,2.4247146724800084
2221.4723304000004,31.02968159812906,104.0,839.997552215901,130.9084081344,910.7563937252639,166.27,2.397860590935505
2221.9742928000005,31.119680674630242,104.0,829.9975813561836,130.848408864,910.7563937252639,,2.374179655812755
2222.4729744,31.40967769891182,104.0,809.9976396367559,130.8284091072,910.7563937252639,,2.326108316236284
2222.971656,29.70969514277842,104.0,809.9976396367559,130.9084081344,910.7563937252639,161.65,2.310425786876928
2223.4736184000003,29.85969360361372,104.0,829.9975813561836,130.97840728320003,910.7563937252639,,2.3613946583713856
2223.9723,30.41968785739884,104.0,849.9975230756111,130.9084081344,910.7563937252639,,2.4180966522929426
2224.4742624,31.88967277358478,104.0,849.9975230756111,130.9084081344,910.7563937252639,,2.4305690749531816
2224.972944,30.359688473064722,104.0,849.9975230756111,130.848408864,910.7563937252639,164.73,2.4185780180806735
2225.4716256,28.999702428158002,104.0,829.9975813561836,130.8284091072,910.7563937252639,,2.3565147933565798
2225.9735880000003,28.229710329203463,104.0,839.997552215901,130.9084081344,910.7563937252639,,2.3741035953921923
2226.4722696,28.06971197097914,104.0,819.9976104964734,130.9584075264,910.7563937252639,147.8,2.3211270970271447
2226.974232,28.15971104748032,104.0,829.9975813561836,130.9084081344,910.7563937252639,,2.348097977974217
2227.4729136,30.259689499174524,104.0,839.997552215901,130.9084081344,910.7563937252639,,2.391327417161094
2227.9715951999997,32.50966641170402,104.0,839.997552215901,130.8684086208,910.7563937252639,144.72,2.4110702882723145
2228.4735576,32.91966220465384,104.0,849.9975230756111,130.81840922880002,910.7563937252639,,2.4407942625491823
2228.9722392,32.05967102919812,104.0,829.9975813561836,130.9284078912,910.7563937252639,,2.380865895990438
2229.4742016,30.469687344343946,104.0,819.9976104964734,130.9584075264,910.7563937252639,144.72,2.34149023606427
2229.9728832,28.53970714826308,104.0,839.997552215901,130.9084081344,910.7563937252639,,2.376733834184488
2230.4715648000006,26.149731672287302,104.0,829.9975813561836,130.9084081344,910.7563937252639,,2.3310438490306247
2230.9735272,26.57972726001516,104.0,839.997552215901,130.848408864,910.7563937252639,147.8,2.3610827292823733
2231.4722088000003,26.759725413017517,104.0,849.9975230756111,136.6783379712,910.7563937252639,,2.295857874033386
2231.9741712,25.329740086387663,104.0,839.997552215901,146.798214912,910.7563937252639,,2.1184456103782137
2232.4728528,24.869744806492744,104.0,829.9975813561836,146.698216128,910.7563937252639,,2.0931637271731236
2232.9715344,25.079742651662162,104.0,819.9976104964734,146.848214304,910.7563937252639,144.72,2.070369626633864
2233.4734968000002,24.50974850048802,104.0,809.9976396367559,146.9582129664,910.7563937252639,,2.041506585388341
2233.9721784000003,25.449738855055905,104.0,829.9975813561836,146.6582166144,910.7563937252639,,2.0985981562675757
2234.4741408,26.409729004401825,104.0,839.997552215901,146.88821381760002,910.7563937252639,137.02,2.1264427238895642
2234.9728224000005,26.32972982528966,104.0,839.997552215901,146.76821527680002,910.7563937252639,,2.127319335853083
2235.471504,26.499728080903,104.0,839.997552215901,146.6782163712,910.7563937252639,,2.1299299324344796
2235.9734664000002,26.6497265417383,104.0,849.9975230756111,146.91821345280002,910.7563937252639,143.18,2.1507331472989826
2236.472148,28.759704890821517,104.0,829.9975813561836,146.698216128,910.7563937252639,,2.1261689816957974
2236.9741104000004,31.0996808798522,104.0,829.9975813561836,146.88821381760002,910.7563937252639,,2.1435885087095015
2237.472792,30.209690012229423,104.0,819.9976104964734,146.60821722240001,910.7563937252639,163.19,2.1169366790901076
2237.9714736,30.88968303468278,104.0,809.9976396367559,146.848214304,910.7563937252639,,2.097012040877741
2238.4734359999998,30.769684266014544,104.0,839.997552215901,146.91821345280002,910.7563937252639,,2.163047310988318
2238.9721176000003,33.3496577923817,104.0,839.997552215901,141.4082804544,910.7563937252639,147.8,2.259047590657008
2239.47408,31.799673697083602,104.0,849.9975230756111,146.448219168,910.7563937252639,,2.200605698536256
2239.9727616,30.72968467645846,104.0,819.9976104964734,146.848214304,910.7563937252639,,2.1183078497837626
2240.4714432,30.5996860104012,104.0,829.9975813561836,146.848214304,910.7563937252639,,2.139858197927732
2240.9734056,30.08969124356118,104.0,829.9975813561836,146.8182146688,910.7563937252639,147.8,2.1359152213554125
2241.4720872,31.36967810935574,104.0,819.9976104964734,146.8182146688,910.7563937252639,,2.124117581865852
2241.9740496,33.9496516357229,104.0,819.9976104964734,145.9782248832,910.7563937252639,,2.156699021433579
2242.4727311999995,33.039660973322086,104.0,839.997552215901,144.5382423936,910.7563937252639,153.96,2.2136254227244065
2242.9714128000005,31.38967790413378,104.0,839.997552215901,146.8182146688,910.7563937252639,,2.169603235309899
2243.4733752,28.66970581432034,104.0,889.9974065144664,146.8182146688,910.7563937252639,,2.259814912614659
2243.9720568000002,28.6997055064874,104.0,1589.9953666943816,146.8682140608,910.7563937252639,144.72,3.844901608311475
2244.4740192,30.259689499174524,104.0,1659.9951627123671,146.6782163712,910.7563937252639,,4.021559909661236
2244.9727008000004,32.43966712998088,104.0,1669.9951335720848,146.798214912,910.7563937252639,,4.05963998967191
2245.4713824,33.0996603576562,104.0,1669.9951335720848,146.848214304,910.7563937252639,,4.063951327804286
2245.9733448,34.5496454790641,104.0,1639.9952209929468,145.81822682880002,910.7563937252639,144.72,4.0345359736034965
2246.4720264000002,34.40964691561782,104.0,1659.9951627123671,130.148417376,910.7563937252639,,4.534930113762901
2246.9739888000004,34.589645068620186,104.0,1659.9951627123671,115.20859904640001,910.7563937252639,,5.086670227420028
2247.4726704,33.52965594538406,104.0,1659.9951627123671,110.5386558336,910.7563937252639,149.34,5.2801749778237514
2247.9713520000005,33.82965286705466,104.0,1639.9952209929468,108.38868197759999,910.7563937252639,,5.320430798451142
2248.4733144,33.45965666366092,104.0,1679.9951044317947,104.62872769920001,910.7563937252639,,5.62534983272243
2248.971996,32.2996685665346,104.0,1669.9951335720848,106.92869973120001,910.7563937252639,146.26,5.469505701208608
2249.4739584000004,30.56968631823414,104.0,1639.9952209929468,113.9186147328,910.7563937252639,,5.04843557582639
2249.97264,27.53971740936108,104.0,1649.9951918526572,121.098527424,910.7563937252639,,4.76625471977808
2250.4713216,26.529727773070064,104.0,1649.9951918526572,121.2585254784,910.7563937252639,143.18,4.751704578694939
2250.973284,27.93971330492188,104.0,1649.9951918526572,120.87853009919999,910.7563937252639,,4.7778978259025005
2251.4719655999997,26.549727567848098,104.0,1659.9951627123671,121.36852414079999,910.7563937252639,,4.775180837343506
2251.973928,26.91972377124184,104.0,1679.9951044317947,121.0685277888,910.7563937252639,,4.844548480551819
2252.4726096,26.9497234634089,104.0,1649.9951918526572,121.0685277888,910.7563937252639,143.18,4.762371913759692
2252.9712912,27.0997219242442,104.0,1639.9952209929468,121.3085248704,910.7563937252639,,4.727252430668186
2253.4732536,32.42966723259186,104.0,1679.9951044317947,133.27837931520003,910.7563937252639,,4.468406499039056
2253.9719351999997,34.91964168245784,104.0,1669.9951335720848,127.97844376320002,910.7563937252639,,4.637193656788818
2254.4738976000003,33.38965738193778,104.0,1659.9951627123671,115.598594304,910.7563937252639,155.49,5.060317873043694
2254.9725792,35.83963224224768,104.0,1669.9951335720848,121.41852353280001,910.7563937252639,,4.879527359842485
2255.4712608000004,33.47965645843896,104.0,1689.9950752915122,110.7586531584,910.7563937252639,141.64,5.359932068590955
2255.9732231999997,33.68965430360838,104.0,1649.9951918526572,125.96846820480002,910.7563937252639,,4.643205430301025
2256.4719048,33.10966025504522,104.0,1649.9951918526572,129.4884254016,910.7563937252639,,4.519835811928276
2256.9738672,32.009671542253024,104.0,1669.9951335720848,130.798409472,915.356880637104,144.72,4.518914924450096
2257.4725488000004,32.01967143964204,104.0,1649.9951918526572,130.848408864,916.617014008608,,4.4665301077682145
2257.9712304000004,30.759684368625518,104.0,1629.9952501332293,130.8884083776,916.617014008608,,4.403726361646892
2258.4731928000006,25.419739162888842,104.0,1649.9951918526572,131.0184067968,916.617014008608,,4.405088605456906
2258.9718744,27.05972233468812,104.0,1679.9951044317947,130.81840922880002,916.617014008608,146.26,4.5016957868919505
2259.4738368000003,32.51966630909304,104.0,1659.9951627123671,130.9084081344,916.617014008608,,4.494261493830276
2259.9725184000004,33.98965122527898,104.0,1639.9952209929468,129.3784267392,916.617014008608,,4.505194051987281
2260.4712,30.40968796000982,104.0,1659.9951627123671,130.848408864,916.617014008608,146.26,4.478293180145637
2260.9731624,26.45972849134692,104.0,1659.9951627123671,130.9584075264,916.617014008608,,4.4412340221904145
2261.471844,28.759704890821517,104.0,1649.9951918526572,130.9284078912,916.617014008608,144.72,4.436307066026442
2261.9738064000003,32.11967041353224,104.0,1659.9951627123671,130.62841153920002,916.617014008608,,4.499909476631793
2262.4724880000003,32.20966949003342,104.0,1669.9951335720848,130.8884083776,916.617014008608,,4.517691393232038
2262.9711696,31.57967595452516,104.0,1649.9951918526572,130.9284078912,916.617014008608,149.34,4.460233754395064
2263.473132,33.41965707410484,104.0,1639.9952209929468,130.75840995840002,916.617014008608,,4.455855011179819
2263.9718136,34.50964588950802,104.0,1649.9951918526572,129.8384211456,916.617014008608,146.26,4.520287798078939
2264.4737760000003,33.559655637551124,104.0,1659.9951627123671,128.5384369536,916.617014008608,,4.58086261795275
2264.9724576,32.10967051614322,104.0,1649.9951918526572,130.848408864,916.617014008608,,4.467293725482106
2265.4711392,32.069670926587136,104.0,1659.9951627123671,130.8884083776,916.617014008608,,4.491087968017308
2265.9731016,32.05967102919812,104.0,1659.9951627123671,130.9084081344,916.617014008608,161.65,4.49035855884816
2266.4717832,32.90966230726482,104.0,1669.9951335720848,130.9284078912,916.617014008608,,4.522333948893068
2266.9737456,31.649675236248303,104.0,1649.9951918526572,130.9084081344,916.617014008608,,4.461468163399946
2267.4724272,32.16966990047734,104.0,1639.9952209929468,130.9084081344,916.617014008608,137.02,4.440468484328615
2267.9711088000004,35.33963737279667,104.0,1679.9951044317947,124.85848170240003,916.617014008608,,4.775870803897601
2268.4730712,32.67966466731737,104.0,1669.9951335720848,125.81847002880001,916.617014008608,,4.69271012016187
2268.9717528,30.55968642084512,104.0,1639.9952209929468,130.8284091072,916.617014008608,152.42,4.429356567818638
2269.4737152,30.66968529212434,104.0,1659.9951627123671,131.1284054592,916.617014008608,,4.471487693951654
2269.9723968000003,31.539676364969083,104.0,1669.9951335720848,130.7784097152,916.617014008608,,4.515576679919913
2270.4710784,32.90966230726482,104.0,1659.9951627123671,130.848408864,916.617014008608,,4.49950478330931
2270.9730408,32.499666514315,104.0,1639.9952209929468,130.8884083776,916.617014008608,146.26,4.44390521288637
2271.4717224000005,30.3496885756757,104.0,1669.9951335720848,130.9084081344,916.617014008608,,4.501261514813602
2271.9736848000002,29.57969647672116,104.0,1679.9951044317947,130.81840922880002,916.617014008608,,4.523077082880932
2272.4723664000003,10.26989461852354,117.68,2239.993472575731,54.4793375232,916.617014008608,149.34,15.564132705494528
2272.971048,10.859888564475721,143.0,3739.9891015326925,147.4782066432,916.617014008608,,11.691865343037652
2273.4730104000005,11.659880355597322,143.37,4539.986770309738,130.9084081344,916.617014008608,,16.003224748920335
2273.971692,11.10988599920122,143.64,4799.986012662275,130.848408864,916.617014008608,164.73,16.94876859155017
2274.4736544,12.38987286499578,143.44,4489.986916011173,130.8284091072,916.617014008608,,15.851563579615494
2274.972336,12.32987348066166,143.61,4709.986274924862,130.9284078912,916.617014008608,,16.62954062140146
2275.4710176000003,10.01989718379804,143.67,4799.986012662275,130.948407648,916.617014008608,152.42,16.93016685350306
2275.97298,11.21988487048044,143.0,4479.986945151462,130.9284078912,916.617014008608,,15.74640913239639
2276.4716616,7.6499215026003,143.33,4699.986304065144,131.1684049728,916.617014008608,152.42,16.49248466575819
2276.973624,11.139885691368281,143.07,4559.9867120291665,130.5884120256,916.617014008608,,16.074511487309984
2277.4723056000003,12.559871120609122,143.0,3929.988547867237,130.81840922880002,916.617014008608,144.72,13.847857516419058
2277.9709872,12.45987214671892,143.71,4599.986595468014,130.9284078912,916.617014008608,,16.255949264059073
2278.4729496,12.379872967606758,143.26,4579.986653748586,130.9584075264,916.617014008608,,16.13102862232227
2278.9716311999996,12.639870299721279,143.77,4529.986799450028,143.2582579584,916.617014008608,158.57,14.648926533714395
2279.4735935999997,13.23986414306248,143.0,4739.986187504,146.91821345280002,916.617014008608,,14.869624038284343
2279.9722752,13.349863014341702,143.16,4639.986478906869,146.4882186816,916.617014008608,164.73,14.617836902922534
2280.4709568000003,14.639849777525281,143.92,4559.9867120291665,147.0282121152,916.617014008608,,14.40174613010073
2280.9729192,14.589850290580182,143.0,4939.985604698261,146.9382132096,916.617014008608,,15.501655292221432
2281.4716008000005,13.539861064733081,143.92,5069.98522587453,146.74821552,916.617014008608,150.88,16.01953053494574
2281.9735632,14.12985501068526,143.08,5219.984788770225,153.72813064320002,916.617014008608,,15.660348444051825
2282.4722448,13.759858807291522,143.39,5179.984905331371,154.7881177536,916.617014008608,144.72,15.46570320079822
2282.9709264000003,14.069855626351142,143.5,5109.985109313384,160.41804929280002,916.617014008608,,14.740725248994286
2283.4728888000004,12.92986732400286,143.43,5129.985051032805,160.1880520896,916.617014008608,,14.802184023621145
2283.9715704,13.309863424785622,143.5,4709.986274924862,160.2780509952,916.617014008608,153.96,13.601520447542807
2284.4735328,13.099865579616203,143.3,4749.986158363709,160.0580536704,916.617014008608,,13.714003619960552
2284.9722144,13.9498568576829,143.45,4859.985837820559,160.2780509952,916.617014008608,,14.0316740097461
2285.4708960000003,13.96985665246094,143.74,5409.984235104776,160.0280540352,916.617014008608,,15.661950209308099
2285.9728584000004,14.20985418979742,143.59,5249.984701349363,160.5280479552,916.617014008608,160.11,15.141619414058319
2286.47154,14.039855934184082,143.73,5279.984613928508,160.2180517248,916.617014008608,,15.269998702677615
2286.9735024,7.819919758213641,143.43,5339.984439086784,160.44804892800002,916.617014008608,,15.335491034081722
2287.472184,10.11989615768824,143.27,5359.9843808062105,160.3080506304,916.617014008608,150.88,15.408466248063814
2287.9708656,12.639870299721279,143.87,4599.986595468014,160.2780509952,916.617014008608,,13.314782287719837
2288.472828,13.559860859511122,143.0,4799.986012662275,160.0580536704,916.617014008608,,13.83231702079049
2288.9715096,14.569850495802141,143.43,4929.985633838543,160.24805136,916.617014008608,155.49,14.238006074114848
2289.473472,14.649849674914298,143.0,5299.9845556479295,160.07805342720002,916.617014008608,,15.268554758090112
2289.9721536,14.499851214079001,143.96,5399.984264245059,160.3880496576,916.617014008608,,15.626585568469865
2290.4708352,14.739848751415481,143.73,5479.98403112277,160.3880496576,916.617014008608,144.72,15.83316776322741
2290.9727976000004,15.199844031310402,143.78,5579.983739719901,160.24805136,916.617014008608,,16.14325753161215
2291.4714792,14.309853163687622,143.27,5079.985196734239,160.07805342720002,916.617014008608,,14.664447661775602
2291.9734416,14.8998471096398,143.87,5119.9850801730945,160.2780509952,916.617014008608,,14.826983433393854
2292.4721231999997,14.439851829744882,143.0,5209.984817910516,160.3080506304,916.617014008608,,14.988247586538622
2292.9708048,15.1498445443653,143.61,5029.985342435674,160.35805002240002,916.617014008608,157.03,14.537404753401335
2293.4727672,15.099845057420202,143.0,4959.985546417689,160.1380526976,916.617014008608,,14.295544486708563
2293.9714488,13.72985911512446,143.41,5309.9845265076465,160.60804698240003,916.617014008608,,15.282612808132532
2294.4734111999996,12.539871325831081,143.65,4939.985604698261,160.1380526976,916.617014008608,,14.280834811537016
2294.9720928,12.729869376222462,143.55,4889.9857503996955,160.1880520896,916.617014008608,,14.12483702790688
2295.4707744,10.35989369502472,143.26,5059.985255014819,160.2780509952,916.617014008608,149.34,14.554591886616418
2295.9727368000003,14.07985552374016,143.45,5349.984409946493,160.0580536704,916.617014008608,,15.45661136358651
2296.4714184000004,15.739838490317482,143.17,4959.985546417689,160.3080506304,916.617014008608,,14.302775409727364
2296.9733808000005,15.979836027653961,143.86,5029.985342435674,160.0580536704,916.617014008608,,14.596583829054572
2297.4720624,14.539850803635082,144.0,5519.983914561617,160.5580475904,916.617014008608,163.19,15.95906741959612
2297.9707439999997,14.059855728962122,143.09,5729.983302615597,160.1380526976,916.617014008608,,16.49639994193878
2298.4727064000003,9.18990570050938,143.39,5499.98397284219,160.6380466176,916.617014008608,,15.781635678286829
2298.971388,4.73995136239548,143.36,5259.984672209081,160.2780509952,916.617014008608,,15.089211516572895
2299.4733504,6.4499338159179,144.0,4009.988314744947,160.3880496576,916.617014008608,,11.570752362611017
2299.972032,4.849950233674701,143.91,3869.9887227089607,160.10805306240002,916.617014008608,126.24,11.167598858232031
2300.4707136,6.22993607335946,143.27,4079.9881107629326,160.2180517248,916.617014008608,,11.722883929443196
2300.9726760000003,8.939908265783881,143.17,4079.9881107629326,160.10805306240002,916.617014008608,,11.745743864104469
2301.4713576,9.089906726619182,143.45,4549.986741169449,160.2780509952,916.617014008608,133.94,13.102963938819617
2301.97332,10.859888564475721,143.04,4949.985575557971,160.07805342720002,916.617014008608,,14.240262081069698
2302.4720016,12.16987512243734,144.0,5009.985400716254,160.24805136,916.617014008608,,14.503681281240835
2302.9706832,11.2998840495926,143.7,5509.983943701907,160.44804892800002,916.617014008608,153.96,15.880772307401612
2303.4726456,10.83988876969768,143.32,5369.984351665921,160.2780509952,916.617014008608,,15.451393888562329
2303.9713272,11.93987748248988,143.43,5029.985342435674,160.07805342720002,916.617014008608,,14.51728038304124
2304.4732896,11.919877687711839,143.36,4859.985837820559,160.49804832,916.617014008608,152.42,13.986661783633476
2304.9719712,12.659870094499318,143.48,4869.985808680268,160.2180517248,916.617014008608,,14.057494887632835
2305.4706528,12.159875225048319,143.73,4969.985517277399,160.2780509952,916.617014008608,152.42,14.359168948682116
2305.9726152,12.659870094499318,143.52,4929.985633838543,160.0580536704,916.617014008608,,14.24742201926004
2306.4712968000003,12.469872044107941,143.0,5249.984701349363,160.66804625280002,916.617014008608,157.03,15.052100983580589
2306.9732592,12.67986988927736,143.41,5319.984497367356,160.0280540352,916.617014008608,,15.357335753295537
2307.4719408,12.62987040233226,143.35,5059.985255014819,160.32805038720002,916.617014008608,,14.57842603820159
2307.9706224,12.52987142844206,143.82,5179.984905331371,160.0580536704,916.617014008608,163.19,14.994413579833944
2308.4725848000003,11.159885486146322,143.0,5069.98522587453,160.2780509952,916.617014008608,,14.563662672461282
2308.9712664000003,10.919887948809842,143.0,4749.986158363709,160.35805002240002,916.617014008608,161.65,13.641634569065097
2309.4732288,11.4498825104279,143.26,4789.9860418025655,160.35805002240002,916.617014008608,,13.785070083655004
2309.9719104000005,13.17986475872836,143.64,5069.98522587453,160.0580536704,916.617014008608,153.96,14.665534283479484
2310.470592,13.019866400504041,143.0,5459.984089403343,159.19806412800003,916.617014008608,,15.798148956837414
2310.9725544000003,12.78986876055658,143.35,5279.984613928508,154.3681228608,916.617014008608,,15.791975330526318
2311.471236,12.759869068389522,143.71,5059.985255014819,153.87812881920001,916.617014008608,150.88,15.223968900276347
2311.9731984,13.209864450895422,143.0,4919.985662978834,153.59813222399998,916.617014008608,,14.763612831122591
2312.47188,13.639860038623281,143.74,5019.985371575964,154.0081272384,916.617014008608,149.34,15.10241320054274
2312.9705616,13.5998604490672,143.33,4999.985429856536,153.59813222399998,916.617014008608,,15.039519113836613
2313.4725240000002,13.899857370737799,143.87,4829.985925241421,153.59813222399998,916.617014008608,146.26,14.588959525471475
2313.9712056000003,14.199854292408402,143.29,4819.985954381702,153.8081296704,916.617014008608,,14.48368906270119
2314.4731680000004,14.17985449763036,143.13,4679.986362345717,153.85812906240002,916.617014008608,,14.046231436116901
2314.9718496,15.579840132093162,143.35,5089.985167593957,153.85812906240002,916.617014008608,146.26,15.301395936935457
2315.4705311999996,14.769848443582541,143.25,4929.985633838543,153.9081284544,916.617014008608,,14.802672766624854
2315.9724936,14.739848751415481,143.61,5679.983448317023,153.59813222399998,916.617014008608,153.96,17.11199285163009
2316.4711752,14.65984957230332,143.75,5249.984701349363,153.5681325888,916.617014008608,,15.843708205465958
2316.9731376,15.019845878308042,143.57,4839.9858961011305,153.87812881920001,916.617014008608,157.03,14.571854388214854
2317.4718192,15.599839926871201,143.62,4949.985575557971,153.6781312512,916.617014008608,,14.929434377732756
2317.9705008000005,15.03984567308608,143.17,5109.985109313384,153.9281282112,916.617014008608,,15.330379214979798
2318.4724632,15.179844236532361,144.0,5559.983798000473,153.9281282112,916.617014008608,157.03,16.766259361126057
2318.9711448000003,16.07983500154416,143.33,5849.982952932148,153.59813222399998,916.617014008608,,17.597662782921443
2319.4731072,15.98983592504298,143.91,5629.983594018466,153.85812906240002,916.617014008608,149.34,16.979726918753936
2319.9717888000005,15.809837772040622,143.25,6019.982457547272,153.7481304,916.617014008608,,18.07524242856666
2320.4704704,16.299832744102602,143.74,5979.982574108423,153.85812906240002,916.617014008608,147.8,18.008366285731384
2320.9724328,16.6498291527183,143.57,5839.982982072438,153.64813161600003,916.617014008608,,17.596156951149965
2321.4711144000003,18.05981468457012,143.5,5559.983798000473,153.6281318592,916.617014008608,,16.765302051461962
2321.9730768000004,18.81980688613564,143.0,5729.983302615597,153.8081296704,916.617014008608,163.19,17.200056532811736
2322.4717584,17.21982330389244,143.42,6179.981991302685,154.0381268736,916.617014008608,,18.551187611058424
2322.97044,17.71981817334344,144.0,6339.981525058092,153.7781300352,916.617014008608,144.72,19.140348024737474
2323.4724024,17.599819404675202,144.0,6459.981175374649,153.7481304,916.617014008608,,19.50253754687475
2323.9710840000002,16.549830178828103,143.62,6319.981583338664,153.85812906240002,916.617014008608,161.65,19.010744424729367
2324.4730464000004,17.3498219699497,143.17,5979.982574108423,156.8080931904,916.617014008608,,17.611562675989056
2324.971728,17.12982422739126,143.57,5519.983914561617,157.2180882048,916.617014008608,152.42,16.269166376252905
2325.4704096,16.90982648483282,144.0,6129.982137004121,157.348086624,916.617014008608,,18.08788988035288
2325.972372,15.9498363354869,143.68,6679.980534288339,157.5680839488,916.617014008608,158.57,19.619069882390864
2326.4710536,16.199833770212397,143.04,6749.980330306324,157.07808990720002,916.617014008608,,19.798806749810645
2326.973016,15.50984085037002,143.83,6509.981029673216,157.3180869888,916.617014008608,,19.16952157474864
2327.4716976,16.17983397543436,143.7,6119.982166144401,157.3180869888,916.617014008608,158.57,18.018508968725886
2327.9703792,17.409821354283817,143.35,5939.982690669568,157.2680875968,916.617014008608,,17.466259755282966
2328.4723416,17.48982053339598,143.74,5989.982544968133,157.07808990720002,916.617014008608,157.03,17.681413048419707
2328.9710231999998,17.479820636006963,143.13,6469.9811462343605,157.4780850432,916.617014008608,,18.958044114754163
2329.4729856,16.999825561334003,143.0,6559.980883971781,157.3180869888,916.617014008608,166.27,19.217678333607928
2329.9716672,17.23982309867048,143.57,5969.982603248707,157.2180882048,916.617014008608,,17.5845418991325
2330.4703488,18.3998111957968,143.68,6079.982282705554,157.4280856512,916.617014008608,,17.905591040521077
2330.9723111999997,18.319812016684644,143.35,6219.981874741534,157.3180869888,916.617014008608,144.72,18.284579335508173
2331.4709928,17.7998173524556,143.0,6939.979776640876,157.2180882048,916.617014008608,,20.3421643540848
2331.9729552,18.38981129840778,143.35,6319.981583338664,157.3780862592,916.617014008608,150.88,18.569615820725197
2332.4716368000004,18.529809861854062,143.0,6679.980534288339,157.1080895424,916.617014008608,,19.60552495675791
2332.9703184000005,18.98980514174898,143.78,7169.979106414276,157.4780850432,916.617014008608,163.19,21.100574980881174
2333.4722808000006,10.87988835925376,143.78,6819.980126324317,157.3180869888,916.617014008608,,20.029872176505116
2333.9709624,12.659870094499318,143.3,6219.981874741534,157.5080846784,916.617014008608,,18.208371824079457
2334.4729248000003,13.449861988231898,143.35,4989.985458996827,157.13808917760002,916.617014008608,144.72,14.674896059540162
2334.9716064000004,15.81983766942964,143.68,5139.985021892522,157.3180869888,916.617014008608,,15.150030513734833
2335.470288,19.18980308952938,143.26,5579.983739719901,157.2380879616,916.617014008608,152.42,16.424641632075197
2335.9722504,18.93980565480388,143.57,5879.982865511292,157.1080895424,916.617014008608,,17.34810262596115
2336.470932,19.209802884307422,143.57,6239.981816460961,157.29808723200003,916.617014008608,,18.38065207433772
2336.9728944,19.15980339736232,143.65,5929.982719809851,157.5080846784,916.617014008608,144.72,17.46173577177221
2337.4715760000004,19.1998029869184,143.52,6279.981699899815,157.3780862592,916.617014008608,,18.481645333167428
2337.9702576,19.13980360258428,143.22,6019.982457547272,157.1580889344,916.617014008608,166.27,17.71054110139854
2338.47222,19.48980001119998,143.65,5669.983477457314,157.4580852864,916.617014008608,,16.711308419165448
2338.9709016,15.53984054253708,143.68,5849.982952932148,157.3180869888,916.617014008608,146.26,17.22182222218239
2339.4728640000003,18.099814274126203,144.0,5179.984905331371,157.1580889344,916.617014008608,,15.335373450781006
2339.9715456,18.329811914073662,143.65,5229.984759629944,157.1880885696,916.617014008608,,15.443692679636708
2340.4702272,18.149813761071297,143.39,5439.984147683915,157.29808723200003,916.617014008608,160.11,16.016148607389788
2340.9721895999996,17.71981817334344,143.78,5969.982603248707,157.5080846784,916.617014008608,,17.58196802091677
2341.4708712,9.5999014934592,143.48,5739.983273475307,157.3780862592,916.617014008608,155.49,16.820347933200857
2341.9728336000003,14.939846699195881,143.0,5029.985342435674,157.3780862592,916.617014008608,,14.746093487588505
2343.4721592,22.85976543129972,104.0,1469.995716377823,163.5580111104,910.7563937252639,,3.1837899481555043
2343.9708408,27.449718332859906,104.0,1459.9957455181057,153.14813769600002,910.7563937252639,147.8,3.404239489430576
2344.4728032,25.83973485322768,104.0,1449.9957746583957,111.7886406336,910.7563937252639,,4.53415034031924
2344.9714848000003,25.60973721328022,104.0,1459.9957455181057,109.08867346560001,910.7563937252639,147.8,4.669488213153352
2345.4701664000004,27.009722847743024,104.0,1479.995687237533,108.77867723519999,910.7563937252639,,4.755217329316716
2345.9721288,25.049742959495102,104.0,1469.995716377823,107.0386983936,910.7563937252639,157.03,4.781082550192199
2346.4708104000006,19.619798677257243,104.0,1459.9957455181057,115.0186013568,910.7563937252639,,4.389126648735983
2346.9727728000003,19.2998019608086,104.0,1469.995716377823,153.97812760320002,910.7563937252639,,3.3395995716575113
2347.4714544000003,27.01972274513204,104.0,1479.995687237533,122.848506144,910.7563937252639,144.72,4.2369343803356285
2347.970136,24.129752399705264,104.0,1469.995716377823,108.06868586880002,910.7563937252639,,4.729734544990742
2348.4720984,26.42972879917986,104.0,1449.9957746583957,103.7187387648,910.7563937252639,149.34,4.874880354879302
2348.97078,28.42970827698386,104.0,1459.9957455181057,100.37877937920001,910.7563937252639,,5.0797332114791605
2349.4727424000002,28.38970868742778,104.0,1459.9957455181057,90.77889611520001,910.7563937252639,157.03,5.591067571795695
2349.971424,29.559696681943123,104.0,1459.9957455181057,88.39892505600001,910.7563937252639,,5.745038141475843
2350.4701056000004,24.529748295266064,104.0,1479.995687237533,91.81888346880001,910.7563937252639,,5.570178032589433
2350.972068,25.859734648005723,104.0,1409.9958912195407,109.9886625216,910.7563937252639,144.72,4.483954129898338
2351.4707496,28.199710637036404,104.0,1229.9964157447066,96.21882996480001,910.7563937252639,,4.491785011826052
2351.9727120000002,28.599706532597203,104.0,1239.996386604424,94.56885002880001,910.7563937252639,137.02,4.604550757731132
2352.4713936,24.13975229709428,104.0,1269.9962991835619,100.448778528,910.7563937252639,,4.410731365242499
2352.9700752,19.539799498145083,104.0,1279.9962700432718,138.26831863680002,910.7563937252639,,3.2453481288079202
2353.4720376,25.249740907275502,104.0,1259.9963283238444,140.0682967488,910.7563937252639,141.64,3.206721152092145
2353.9707191999996,22.389770254015783,104.0,1249.996357464134,119.6385451776,910.7563937252639,,3.6656530272255345
2354.4726815999998,23.009763892135023,104.0,1259.9963283238444,110.88865157759999,910.7563937252639,130.86,3.975168725076359
2354.9713632,24.289750757929582,104.0,1289.9962409029895,108.7586774784,910.7563937252639,,4.151817959726832
2355.4700448000003,20.81978636393964,104.0,1259.9963283238444,118.5885579456,910.7563937252639,155.49,3.711157595146368
2355.9720072,20.40979057098982,104.0,1229.9964157447066,129.1384296576,910.7563937252639,,3.3416498795493785
2356.4706888000005,21.11978328561024,104.0,1139.9966780072934,129.9084202944,910.7563937252639,,3.0984281096203405
2356.9726512,22.50976902268402,104.0,989.9971151115973,116.5385828736,910.7563937252639,127.78,3.0169530833043208
2357.4713328000003,20.21979252059844,104.0,889.9974065144664,118.5085589184,910.7563937252639,,2.669841241534966
2357.9700144000003,17.72981807073246,104.0,879.997435654749,131.8083971904,910.7563937252639,137.02,2.371392638607784
2358.4719768000004,19.659798266813322,104.0,869.9974647950388,163.7480088,910.7563937252639,,1.934246741659881
2358.9706584,20.87978574827376,104.0,859.9974939353214,132.7883852736,910.7563937252639,137.02,2.3316245670657736
2359.4726208,22.71976686785344,104.0,849.9975230756111,145.6782285312,910.7563937252639,,2.133770478895268
2359.9713024000002,22.869765328688743,104.0,839.997552215901,128.6684353728,910.7563937252639,,2.3657865933186937
2360.4699840000003,19.209802884307422,104.0,859.9974939353214,123.348500064,910.7563937252639,144.72,2.482336870228321
2360.9719464000004,23.569758145920144,104.0,859.9974939353214,128.098442304,910.7563937252639,,2.4333275811675166
2361.470628,27.779714946697563,104.0,839.997552215901,104.7187266048,910.7563937252639,129.32,2.904134887045583
2361.9725904,24.98974357516098,104.0,599.9982515827844,107.16869681280001,910.7563937252639,,2.0744803794134437
2362.471272,27.12972161641126,104.0,249.9992714928268,106.93869960960001,910.7563937252639,152.42,1.007877832452045
2362.9699536,26.259730543566523,104.0,229.9993297734006,104.86872478080001,910.7563937252639,,0.9524035842511118
2363.471916,24.769745832602542,104.0,259.9992423525399,97.47881464320001,910.7563937252639,,1.0974518168595813
2363.9705976,27.28971997463558,104.0,239.9993006331137,108.38868197759999,910.7563937252639,158.57,0.9681403066381062
2364.47256,26.31972992790064,104.0,209.99938805397454,87.41893697280001,910.7563937252639,,1.022441107563173
2364.9712416,30.52968672867806,104.0,169.99950461512225,93.85885866240001,910.7563937252639,152.42,0.8615607022814011
2365.4699232,28.739705096043483,104.0,39.99988343885222,80.63901941760001,910.7563937252639,,0.4088607263297555
2365.9718856,32.3996675404248,104.0,19.999941719426072,79.0290389952,910.7563937252639,166.27,0.35908925967919214
2366.4705672,29.90969309055882,104.0,19.999941719426072,78.7390425216,910.7563937252639,,0.3382725638371996
2366.9725296,31.769674004916542,104.0,9.999970859712999,83.3389865856,910.7563937252639,,0.30947359570878324
2368.9705368,18.549809656632103,113.39,729.9978727590543,53.809345670400006,910.7563937252639,,5.077872678151994
2369.4724991999997,17.499820430785,143.36,4529.986799450028,125.5784729472,910.7563937252639,,16.69012983620359
2369.9711808000006,15.929836540708859,143.15,4719.986245784572,108.0086865984,910.7563937252639,158.57,20.144947091466413
2370.4698624000002,16.12983448848926,143.74,4349.987323975186,105.82871310720002,910.7563937252639,,19.035524443507317
2370.9718248000004,20.15979313626432,143.37,4049.9881981837943,129.5184250368,910.7563937252639,167.81,14.511063471770113
2371.4705064000004,21.349780925557702,143.52,4489.986916011173,146.3582202624,910.7563937252639,,14.264609579532067
2371.9724688000006,20.77978677438356,143.58,4879.985779539986,148.5081941184,910.7563937252639,164.73,15.267767072874273
2372.4711504,21.27978164383456,143.08,5299.9845556479295,144.31824506880002,910.7563937252639,,16.98798491495975
2372.969832,21.10978338822122,143.38,4949.985575557971,152.4781458432,910.7563937252639,,15.0677143744908
2373.4717944,21.60977825767222,143.04,4679.986362345717,151.37815921920003,910.7563937252639,169.35,14.328515210017908
2373.9704760000004,21.879775487175763,143.42,4599.986595468014,149.9681763648,910.7563937252639,,14.257009126376976
2374.4724384,22.2497716905695,143.39,4499.986886870883,151.298160192,910.7563937252639,155.49,13.830390021863737
2374.97112,21.969774563676943,143.42,4719.986245784572,149.9781762432,910.7563937252639,,14.62388914431538
2375.4698016,22.50976902268402,143.67,4999.985429856536,152.0681508288,910.7563937252639,157.03,15.301029678795222
2375.9717640000003,22.26977148534754,143.62,5039.985313295392,151.7581545984,910.7563937252639,,15.445674385490586
2376.4704456,22.08977333234518,143.5,4859.985837820559,147.99820032,910.7563937252639,,15.260419869408931
2376.972408,19.97979498326196,143.42,4999.985429856536,152.9681398848,910.7563937252639,161.65,15.164525245487276
2377.4710895999997,17.63981899423128,143.64,4669.986391486007,158.6280710592,910.7563937252639,,13.676000617548267
2377.9697712,19.289802063419582,143.38,4259.987586237773,154.6381195776,910.7563937252639,,12.79791708266485
2378.4717336,8.87990888144976,143.75,4339.987353115477,177.8578372224,910.7563937252639,166.27,11.295331044512228
2378.9704152,16.73982822921948,143.0,4359.987294834905,177.6778394112,910.7563937252639,,11.366275798195968
2379.4723776,12.5498712232201,143.05,4049.9881981837943,178.6878271296,910.7563937252639,,10.477364704441229
2379.9710592,16.92982627961086,143.62,4839.9858961011305,177.2778442752,910.7563937252639,152.42,12.685841933881239
2380.4697408,18.469810477519943,143.47,4499.986886870883,207.09748166400004,910.7563937252639,,10.128351269527368
2380.9717032,7.849919450380701,144.0,4459.987003432035,255.4068942144,910.7563937252639,135.48,8.109872242526059
2381.4703848000004,9.559901903903121,143.29,4669.986391486007,260.42683317120003,910.7563937252639,,8.300034581885349
2381.9723472,13.879857575959761,144.0,3879.988693568672,255.0068990784,910.7563937252639,143.18,7.1260248282770755
2382.4710288,12.849868144890701,143.13,3299.9903837053143,249.0569714304,910.7563937252639,,6.175185431533931
2382.9697104,13.929857062904858,143.07,3499.989800899576,243.20704256640002,910.7563937252639,,6.703986980963252
2383.4716728000003,18.1998132480164,144.0,4099.98805248236,238.8870950976,910.7563937252639,129.32,8.059776865309201
2383.9703544000004,23.059763379080124,143.65,4659.986420626296,211.0174339968,910.7563937252639,,10.342733944698091
2384.4723168000005,19.359801345142724,143.88,4799.986012662275,213.9773980032,910.7563937252639,146.26,10.488109635108529
2384.9709984,12.759869068389522,143.25,5239.984730489654,230.1272016192,910.7563937252639,,10.541661566692287
2385.46968,18.50981006707602,144.0,5319.984497367356,238.6870975296,910.7563937252639,124.7,10.423327647901731
2385.9716424000003,19.569799190312143,143.44,4939.985604698261,220.46731908480004,910.7563937252639,,10.44669975133665
2386.470324,22.32977086968166,143.83,5159.984963611951,205.6874988096,910.7563937252639,141.64,11.730877622681993
2386.9722864,20.00979467542902,143.53,5019.985371575964,212.27741867519998,910.7563937252639,,11.026791688541254
2387.470968,22.55976850962912,144.0,5519.983914561617,210.44744092800002,910.7563937252639,147.8,12.27304862268823
2387.9696496,24.77974572999156,143.78,5319.984497367356,195.24762576,910.7563937252639,,12.741434494391592
2388.4716120000003,25.419739162888842,143.6,5609.983652299038,178.99782336,910.7563937252639,149.34,14.611530670272325
2388.9702936,17.97981550545796,143.38,5949.982661529278,224.4572705664,910.7563937252639,,12.309924532040547
2389.4722560000005,27.25972028246852,143.2,5879.982865511292,181.9277877312,910.7563937252639,,15.03563300361598
2389.9709376,27.12972161641126,143.0,5109.985109313384,160.8180444288,910.7563937252639,158.57,14.764348935434572
2390.4696191999997,24.849745011714703,143.65,6979.979660079732,137.8583236224,910.7563937252639,,23.47545749808844
2390.9715816,23.86975506759074,143.56,6489.981087953786,132.6583868544,910.7563937252639,,22.667776993650474
2391.4702632,21.1997824647224,143.52,6359.981466777518,124.3384880256,910.7563937252639,164.73,23.66169434903882
2391.9722256,20.2997916997106,143.55,5789.983127773872,115.52859515520001,910.7563937252639,,23.184540105294236
2392.4709072,20.8497860561067,143.68,5429.984176824198,114.60860634240002,910.7563937252639,157.03,21.95133059764043
2392.9695888000006,20.839786158717683,143.75,5809.983069493301,115.5185952768,910.7563937252639,163.19,23.302785828213025
2393.4715512000002,19.939795393705882,143.58,5459.984089403343,114.97860184320001,910.7563937252639,,21.978264615548724
2393.9702328000003,20.05979416237412,143.45,5479.98403112277,115.8085917504,910.7563937252639,164.73,21.882616586535143
2394.4721952,20.58978872399218,143.42,5179.984905331371,115.43859624960001,910.7563937252639,,20.75995301055691
2394.9708768000005,20.6497881083263,143.45,5259.984672209081,117.36857278080002,910.7563937252639,,20.73895558166033
2395.4695584,20.02979447020706,143.34,5749.983244335017,113.35862154240002,910.7563937252639,175.51,23.426668374456774
2395.9715208000002,20.90978544044082,143.77,6389.981379356657,116.0885883456,910.7563937252639,,25.490633938186075
2396.4702024,20.73978718482748,143.06,5869.982894651575,113.67861765120001,910.7563937252639,172.43,23.804970927612676
2396.9721648000004,20.549789134436104,143.42,5529.983885421336,111.59864294400002,910.7563937252639,,22.90667777754006
2397.4708464,21.319781233390643,143.9,5539.9838562810455,112.7186293248,910.7563937252639,167.81,22.803499709848154
2397.969528,21.32978113077966,143.55,5659.983506597603,111.11864878080002,910.7563937252639,,23.569375137530827
2398.4714904,21.139783080388284,143.45,5809.983069493301,109.68866616960001,910.7563937252639,158.57,24.48364330651039
2398.9701720000003,20.62978831354826,143.76,6129.982137004121,109.2786711552,910.7563937252639,,25.969764668704446
2399.4721344000004,20.67978780049336,143.45,6179.981991302685,113.3086221504,910.7563937252639,158.57,25.201602027417486
2399.970816,20.80978646655062,143.45,5919.982748950141,109.74866544,910.7563937252639,,24.927454576997516
2400.4694976,20.96978482477494,143.72,5509.983943701907,112.0686372288,910.7563937252639,183.21,22.780216469773137
2400.97146,20.7497870822165,143.56,4999.985429856536,112.5586312704,910.7563937252639,,20.574284459990672
2401.4701416000003,20.36979098143374,143.63,5199.984847050799,113.848615584,910.7563937252639,153.96,21.15684504602616
2401.972104,21.139783080388284,143.53,5629.983594018466,113.5286194752,910.7563937252639,,22.94676948951381
2402.4707856,20.659788005715324,143.59,6009.982486687561,111.7286413632,910.7563937252639,164.73,24.881264650733872
2402.9694672,20.36979098143374,144.0,6259.981758180389,113.2686226368,910.7563937252639,,25.629115719960158
2403.4714296,20.1997927258204,143.65,5779.9831569141625,113.5286194752,910.7563937252639,157.03,23.56492762523946
2403.9701112,21.459779796836923,143.53,5479.98403112277,113.32862190720002,910.7563937252639,,22.382001455868465
2404.4720736,20.7997865691616,143.63,5299.9845556479295,113.51861959680001,910.7563937252639,147.8,21.626205266606455
2404.9707552,22.1497727166793,143.81,5539.9838562810455,113.4086209344,910.7563937252639,,22.65884044404789
2405.4694368,20.71978739004944,143.58,5689.98341917674,115.448596128,910.7563937252639,,22.811054795131533
2405.9713991999997,20.359791084044723,143.77,5619.983623158749,113.68861752960001,910.7563937252639,152.42,22.90567638848709
2406.4700808000002,22.00977415323302,143.75,5709.983360896169,112.90862701440001,910.7563937252639,,23.44004883007488
2406.9720432,22.499769125295003,144.0,5989.982544968133,110.648654496,910.7563937252639,164.73,25.125996243542904
2407.4707248000004,21.089783593443183,143.42,6329.981554198381,107.11869742080002,910.7563937252639,,27.288093521781697
2407.9694064000005,21.10978338822122,143.67,5899.982807230713,109.30867079040001,910.7563937252639,160.11,24.983656895333553
2408.4713688000006,22.02977394801106,143.0,6019.982457547272,111.0286498752,910.7563937252639,,24.987692336372604
2408.9700504,20.789786671772582,143.31,5659.983506597603,111.17864805120001,910.7563937252639,155.49,23.513089765178126
2409.4720128000004,20.71978739004944,143.24,6209.981903881822,109.3186706688,910.7563937252639,,26.203116571877644
2409.9706944,20.659788005715324,143.34,6059.9823409861265,111.63864245759999,910.7563937252639,144.72,25.06348030358207
2410.469376,20.7497870822165,143.7,5869.982894651575,111.61864270080001,910.7563937252639,,24.348798857980533
2410.9713384,21.889775384564782,143.44,5369.984351665921,111.0686493888,910.7563937252639,158.57,22.368758762916
2411.47002,21.9497747688989,143.03,5369.984351665921,108.97867480320001,910.7563937252639,,22.730067638509578
2411.9719824,21.01978431172004,143.09,5839.982982072438,109.9086634944,910.7563937252639,152.42,24.498035124650343
2412.4706640000004,22.63976768874128,143.45,5849.982952932148,109.39866969600001,910.7563937252639,,24.728567369314522
2412.9693456,22.849765533910702,143.64,6109.982195284693,107.01869863680002,910.7563937252639,155.49,26.42547129190874
2413.471308,23.1997619425264,143.59,5969.982603248707,107.16869681280001,910.7563937252639,,25.7826065999247
2413.9699895999997,20.80978646655062,143.94,5739.983273475307,102.6087522624,910.7563937252639,157.03,25.932468254470855
2414.4719520000003,22.23977179318048,143.46,5539.9838562810455,101.76876247680002,910.7563937252639,,25.168782292676187
2414.9706336,20.899785543051802,143.74,5039.985313295392,105.60871578240001,910.7563937252639,144.72,22.119328957058016
2415.4693152,20.96978482477494,143.29,5669.983477457314,108.82867662720001,910.7563937252639,164.73,24.057321688976415
2415.9712776,20.7997865691616,143.59,5779.9831569141625,105.40871821440001,910.7563937252639,144.72,25.361558296809953
2416.4699592,19.85979621459372,143.5,6129.982137004121,106.01871079680002,910.7563937252639,150.88,26.708305306455795
2416.9719216000003,19.589798985090184,143.23,6129.982137004121,114.63860597760001,910.7563937252639,,24.664255539134945
2417.4706032,20.33979128926668,143.06,6369.981437637228,118.02856475520001,910.7563937252639,157.03,24.86924320865067
2417.9692848000004,20.02979447020706,143.6,6019.982457547272,116.60858202240001,910.7563937252639,,23.8830407322997
2418.4712472,20.62978831354826,143.81,6339.981525058092,117.46857156480002,910.7563937252639,,25.002049962972208
2418.9699288,20.279791904932562,143.72,6439.981233655222,111.7186414848,910.7563937252639,153.96,26.672028887621373
2419.4718912,20.53978923704708,143.45,6699.98047600776,109.42866933120001,910.7563937252639,,28.268174487539003
2419.9705728000004,20.58978872399218,143.21,6449.981204514933,110.24865936,910.7563937252639,155.49,26.97425092374626
2420.4692544000004,19.959795188483923,142.94,6909.979864061738,113.2786225152,910.7563937252639,,28.059555474102034
2420.9712168,19.619798677257243,143.19,6399.981350216367,114.32860974720002,910.7563937252639,153.96,25.8057315326512
2421.4698984,20.439790263156883,143.25,5869.982894651575,112.90862701440001,910.7563937252639,,23.995161662485053
2421.9718608000003,20.499789647491003,143.45,6059.9823409861265,116.11858798080002,910.7563937252639,,24.120279588137734
2422.4705424000003,19.939795393705882,143.58,5949.982661529278,117.2885737536,910.7563937252639,141.64,23.467417803359442
2422.969224,19.55979929292312,143.32,5979.982574108423,114.2786103552,910.7563937252639,,24.15488682583486
2423.4711864,20.53978923704708,143.03,6399.981350216367,113.2786225152,910.7563937252639,161.65,26.022274695114614
2423.969868,19.839796419815684,143.78,5359.9843808062105,111.2586470784,910.7563937252639,,22.324637930901545
2424.4718304000003,19.1498034999733,143.29,5439.984147683915,116.20858688640001,910.7563937252639,152.42,21.618263312856264
2424.970512,19.409800832087818,143.32,5559.983798000473,118.18856280960001,910.7563937252639,,21.730902055828295
2425.4691936,19.9497952910949,143.65,5289.984584788219,116.2585862784,910.7563937252639,158.57,21.076862650241562
2425.971156,19.839796419815684,143.48,5899.982807230713,116.87857873920002,910.7563937252639,,23.335679542400474
2426.4698376,20.22979241798746,143.42,5939.982690669568,115.2585984384,910.7563937252639,161.65,23.813993262023146
2426.9718000000003,19.66979816420234,143.44,5919.982748950141,111.44864476800001,910.7563937252639,,24.53854588606939
2427.4704816,19.329801652975664,143.58,5939.982690669568,108.45868112640001,910.7563937252639,,25.31666516552881
2427.9691632,18.359811606240722,143.82,6249.981787320669,106.64870313600001,910.7563937252639,157.03,27.115258402996076
2428.4711256,19.03980462869408,143.31,5679.983448317023,113.62861825920001,910.7563937252639,,23.075758181557585
2428.9698071999997,18.419810990574838,143.03,5459.984089403343,111.79864051200002,910.7563937252639,,22.499779326484564
2429.4717696,17.91981612112384,143.26,5689.98341917674,105.05872247040001,910.7563937252639,150.88,24.970394047768764
2429.9704512000003,18.37981140101876,143.32,5759.983215194734,116.5685825088,910.7563937252639,,22.808417602670346
2430.4691328000004,18.289812324517584,143.28,6089.982253565265,113.4786200832,910.7563937252639,,24.75073834940946
2430.9710952,17.90981622373482,143.35,5849.982952932148,116.44858396799998,910.7563937252639,158.57,23.186903139629703
2431.4697768000005,18.549809656632103,143.78,5189.984876191087,113.3086221504,910.7563937252639,,21.222836801894555
2431.9717392,18.63980873313328,143.45,5139.985021892522,113.2386230016,910.7563937252639,,20.98564139883432
2432.4704208000003,18.90980596263682,143.58,5159.984963611951,111.27864683519999,910.7563937252639,158.57,21.45652160124244
2432.9691024,18.20981314540542,144.0,5379.984322525632,110.4886564416,910.7563937252639,,22.582728529292023
2433.4710648000005,19.06980432086114,143.44,5289.984584788219,113.4386205696,910.7563937252639,,21.55781279999696
2433.9697464,17.959815710679923,143.25,5449.984118543625,113.4386205696,910.7563937252639,155.49,22.16633490848452
2434.4717088,18.219813042794442,143.97,5759.983215194734,117.82856718720002,910.7563937252639,,22.66646605802468
2434.9703904000003,17.279822688226563,143.59,5759.983215194734,113.70861728640001,910.7563937252639,,23.41258091062869
2435.4690720000003,19.119803807806242,143.23,5759.983215194734,116.2885859136,910.7563937252639,157.03,22.854979040124537
2435.9710344000005,19.25980237125252,143.32,5409.984235104776,115.00860147840001,910.7563937252639,,21.728020634242124
2436.469716,18.58980924618818,143.56,5649.983535737886,111.95863856640001,910.7563937252639,,23.33125354250438
2436.9716784,18.38981129840778,143.16,5939.982690669568,113.41862081279999,910.7563937252639,,24.138373188201836
2437.4703600000003,18.90980596263682,143.19,4909.985692119123,113.36862142080001,910.7563937252639,149.34,19.99713016582748
2437.9690416,18.22981294018346,143.55,5809.983069493301,114.86860318080002,910.7563937252639,,23.379143501430015
2438.471004,17.739817968121482,143.45,5949.982661529278,115.89859065600001,910.7563937252639,,23.706821940858294
2438.9696856,17.02982525350106,143.42,5539.9838562810455,115.38859685760002,910.7563937252639,150.88,22.169922891609076
2439.4716479999997,17.3498219699497,143.74,5289.984584788219,116.17858725120001,910.7563937252639,,21.082307377835793
2439.9703296000002,17.669818686398337,143.45,5309.9845265076465,116.5385828736,910.7563937252639,,21.05699178488578
2440.4690112,18.18981335062738,143.69,5209.984817910516,114.5686068288,910.7563937252639,,21.055305074615656
2440.9709736,18.03981488979208,143.4,5449.984118543625,119.3185490688,910.7563937252639,153.96,21.104098026196098
2441.4696552,17.959815710679923,143.43,5439.984147683915,119.598545664,910.7563937252639,,21.020382518129193
2441.9716176,17.03982515089008,143.69,5369.984351665921,113.58861874560002,910.7563937252639,,21.87328141887413
2442.4702991999998,17.599819404675202,143.52,5579.983739719901,115.07860062720002,910.7563937252639,158.57,22.409057362090234
2442.9689808000003,18.66980842530034,143.0,5479.98403112277,115.098600384,910.7563937252639,,21.93622543841694
2443.4709432,18.3998111957968,143.56,6099.982224424975,113.15862397440002,910.7563937252639,,24.910005384443675
2443.9696248000005,18.319812016684644,143.63,5939.982690669568,111.99863808,910.7563937252639,,24.521574311709784
2444.4715872,18.049814787181102,143.52,5909.982778090431,115.23859868160001,910.7563937252639,144.72,23.69657765301215
2444.9702688000007,18.53980975924308,143.67,5639.9835648781755,109.06867370879999,910.7563937252639,,23.920944895921657
2445.4689504000003,18.00981519762502,143.15,5779.9831569141625,107.31869498880002,910.7563937252639,,24.813860577299234
2445.9709128000004,17.969815608068938,143.56,5509.983943701907,111.4286450112,910.7563937252639,152.42,22.85927207456691
2446.4695944,18.099814274126203,143.33,6119.982166144401,111.44864476800001,910.7563937252639,,25.329270320344968
2446.9715568,17.43982104645088,143.72,5449.984118543625,110.10866106240002,910.7563937252639,,22.90209107092223
2447.4702384,18.13981386368228,143.85,5839.982982072438,110.37865777920001,910.7563937252639,,24.49866587819662
2447.9689200000003,17.369821764727742,143.59,6089.982253565265,111.66864209279998,910.7563937252639,157.03,25.195666184962512
2448.4708824,17.50982032817402,144.0,6049.9823701264095,110.38865765759999,910.7563937252639,,25.392742621368697
2448.9695640000004,18.00981519762502,143.66,6099.982224424975,113.38862117759999,910.7563937252639,,24.87369355937234
2449.4715264,17.30982238039362,143.37,5769.983186054445,111.7786407552,910.7563937252639,153.96,23.819311545717216
2449.970208,17.81981714723364,143.0,5539.9838562810455,115.29859795200002,910.7563937252639,,22.12926722345599
2450.4688896,18.019815095014042,143.0,5639.9835648781755,114.0386132736,910.7563937252639,,22.774893768977893
2450.9708520000004,18.329811914073662,143.28,5969.982603248707,113.67861765120001,910.7563937252639,,24.224017354136716
2451.4695336,17.969815608068938,143.74,5609.983652299038,116.40858445440001,910.7563937252639,149.34,22.310098085663192
2451.971496,18.20981314540542,143.37,5789.983127773872,111.61864270080001,910.7563937252639,,23.943051772139192
2452.4701775999997,18.05981468457012,143.3,6089.982253565265,111.0686493888,910.7563937252639,,25.28596962287538
2452.9688592,17.75981776289952,143.44,5949.982661529278,112.7686287168,910.7563937252639,153.96,24.35912349789946
2453.4708216,17.6998183785654,143.41,5579.983739719901,112.59863078400002,910.7563937252639,,22.882736772415235
2453.9695032,18.1998132480164,143.72,5689.98341917674,112.1686360128,910.7563937252639,,23.474274656321853
2454.4714656,16.399831717992797,143.72,5339.984439086784,112.698629568,910.7563937252639,,21.921643215906208
2454.9701472,16.86982689527674,143.23,5179.984905331371,116.92857813120001,910.7563937252639,147.8,20.439155678140757
2455.4688288,16.209833667601423,143.0,5129.985051032805,117.14857545600002,910.7563937252639,,20.167685274442658
2455.9707912,15.499840952981002,143.97,5559.983798000473,120.0185405568,910.7563937252639,,21.465215164352877
2456.4694728000004,15.859837258985722,144.0,5519.983914561617,124.6284844992,910.7563937252639,153.96,20.53559433398254
2456.9714351999996,16.58982976838418,143.74,5269.98464306879,116.72858056320001,910.7563937252639,,20.8984417805268
2457.4701168,17.07982474044616,143.56,5669.983477457314,111.09864902400001,910.7563937252639,,23.580487899240534
2457.9687984,16.55983007621712,143.0,5859.982923791865,112.87862737920001,910.7563937252639,153.96,23.886465457937682
2458.4707608000003,15.77983807987356,143.47,5129.985051032805,115.098600384,910.7563937252639,,20.587791733508322
2458.9694424000004,15.869837156374743,143.13,4989.985458996827,116.42858421120002,910.7563937252639,,19.75647611426094
2459.4714048000005,16.43983130754888,143.34,5019.985371575964,124.398487296,910.7563937252639,158.57,18.641706300517455
2459.9700864,16.40983161538182,143.32,4329.987382255759,115.52859515520001,910.7563937252639,,17.32120460776639
2460.468768,17.369821764727742,143.31,4929.985633838543,112.87862737920001,910.7563937252639,,20.168088914456668
2460.9707304000003,17.57981960989716,143.0,5959.982632388996,106.63870325759999,910.7563937252639,144.72,25.713538334247062
2461.469412,17.259822893448522,143.24,5659.983506597603,108.6786784512,910.7563937252639,,24.008299190492878
2461.9713744,15.419841773868841,143.87,5819.98304035301,115.39859673600002,910.7563937252639,,23.340050479811634
2462.470056,15.329842697367662,143.54,5589.983710579611,132.3383907456,910.7563937252639,,19.52403845552862
2462.9687376,15.399841979090802,143.84,5519.983914561617,113.85861546240001,910.7563937252639,158.57,22.436609559241038
2463.4707000000003,16.1498342832673,143.53,5469.984060263051,119.3685484608,910.7563937252639,,21.175193694915933
2463.9693816,16.8498271004987,143.29,5419.984205964487,108.55867991040002,910.7563937252639,,23.02625333883303
2464.471344,16.609829563162222,143.24,5529.983885421336,108.1786845312,910.7563937252639,153.96,23.562475006932488
2464.9700256,12.90986752922482,143.14,5629.983594018466,128.0784425472,910.7563937252639,,20.23570799623242
2465.4687071999997,12.17987501982636,144.0,5369.984351665921,147.49820640000002,910.7563937252639,150.88,16.872754857997766
2465.9706696,16.95982597177792,143.33,4739.986187504,134.7283616832,910.7563937252639,,16.27352220245544
2466.4693512,15.569840234704142,143.68,4809.985983521992,114.94860220800001,910.7563937252639,,19.363266503546487
2466.9713136,13.689859525568378,143.72,5649.983535737886,128.1884412096,910.7563937252639,150.88,20.378260798809123
2467.4699952,10.329894002857658,143.83,5839.982982072438,145.7882271936,910.7563937252639,,18.516896583240335
2467.9686768000006,15.019845878308042,143.0,5309.9845265076465,144.9282376512,910.7563937252639,,16.886332839504504
2468.4706392,17.30982238039362,143.0,4829.985925241421,118.598557824,910.7563937252639,,18.775097562006337
2468.9693208000003,16.25983315454652,143.56,5349.984409946493,115.64859369600002,910.7563937252639,147.8,21.380902595147575
2469.4712832,17.42982114906186,143.84,5189.984876191087,114.8186037888,910.7563937252639,,20.944977007125537
2469.9699648000005,15.089845160031182,143.25,4749.986158363709,113.19862348800001,910.7563937252639,,19.355182105080274
2470.4686464,17.259822893448522,143.0,4779.986070942855,109.3186706688,910.7563937252639,144.72,20.146785273355658
2470.9706088000003,16.499830691883002,143.97,4989.985458996827,107.06869802880001,910.7563937252639,,21.602373770003144
2471.4692904,17.06982484305714,143.47,5819.98304035301,107.6886904896,910.7563937252639,,24.946551756693587
2471.9712528,16.71982843444144,143.21,5889.982836371003,107.0386983936,910.7563937252639,150.88,25.348541260553286
2472.4699344000005,15.789837977262582,143.41,5459.984089403343,105.9387117696,910.7563937252639,,23.7760254204296
2472.968616,17.37982166211676,143.76,5449.984118543625,105.86871262080001,910.7563937252639,,23.81945088971017
2473.4705784000002,16.91982638222184,143.33,5199.984847050799,101.4087668544,910.7563937252639,,23.65248333358503
2473.9692600000003,15.789837977262582,143.37,5289.984584788219,94.298853312,910.7563937252639,147.8,25.86015462100459
2474.4712224000004,17.999815300236,143.65,5349.984409946493,105.848712864,910.7563937252639,,23.376969671836566
2474.969904,16.11983459110024,143.4,5729.983302615597,103.8187375488,910.7563937252639,,25.452815392196108
2475.4685856,16.319832538880643,143.76,5389.984293385349,103.5587407104,910.7563937252639,146.26,24.072060228883984
2475.970548,16.58982976838418,143.47,5609.983652299038,94.94884540800001,910.7563937252639,,27.255289270856203
2476.4692296000003,19.63979847203528,128.54,3939.9885187269538,47.7694191168,910.7563937252639,,34.07855621162624
2476.971192,26.57972726001516,104.0,1679.9951044317947,88.898918976,910.7563937252639,,6.512094367710977
2477.4698736,34.10964999394722,104.0,1649.9951918526572,110.648654496,910.7563937252639,150.88,5.250065161360062
2477.9685552,35.61963449968925,104.0,1659.9951627123671,104.14873353600001,910.7563937252639,,5.604412216715444
2478.4705176,34.61964476078724,104.0,1679.9951044317947,97.8688099008,910.7563937252639,,6.004132726258543
2478.9691992,34.77964311901156,104.0,1639.9952209929468,103.7787380352,910.7563937252639,153.96,5.552079112088391
2479.4711616,36.88962146809479,104.0,1659.9951627123671,102.21875700480001,910.7563937252639,,5.715297526609188
2479.9698432,38.60960381900622,104.0,1669.9951335720848,88.898918976,910.7563937252639,,6.576744527117467
2480.4685248,39.139598380624285,104.0,1649.9951918526572,59.10928122240001,910.7563937252639,,9.618104260729297
2480.9704871999998,35.919631421359846,104.0,419.9987761079491,56.94930748800001,910.7563937252639,143.18,2.758132249266929
2481.4691688000003,39.72959232657646,104.0,9.999970859712999,87.15894013440001,910.7563937252639,,0.375261900150565
2481.9711312,37.369616542767744,104.0,9.999970859712999,67.5791782272,910.7563937252639,,0.3662963277398932
2489.9697216,40.73958196286748,104.0,369.99892180938366,78.39904665600001,910.7563937252639,,1.9156368968106412
2490.4684032,41.72957180438046,104.0,619.9981933022106,84.4189734528,910.7563937252639,,2.797228845221449
2490.9703656,36.85962177592772,104.0,639.9981350216366,73.2191096448,910.7563937252639,,3.220491197686544
2491.4690472,39.12959848323526,104.0,659.9980767410628,78.10905018240001,910.7563937252639,143.18,3.142893119815518
2491.9710096000003,41.3495757035977,104.0,659.9980767410628,83.9889786816,910.7563937252639,,2.9649433590632133
2492.4696912,40.33958606730668,104.23,689.997989320202,83.59898342400001,910.7563937252639,,3.094018219847247
2492.9683728000005,40.97957950020396,104.0,1079.9968528490103,86.7289453632,910.7563937252639,137.02,4.490184448410873
2493.4703351999997,41.679572317435365,104.0,1029.9969985504451,91.8388832256,910.7563937252639,,4.084524004185913
2493.9690168,41.10957816626122,104.0,1119.9967362878656,91.67888517120001,910.7563937252639,,4.412767421472088
2494.4709792,41.16957755059534,104.0,999.9970859713072,90.5688986688,910.7563937252639,,4.022322142113064
2494.9696608000004,41.459574574876925,104.0,899.9973773741766,90.17890341120001,910.7563937252639,144.72,3.671777886568194
2495.4683424000004,40.78958144981259,104.0,929.9972899533144,85.3889616576,910.7563937252639,,3.969205442139151
2495.9703048,43.25955610490052,104.0,949.997231672742,89.16891569280001,910.7563937252639,,3.9111887184888006
2496.4689864,38.209607923445425,104.0,819.9976104964734,61.92924693120001,910.7563937252639,144.72,4.728927076384173
2496.9709488000003,34.18964917305939,104.0,1159.996619726713,52.61936014080001,910.7563937252639,,7.623628113799578
2497.4696304000004,41.859570470437724,104.0,1509.995599816671,77.549056992,910.7563937252639,,6.83257965619276
2497.968312,37.18961838976538,104.0,1699.9950461512224,61.0192579968,910.7563937252639,149.34,9.583482086827553
2498.4702744,42.109567905163225,104.0,1969.9942593634769,76.6890674496,910.7563937252639,,8.902717892889422
2498.968956,38.73960248506348,104.0,2199.9935891368764,69.449155488,910.7563937252639,,10.866662276701689
2499.4709184000003,38.62960361378426,104.0,2369.993093752,87.52893563520001,910.7563937252639,,9.335128155675132
2499.9696,39.32959643101566,104.0,2439.992889769993,86.74894512000002,910.7563937252639,164.73,9.690488252108507
2500.4682816,37.97961028349796,104.0,2399.9930063311376,74.83908994560001,910.7563937252639,,10.990268061755053
2500.970244,37.989610180886984,104.0,2379.99306461171,90.35890122240001,910.7563937252639,,9.0844102205138
2501.4689256,37.31961705582264,104.0,2339.993181172862,96.35882826240001,910.7563937252639,146.26,8.395049183872208
2501.9708880000003,40.309586375139624,104.0,2249.9934434354413,93.78885951360002,910.7563937252639,,8.322558063734359
2502.4695696,40.65958278375532,104.0,2279.9933560145796,69.7391519616,910.7563937252639,,11.22073808822802
2502.9682512,39.78959171091058,104.0,2339.993181172862,52.8893568576,910.7563937252639,167.81,15.055600709966539
2503.4702136,38.059609462610126,104.0,2259.993414295159,37.8195401088,910.7563937252639,,20.201870322259307
2503.9688952,36.47962567514496,104.0,1059.9969111295827,39.79951603200001,910.7563937252639,,9.169427625832958
2504.4708576,31.319678622410642,104.0,559.9983681439321,44.14946313600001,910.7563937252639,,4.485265611437667
2504.9695392,35.2996377832406,104.0,559.9983681439321,58.8792840192,910.7563937252639,160.11,3.463436190359748
2505.4682208000004,38.8996008432878,104.0,529.998455564793,88.07892894720001,910.7563937252639,,2.3317801503371682
2505.9701832,38.07960925738816,104.0,509.9985138453668,85.0789654272,910.7563937252639,,2.3172051313975657
2506.4688648000006,38.52960463989406,104.0,539.998426424506,90.66889745280001,910.7563937252639,158.57,2.3081508162142548
2506.9708272,36.41962629081084,104.0,539.998426424506,94.17885477120001,910.7563937252639,,2.216409362082557
2507.4695088000003,38.80960176678663,104.0,549.998397284219,97.10881914240002,910.7563937252639,,2.213394135999811
2507.9681904,41.52957385660007,104.0,569.9983390036452,88.7289210432,910.7563937252639,153.96,2.48939798838528
2508.4701528,39.499594686629,104.0,559.9983681439321,86.1789520512,910.7563937252639,,2.496806145780757
2508.9688344,41.87957026521576,104.0,549.998397284219,84.0089784384,910.7563937252639,,2.5332377022324644
2509.4707968000002,41.089578371483185,104.0,519.9984847050798,79.5290329152,910.7563937252639,146.26,2.523731643649485
2509.9694784000003,41.92956975216086,104.0,629.9981641619237,75.4090830144,910.7563937252639,,3.1349496324268604
2510.4681600000004,41.07957847409416,104.0,739.9978436187703,83.1289891392,910.7563937252639,,3.309835067125964
2510.9701224000005,40.5995833994212,104.0,1169.996590586431,78.0190512768,910.7563937252639,155.49,5.333164288178443
2511.468804,39.80959150568862,104.0,1459.9957455181057,78.4190464128,910.7563937252639,,6.531220669991052
2511.9707664000002,39.48959478923998,104.0,1609.9953084138092,90.198903168,910.7563937252639,,6.272861052447249
2512.469448,39.779591813521556,104.0,1579.9953958346641,77.56905674880001,910.7563937252639,,7.113461503503977
2512.9681296,41.03957888453808,104.0,1589.9953666943816,83.8689801408,910.7563937252639,157.03,6.654833051499086
2513.470092,36.4496259829779,104.0,1609.9953084138092,58.109293382400004,910.7563937252639,,9.526091739475236
2513.9687736,36.22962824041946,104.0,1579.9953958346641,70.4191436928,910.7563937252639,,7.771327233896538
2514.470736,35.849632139636704,104.0,1589.9953666943816,97.64881257600001,910.7563937252639,158.57,5.720830839693542
2514.9694176000003,36.33962711169868,104.0,1559.9954541152367,106.47870520320001,910.7563937252639,,5.182078749080334
2515.4680992,35.999630600472,104.0,1559.9954541152367,109.11867310080001,910.7563937252639,,5.061280739949433
2515.9700616,35.61963449968925,104.0,1549.995483255526,105.5087169984,910.7563937252639,,5.189247125252885
2516.4687432,36.7496229046485,104.0,1699.9950461512224,109.42866933120001,910.7563937252639,158.57,5.479768107706875
2516.9707056,36.00963049786102,104.0,1729.9949587303602,108.03868623359999,910.7563937252639,,5.632350959558182
2517.4693872,36.0496300874171,104.0,1759.9948713095052,109.4686688448,910.7563937252639,,5.654272356697005
2517.9680688000003,39.979589761301966,104.0,1699.9950461512224,124.73848316160002,910.7563937252639,155.49,4.8728827345580275
2518.4700312,40.66958268114434,104.0,1679.9951044317947,121.94851708800002,910.7563937252639,,4.927901884625543
2518.9687128000005,41.579573343545164,104.0,1599.9953375540917,103.7087388864,910.7563937252639,,5.48501727373625
2519.4706752,38.53960453728308,104.0,1659.9951627123671,92.0688804288,910.7563937252639,,6.3248585615822925
2519.9693568000002,38.18960812866738,104.0,1659.9951627123671,108.12868513920002,910.7563937252639,166.27,5.431057165895405
2520.4680384000003,36.199628548252406,104.0,1639.9952209929468,116.46858372480001,910.7563937252639,,4.991352185180173
2520.9700008000004,34.829642605956664,104.0,1759.9948713095052,126.55846103040001,910.7563937252639,,4.921701010931646
2521.4686824,36.98962044198498,104.0,1749.994900449788,132.03839439360002,910.7563937252639,161.65,4.722835195153106
2521.9706448,36.68962352031438,104.0,1799.9947547483532,127.53844911360001,910.7563937252639,155.49,5.00626809006727
2522.4693264,36.77962259681556,104.0,1699.9950461512224,128.098442304,910.7563937252639,,4.726816032626178
2522.9680080000003,37.06961962109714,104.0,1639.9952209929468,128.598436224,910.7563937252639,,4.55690299012063
2523.4699704,36.86962167331674,104.0,1699.9950461512224,119.7385439616,910.7563937252639,169.35,5.0358084606685765
2523.9686520000005,36.66962372553635,104.0,1559.9954541152367,127.60844826240003,910.7563937252639,,4.37787083107431
2524.4706144,37.25961767148851,104.0,1679.9951044317947,130.9584075264,910.7563937252639,,4.583672128752736
2524.969296,36.22962824041946,104.0,1799.9947547483532,129.06843050880002,910.7563937252639,175.51,4.946710867480621
2525.4679776,36.01963039525004,104.0,1719.9949878706498,130.78840959360002,910.7563937252639,,4.680438118482019
2525.96994,37.459615619268924,104.0,1689.9950752915122,130.6084117824,910.7563937252639,,4.6222749731481105
2526.4686216,36.139629163918286,104.0,1479.995687237533,130.5784121472,910.7563937252639,186.29,4.077070002075855
2526.970584,37.01962013415204,104.0,1319.996153482127,129.25842819840003,910.7563937252639,,3.7112629259977004
2527.4692655999997,37.089619415875184,104.0,1499.9956289569611,132.00839475840002,910.7563937252639,,4.094687014509643
2527.9679472000003,37.23961787671048,104.0,1499.9956289569611,130.53841263360002,910.7563937252639,190.9,4.1385258801100715
2528.4699096,36.60962434120222,104.0,1489.995658097251,129.9384199296,910.7563937252639,,4.125229886839394
2528.9685912,36.529625162090056,104.0,1609.9953084138092,129.49842528000002,910.7563937252639,,4.445772452859424
2529.4705536,37.72961284877246,104.0,1769.9948421692154,131.8683964608,910.7563937252639,192.44,4.785251065994623
2529.9692351999997,38.08960915477718,104.0,1599.9953375540917,129.3684268608,910.7563937252639,,4.437450272911559
2530.4679168000002,36.719623212481444,104.0,1339.9960952015547,131.098405824,910.7563937252639,,3.711787801858785
2530.9698792,37.25961767148851,104.0,1679.9951044317947,130.1584172544,910.7563937252639,187.83,4.6099015964552645
2531.4685608000004,37.32961695321167,104.0,1819.9946964677808,129.3184274688,910.7563937252639,,4.998523568135821
2531.9705231999997,37.099619313264206,104.0,1729.9949587303602,129.77842187520002,910.7563937252639,,4.749281098181729
2532.4692048,38.179608231278365,104.0,1659.9951627123671,132.848384544,910.7563937252639,181.67,4.480684401840991
2532.9678864,37.52961490099206,104.0,1659.9951627123671,130.4084142144,910.7563937252639,,4.552942926525328
2533.4698488000004,37.50961510621402,104.0,1389.9959495001199,132.3883901376,910.7563937252639,,3.8109970840177168
2533.9685304000004,37.13961890282028,104.0,1039.9969694101626,128.2584403584,910.7563937252639,,3.0125392364951304
2534.4704928000006,37.63961377227128,104.0,829.9975813561836,137.548327392,910.7563937252639,178.59,2.3267156415344212
2534.9691744,37.249617774099505,104.0,779.9977270576184,137.8883232576,910.7563937252639,,2.197830276243492
2535.467856,39.2495972519035,104.0,669.9980476007759,135.398353536,910.7563937252639,,1.979146193483717
2535.9698184000003,38.82960156156466,104.0,709.9979310396282,134.8883597376,910.7563937252639,184.75,2.0804540351243466
2536.4685,39.23959735451449,104.0,599.9982515827844,133.7783732352,910.7563937252639,,1.8249292513574273
2536.9704624,39.11959858584624,104.0,709.9979310396282,130.2784157952,910.7563937252639,178.59,2.1448741210219766
2537.469144,39.029599509345054,104.0,769.9977561979081,129.6384235776,910.7563937252639,,2.3070244124807697
2537.9678256,38.389606076447784,104.0,739.9978436187703,133.2883791936,910.7563937252639,,2.1726134080978774
2538.4697880000003,37.75961254093952,104.0,539.998426424506,131.9683952448,910.7563937252639,166.27,1.6815895118422681
2538.9684696,39.05959920151212,104.0,559.9983681439321,132.5783878272,910.7563937252639,,1.7365398318719836
2539.470432,38.43960556339289,104.0,809.9976396367559,131.8183970688,910.7563937252639,,2.3702872084142546
2539.9691136,38.66960320334034,104.0,1039.9969694101626,132.698386368,910.7563937252639,,2.9352679622738256
2540.4677951999997,40.01958935085804,104.0,1009.9970568310175,131.33840290560002,910.7563937252639,167.81,2.8977334428132284
2540.9697576,39.51959448140704,104.0,1189.9965323058586,131.11840558080002,910.7563937252639,,3.354461250492314
2541.4684392,38.71960269028545,104.0,1379.9959786404027,133.4783768832,910.7563937252639,,3.7678193188260245
2541.9704016,39.61959345529725,104.0,1539.9955123958161,130.62841153920002,910.7563937252639,167.81,4.257950348832347
2542.4690832,39.76959191613255,104.0,1849.9946090469184,124.598484864,910.7563937252639,,5.276673860245938
2542.9677648000006,40.67958257853336,104.0,1909.994434205194,125.55847319040001,910.7563937252639,,5.405597479561237
2543.4697272,39.23959735451449,104.0,1709.9950170109403,128.5784364672,910.7563937252639,,4.757079790224154
2543.9684088000004,39.139598380624285,104.0,1339.9960952015547,121.85851818240002,910.7563937252639,175.51,3.990142245383936
2544.4703712,39.7495921213545,104.0,1279.9962700432718,122.14851465599999,910.7563937252639,,3.82322861338647
2544.9690528,40.81958114197964,104.0,1079.9968528490103,119.68854456960001,910.7563937252639,,3.3480777398409773
2545.4677344,41.5495736513781,104.0,1099.996794568438,107.33869474560001,910.7563937252639,178.59,3.7616193263422812
2545.9696968000003,37.90961100177483,104.0,1119.9967362878656,94.7088483264,910.7563937252639,,4.255600622091605
2546.4683784000003,39.78959171091058,104.0,1149.9966488670034,106.2587078784,910.7563937252639,,3.9378686692660567
2546.9703408,39.88959068480078,104.0,1109.9967654281484,109.65866653440001,910.7563937252639,189.37,3.7057472357694925
2547.4690224000005,39.43959530229488,104.0,1049.9969402698728,115.99858944,910.7563937252639,,3.345821236400025
2547.967704,39.539594276185085,104.0,1069.9968819893004,119.6085455424,910.7563937252639,,3.311412651137644
2548.4696664000003,38.239607615612485,104.0,919.9973190936042,123.7884947136,910.7563937252639,190.9,2.7967954362524248
2548.968348,37.68961325921639,104.0,739.9978436187703,126.81845786880001,910.7563937252639,,2.2608971962216686
2549.4703104000005,37.119619108042244,104.0,809.9976396367559,127.2884521536,910.7563937252639,,2.431834306672475
2549.968992,36.039630190028085,104.0,1039.9969694101626,128.73843452160003,910.7563937252639,,2.993148950454133
2550.4676736,36.839621981149676,104.0,889.9974065144664,130.5284127552,910.7563937252639,183.21,2.5807989259872284
2550.969636,37.249617774099505,104.0,729.9978727590543,132.148393056,910.7563937252639,,2.1536999612102385
2551.4683176000003,37.43961582449088,104.0,639.9981350216366,132.9683830848,910.7563937252639,,1.9188175508950782
2551.97028,37.1996182871544,104.0,559.9983681439321,132.2683915968,910.7563937252639,173.97,1.7240515889621162
2552.4689616,36.26962782997554,104.0,599.9982515827844,133.27837931520003,910.7563937252639,,1.8053270754128066
2552.9676432,18.289812324517584,125.28,2239.993472575731,72.16912241280001,910.7563937252639,,12.59305752409524
2553.4696056000002,19.72979754853646,144.0,4199.987761079491,171.11791918080002,910.7563937252639,178.59,11.472753905943696
2553.9682872,20.1997927258204,143.48,5029.985342435674,172.00790835840002,910.7563937252639,,13.592199896919444
2554.4702496,20.42979036576786,143.64,5339.984439086784,160.93804296960002,910.7563937252639,,15.418281660986125
2554.9689311999996,20.95978492738592,143.65,5539.9838562810455,156.8380928256,910.7563937252639,189.37,16.40832828618712
2555.4676128,20.80978646655062,143.04,5409.984235104776,158.0280783552,910.7563937252639,,15.840047009458138
2555.9695752,21.07978369605416,143.43,5269.98464306879,156.64809513600002,910.7563937252639,,15.61338199658352
2556.4682568000003,20.98978461955298,143.36,5299.9845556479295,160.7680450368,910.7563937252639,169.35,15.295312350448803
2556.9702192,21.80977620545262,143.43,5189.984876191087,157.9180796928,910.7563937252639,,15.263034661083877
2557.4689008000005,21.939774871509883,143.7,5489.984001982479,159.8180565888,910.7563937252639,,15.975750616142118
2557.9675824,21.73977692372948,143.5,5599.98368143932,157.6280832192,910.7563937252639,183.21,16.49145823381668
2558.4695448,21.81977610284164,143.0,5199.984847050799,162.848019744,910.7563937252639,,14.790912817455213
2558.9682264000003,21.799776308063603,143.0,5189.984876191087,158.5180723968,910.7563937252639,,15.16084709940994
2559.4701888000004,21.62977805245026,143.74,5109.985109313384,156.9680912448,910.7563937252639,187.83,15.15121892766678
2559.9688704,21.28978154122358,143.0,5349.984409946493,158.0180784768,910.7563937252639,,15.667051027658673
2560.4675520000005,21.52977907856006,143.68,5329.984468227074,161.32803822720004,910.7563937252639,,15.366509127663527
2560.9695144,21.22978215688946,143.91,5129.985051032805,160.85804394240003,910.7563937252639,,14.860375481802691
2561.4681960000003,21.21978225950044,143.27,5209.984817910516,159.348062304,910.7563937252639,167.81,15.163568916988913
2561.9701584000004,20.549789134436104,143.18,5479.98403112277,167.1579673344,910.7563937252639,,15.18860891514475
2562.46884,20.499789647491003,144.0,5309.9845265076465,164.98799372160002,910.7563937252639,,14.998176123952538
2562.9675216,21.35978082294672,143.59,5189.984876191087,162.9080190144,910.7563937252639,189.37,14.813676424526403
2563.469484,20.82978626132866,143.43,5619.983623158749,167.01796903680003,910.7563937252639,,15.614375112682083
2563.9681656,20.37979087882276,143.32,5529.983885421336,162.92801877120002,910.7563937252639,,15.7327147798161
2564.470128,20.98978461955298,143.5,5669.983477457314,168.447951648,910.7563937252639,,15.628396303780951
2564.9688096,20.00979467542902,143.64,5029.985342435674,163.85800746240002,910.7563937252639,200.14,14.273816875561696
2565.4674912,20.31979149448864,143.19,5179.984905331371,166.597974144,910.7563937252639,,14.413409248438292
2565.9694536,20.929785235218862,143.55,4939.985604698261,166.1379797376,910.7563937252639,,13.830612617348418
2566.4681352,20.309791597099622,143.71,5309.9845265076465,168.1379554176,910.7563937252639,186.29,14.68954588891451
2566.9700976000004,20.579788826603163,143.0,5159.984963611951,170.29792915200002,910.7563937252639,,14.034005535978439
2567.4687792,20.96978482477494,143.0,5419.984205964487,170.51792647680003,910.7563937252639,,14.716874015702436
2567.9674608000005,20.47978985271296,143.45,5549.983827140755,163.1680158528,910.7563937252639,,15.781012240502319
2568.4694231999997,20.359791084044723,144.0,5149.984992752234,162.0580293504,910.7563937252639,186.29,14.810249114972363
2568.9681048,20.289791802321584,143.67,5479.98403112277,169.96793316480003,910.7563937252639,,14.98871566619832
2569.4700672,21.059783901276123,143.48,5389.984293385349,174.79787443200001,910.7563937252639,,14.330489741171666
2569.9687488,21.01978431172004,143.29,5449.984118543625,171.7579113984,910.7563937252639,169.35,14.72166276917938
2570.4674304000005,22.2497716905695,143.72,5499.98397284219,191.92766613120003,910.7563937252639,,13.362554279796266
2570.9693928,20.6997875952714,143.67,5639.9835648781755,174.7878745536,910.7563937252639,,15.004284607423676
2571.4680744,20.81978636393964,143.38,5269.98464306879,167.9779573632,910.7563937252639,181.67,14.565122689150842
2571.9700368000003,19.22980267908546,143.32,5539.9838562810455,167.6379614976,910.7563937252639,,15.313137140850813
2572.4687184000004,19.97979498326196,143.0,5789.983127773872,169.71793620480003,910.7563937252639,,15.774195458223828
2572.9674,20.11979354670824,143.19,5519.983914561617,174.00788403840002,910.7563937252639,181.67,14.700209844326471
2573.4693624,20.80978646655062,143.67,5579.983739719901,170.0379323136,910.7563937252639,,15.257292096992321
2573.9680439999997,19.51979970336704,143.18,5789.983127773872,160.90804333440002,910.7563937252639,,16.645383226067775
2574.4700064000003,19.72979754853646,144.0,5849.982952932148,163.70800928640003,910.7563937252639,166.27,16.62688631586827
2574.9686880000004,20.58978872399218,143.68,5499.98397284219,168.9079460544,910.7563937252639,,15.139698804912383
2575.4673696,20.26979200754354,143.14,5259.984672209081,167.80795943040002,910.7563937252639,177.05,14.52363898618622
2575.969332,19.809796727648624,143.68,5709.983360896169,164.6579977344,910.7563937252639,,16.105477777898898
2576.4680136,20.07979395715216,143.38,5789.983127773872,173.02789595520002,910.7563937252639,,15.517206017333086
2576.9699760000003,20.98978461955298,143.53,5509.983943701907,182.37778225920002,910.7563937252639,177.05,14.048529738398342
2577.4686576,20.789786671772582,143.0,5909.982778090431,182.6677787328,910.7563937252639,,14.975293289562808
2577.9673392,21.459779796836923,143.43,5889.982836371003,174.2078816064,910.7563937252639,,15.693633645926973
2578.4693016,21.07978369605416,143.29,5929.982719809851,167.3379651456,910.7563937252639,170.89,16.42102007130051
2578.9679832,20.11979354670824,143.55,6039.982399266699,164.30800199040002,910.7563937252639,,17.049808227603833
2579.4699456,20.02979447020706,143.64,6179.981991302685,168.8379469056,910.7563937252639,,16.987453838563273
2579.9686272,20.95978492738592,143.23,6069.982311845836,160.68804600960001,910.7563937252639,157.03,17.484244873383933
2580.4673088000004,21.459779796836923,143.55,5719.98333175588,165.1179921408,910.7563937252639,,16.08850683269196
2580.9692712,21.46977969422594,143.86,5709.983360896169,162.52802363520001,910.7563937252639,,16.34865399624583
2581.4679528,20.85978595349572,143.32,5629.983594018466,160.5280479552,910.7563937252639,155.49,16.254991090390188
2581.9699152,20.73978718482748,143.68,5569.983768860184,164.9779938432,910.7563937252639,,15.692454487336972
2582.4685968000003,22.45976953573892,143.0,5469.984060263051,182.097785664,910.7563937252639,170.89,13.930557473836242
2582.9672784,20.5997886213812,143.0,5529.983885421336,162.4080250944,910.7563937252639,,15.749547726853605
2583.4692408,21.83977589761968,143.43,5639.9835648781755,159.698058048,910.7563937252639,,16.387999745565967
2583.9679224,21.58977846289418,143.36,5409.984235104776,158.898067776,910.7563937252639,164.73,15.795754739410414
2584.4698848000003,21.58977846289418,143.25,5739.983273475307,154.5281209152,910.7563937252639,,17.203467071063457
2584.9685664000003,21.5497788733381,143.55,5649.983535737886,157.22808808320002,910.7563937252639,,16.68304771794789
2585.467248,20.90978544044082,143.17,5839.982982072438,162.3380259456,910.7563937252639,178.59,16.651920042062073
2585.9692104000005,20.999784516942,143.45,5859.982923791865,157.89807993600002,910.7563937252639,,17.20717623489612
2586.467892,21.07978369605416,143.82,5999.9825158278445,163.9380064896,910.7563937252639,161.65,17.01562237295262
2586.9698544000003,21.81977610284164,143.48,5689.98341917674,173.96788452479998,910.7563937252639,,15.19588329810573
2587.468536,21.10978338822122,143.55,5449.984118543625,161.63803445759999,910.7563937252639,,15.660999186525217
2587.9672176,21.35978082294672,143.41,5609.983652299038,164.8779950592,910.7563937252639,164.73,15.789236874774957
2588.46918,20.1497932388753,143.45,5599.98368143932,161.43803688960003,910.7563937252639,,16.08757299842655
2588.9678616,20.139793341486282,144.0,5439.984147683915,163.32801390720002,910.7563937252639,,15.512404724583403
2589.4698240000002,20.949785029996903,143.18,5409.984235104776,158.41807361280001,910.7563937252639,166.27,15.81796718545995
2589.9685056000003,20.7497870822165,143.65,5349.984409946493,158.6180711808,910.7563937252639,,15.674016543055878
2590.4671872,21.07978369605416,144.0,4969.985517277399,156.8680924608,910.7563937252639,158.57,14.772107489066045
2590.9691496,20.929785235218862,144.0,5099.985138453667,153.60813210240002,910.7563937252639,,15.470356979721226
2591.4678311999996,22.609767996574224,143.46,5429.984176824198,154.1781251712,910.7563937252639,,16.353115342254455
2591.9697936,21.799776308063603,143.26,5379.984322525632,155.0681143488,910.7563937252639,157.03,16.08333192356291
2592.4684752,22.099773229734204,143.82,5239.984730489654,160.14805257600003,910.7563937252639,,15.239597018596596
2592.9671568000003,21.43978000205888,143.33,5289.984584788219,152.8581412224,910.7563937252639,,16.048076684972006
2593.4691192,20.81978636393964,143.0,4919.985662978834,158.4680730048,910.7563937252639,161.65,14.37791935838176
2593.9678008000005,22.23977179318048,143.43,5019.985371575964,156.39809817600002,910.7563937252639,,14.91453723055619
2594.4697632,22.529768817462063,143.26,5099.985138453667,154.8081175104,910.7563937252639,,15.287412737520201
2594.9684448000003,22.879765226077758,143.87,5189.984876191087,155.5281087552,910.7563937252639,,15.550779254909699
2595.4671264000003,21.73977692372948,143.65,5009.985400716254,157.09808966399999,910.7563937252639,,14.837918243007508
2595.9690888000005,21.379780617724762,143.48,5639.9835648781755,159.1280649792,910.7563937252639,,16.4478030177703
2596.4677704,20.77978677438356,143.57,5069.98522587453,155.2181125248,910.7563937252639,,15.176511069472024
2596.9697328,22.08977333234518,143.65,5029.985342435674,153.07813854719998,910.7563937252639,,15.28573222143913
2597.4684144000003,22.95976440518992,144.0,4869.985808680268,156.45809744640002,910.7563937252639,,14.531903681334578
2597.9670960000003,21.379780617724762,143.71,4999.985429856536,150.3081722304,910.7563937252639,,15.472623661936568
2598.4690584,21.969774563676943,143.13,4889.9857503996955,153.69813100800002,910.7563937252639,,14.7523550044326
2598.96774,22.71976686785344,143.65,5089.985167593957,155.4281099712,910.7563937252639,,15.240177123569204
2599.4697024,21.5497788733381,143.96,5029.985342435674,151.15816189440002,910.7563937252639,,15.505922123966789
2599.9683840000002,21.27978164383456,143.67,4909.985692119123,148.9281890112,910.7563937252639,,15.331454495790878
2600.4670656,21.1997824647224,144.0,5259.984672209081,153.098138304,910.7563937252639,,16.004961932532463
2600.969028,21.429780104669863,143.67,5309.9845265076465,150.8281659072,910.7563937252639,,16.36061285803815
2601.4677096,21.459779796836923,143.13,5359.9843808062105,157.5680839488,910.7563937252639,,15.755895042649264
2601.969672,22.529768817462063,143.1,5169.98493447166,176.59785254400003,910.7563937252639,,13.591398239141407
2602.4683536000002,22.32977086968166,143.62,5299.9845556479295,175.68786360960002,910.7563937252639,,14.047981136871723
2602.9670352,22.02977394801106,143.65,5399.984264245059,176.8078499904,910.7563937252639,,14.220405095165104
2603.4689976000004,22.03977384540008,143.52,5519.983914561617,176.6878514496,910.7563937252639,,14.529096932246011
2603.9676792,21.46977969422594,143.85,5689.98341917674,176.047859232,910.7563937252639,,15.053816028911715
2604.4696416,21.139783080388284,143.25,4959.985546417689,183.0177744768,910.7563937252639,,12.597341757729726
2604.9683231999998,20.77978677438356,143.5,5289.984584788219,182.6377790976,910.7563937252639,170.891,13.471200897827611
2605.4670048000003,21.1497829777773,143.58,5769.983186054445,182.34778262400002,910.7563937252639,,14.711841020927746
2605.9689672,21.089783593443183,143.45,5649.983535737886,180.40780621440004,910.7563937252639,,14.549096640259071
2606.4676488,21.27978164383456,143.19,5639.9835648781755,175.8878611776,910.7563937252639,161.653,14.867236117483996
2606.9696111999997,21.25978184905652,143.6,5569.983768860184,173.0078961984,910.7563937252639,,14.9684537038263
2607.4682928,21.269781746445542,144.0,5509.983943701907,173.47789048319999,910.7563937252639,,14.810246891998357
2607.9669744000003,21.909775179342823,143.52,5669.983477457314,171.5079144384,910.7563937252639,167.81099999999998,15.36266012339781
2608.4689368000004,22.08977333234518,143.68,5389.984293385349,165.8379833856,910.7563937252639,,15.124614545074493
2608.9676184000004,21.36978072033574,143.43,5189.984876191087,158.26807543680002,910.7563937252639,,15.22595779965444
2609.4695808000006,22.31977097229264,143.35,5049.985284155102,154.0381268736,910.7563937252639,169.351,15.22178818136372
2610.466944,5.9299391516888615,143.02,3259.990500266467,81.7790055552,910.7563937252639,,18.286765719230953
2610.9689064000004,20.899785543051802,143.89,3199.9906751081835,200.3275639872,910.7563937252639,166.27200000000002,7.529365855878123
2611.467588,22.61976789396324,143.5,3829.988839270105,150.16817393280002,910.7563937252639,163.19299999999998,11.898786494260458
2611.9695504,23.8497552728127,143.32,4849.98586696084,144.1682468928,910.7563937252639,,15.624572338370287
2612.468232,24.319750450096638,143.0,5199.984847050799,138.95831024640003,910.7563937252639,,17.323149428585708
2612.9669136,24.119752502316242,143.0,5319.984497367356,130.148417376,910.7563937252639,172.43,18.901849511895154
2613.4688760000004,24.05975311798212,143.29,5099.985138453667,127.74844656000002,910.7563937252639,,18.50191304586575
2613.9675576,22.00977415323302,143.36,5129.985051032805,129.648423456,910.7563937252639,,18.33128483821611
2614.46952,19.62979857464626,143.58,4879.985779539986,140.1582956544,910.7563937252639,167.81099999999998,16.157079794627066
2614.9682016,19.55979929292312,143.12,5209.984817910516,139.6883013696,910.7563937252639,,17.240373642911152
2615.4668831999998,18.999805039138003,143.36,4909.985692119123,145.56822986880002,910.7563937252639,,15.628371738564738
2615.9688456,18.53980975924308,143.72,4679.986362345717,144.198246528,910.7563937252639,178.588,15.077375798595835
2616.4675272,18.559809554021122,143.67,4939.985604698261,149.49818208,910.7563937252639,,15.342829042835948
2616.9694896,17.6998183785654,143.88,4519.98682859031,148.41819521280001,910.7563937252639,,14.166030449125392
2617.4681712,17.879816531567762,143.75,4629.986508047151,151.34815958400003,910.7563937252639,169.351,14.217993043862345
2617.9668528,17.41982125167284,143.29,4539.986770309738,148.7381913216,910.7563937252639,,14.13778052560332
2618.4688152,18.2998122219066,143.83,4519.98682859031,149.448182688,910.7563937252639,,14.069687755505004
2618.9674968000004,17.6998183785654,143.56,4509.9868577306,147.3082087104,910.7563937252639,181.667,14.209061824335777
2619.4694592,18.05981468457012,143.0,4509.9868577306,152.89814073600002,910.7563937252639,,13.645289687158945
2619.9681408,17.42982114906186,143.0,4479.986945151462,152.7581424384,910.7563937252639,,13.562479573488456
2620.4668224,18.03981488979208,143.43,4399.987178273752,155.0181149568,910.7563937252639,170.891,13.175072727797156
2620.9687848000003,18.329811914073662,143.35,4309.987440536339,155.34811094399998,910.7563937252639,,12.876978454101263
2621.4674664000004,19.799796830259602,143.8,4559.9867120291665,147.59820518400002,910.7563937252639,,14.37853148914492
2621.9694288,19.659798266813322,144.0,4939.985604698261,151.51815751680002,910.7563937252639,180.128,15.184132186736239
2622.4681104000006,19.349801447753702,143.58,4859.985837820559,147.8582020224,910.7563937252639,,15.259854709644848
2622.966792,17.7498178655105,143.46,4899.985721259406,151.88815301760002,910.7563937252639,,14.95432025943763
2623.4687544000003,17.82981704462266,143.26,4659.986420626296,151.7881542336,910.7563937252639,178.588,14.21955385100808
2623.967436,18.049814787181102,143.38,4549.986741169449,153.4781336832,910.7563937252639,,13.7494640233345
2624.4693984,18.219813042794442,143.0,4739.986187504,151.5681569088,910.7563937252639,,14.459140292738596
2625.968724,36.92962105765086,104.0,599.9982515827844,151.3181599488,910.7563937252639,,1.6323880275567852
2626.4674056000003,36.96962064720694,104.0,509.9985138453668,146.11822318080002,910.7563937252639,166.27200000000002,1.4747699751568184
2626.969368,37.20961818454342,104.0,129.99962117626995,135.75834915840002,910.7563937252639,,0.6342637423342679
2627.4680496,37.71961295138344,104.0,79.99976687770452,138.35831754240002,910.7563937252639,,0.5123878595725856
2627.9667311999997,38.16960833388934,104.0,59.99982515827836,134.00837043840002,910.7563937252639,164.732,0.4728018808558559
2628.4686936,39.23959735451449,104.0,69.99979601799159,128.8884326976,910.7563937252639,,0.5136069848533106
2628.9673752,39.029599509345054,104.0,69.99979601799159,121.3185247488,910.7563937252639,,0.5230984490458219
2629.4693376,39.029599509345054,104.0,159.9995337554091,124.7884825536,910.7563937252639,166.27200000000002,0.7576826317256352
2629.9680191999996,38.73960248506348,104.0,1269.9962991835619,126.24846480000001,910.7563937252639,,3.6751019172040684
2630.4667008,39.199597764958405,104.0,1449.9957746583957,125.1684779328,910.7563937252639,,4.186264766783359
2630.9686632000003,38.8996008432878,104.0,1419.995862079258,124.6284844992,910.7563937252639,172.43,4.1203401405169515
2631.4673448000003,39.23959735451449,104.0,1379.9959786404027,126.10846650240002,910.7563937252639,,3.9732272631898597
2631.9693072,39.7495921213545,104.0,1409.9958912195407,124.42848693120001,910.7563937252639,173.97,4.106909257094935
2632.4679888000005,39.71959242918744,104.0,1439.9958037986855,125.85846954240003,910.7563937252639,,4.143118582393377
2632.9666704,39.449595199683905,104.0,1419.995862079258,125.4084750144,910.7563937252639,,4.101432621573327
2633.4686328000003,39.60959355790822,104.0,1399.9959203598303,123.8784936192,910.7563937252639,166.27200000000002,4.095604035286089
2633.9673144000003,38.88960094589878,104.0,1389.9959495001199,126.78845823360001,910.7563937252639,,3.976971476666878
2634.4692768000004,38.93960043284388,104.0,1429.995832938968,126.19846540800002,910.7563937252639,,4.099886286424421
2634.9679584,38.80960176678663,104.0,1419.995862079258,126.3184639488,910.7563937252639,167.81099999999998,4.068867323657711
2635.46664,38.179608231278365,104.0,1399.9959203598303,126.47846200320001,910.7563937252639,,4.00618786081301
2635.9686024000002,38.819601664175636,104.0,1389.9959495001199,128.4084385344,910.7563937252639,,3.9303675360464876
2636.4672840000003,39.73959222396549,104.0,1419.995862079258,117.47857144320001,910.7563937252639,164.732,4.358149536646111
2636.9692464000004,39.009599714567024,104.0,1409.9958912195407,112.24863504,910.7563937252639,,4.509666464514239
2637.467928,37.88961120699678,104.0,1409.9958912195407,110.0086622784,910.7563937252639,,4.58524906365712
2637.9666096,37.1996182871544,104.0,1409.9958912195407,123.51849799680001,910.7563937252639,164.732,4.1130452542658285
2638.468572,39.30959663623762,104.0,1409.9958912195407,114.24861072,910.7563937252639,,4.439062086937674
2638.9672536,36.66962372553635,104.0,1419.995862079258,110.76865303680002,910.7563937252639,161.653,4.57567583240813
2639.469216,36.999620339374005,104.0,1399.9959203598303,115.10860026240002,910.7563937252639,,4.3598899725262505
2639.9678976,38.639603511173284,104.0,1399.9959203598303,121.098527424,910.7563937252639,,4.1736785258055304
2640.4665792,38.61960371639524,104.0,1459.9957455181057,112.26863479680003,910.7563937252639,163.19299999999998,4.6537668223100015
2640.9685416,36.70962331509242,104.0,1429.995832938968,107.9186876928,910.7563937252639,,4.719460317901689
2641.4672232,36.10962947175122,104.0,1389.9959495001199,112.4686323648,910.7563937252639,,4.417731058441203
2641.9691856,36.81962218637164,104.0,1409.9958912195407,115.29859795200002,910.7563937252639,170.891,4.380547581871549
2642.4678672,37.369616542767744,104.0,1429.995832938968,117.0385767936,910.7563937252639,,4.381580508120301
2642.9665488,37.37961644015676,104.0,1409.9958912195407,119.40854797440002,910.7563937252639,,4.245276636939844
2643.4685111999997,38.13960864172228,104.0,1389.9959495001199,108.94867516800001,910.7563937252639,158.57399999999998,4.567786035156914
2643.9671928000002,38.55960433206112,104.0,1409.9958912195407,112.8186281088,910.7563937252639,,4.484736445905898
2644.4691552,37.65961356704932,104.0,1429.995832938968,111.93863880960001,910.7563937252639,,4.569220599080602
2644.9678368000004,39.17959797018037,104.0,1409.9958912195407,116.44858396799998,910.7563937252639,172.43,4.360396457164038
2645.4665184000005,39.99958955608,104.0,1389.9959495001199,110.17866021120001,910.7563937252639,,4.536187329634508
2645.9684808000006,39.599593660519204,104.0,1409.9958912195407,113.67861765120001,910.7563937252639,,4.462108070783895
2646.4671624000002,37.56961449054814,104.0,1409.9958912195407,123.54849763200001,910.7563937252639,178.588,4.115262495467879
2646.9691248000004,37.22961797932146,104.0,1399.9959203598303,124.5584853504,910.7563937252639,,4.054886515307114
2647.4678064000004,35.80963255008062,104.0,1389.9959495001199,131.27840363520002,910.7563937252639,,3.8261050295692414
2647.966488,34.99964086157,104.0,1419.995862079258,131.4784012032,910.7563937252639,181.667,3.889779169276345
2648.4684504,35.06964014329314,104.0,1409.9958912195407,135.99834624000002,910.7563937252639,,3.746504151032909
2648.967132,33.87965235399976,104.0,1399.9959203598303,136.2183435648,910.7563937252639,,3.706416140443313
2649.4690944,35.00964075895902,104.0,1379.9959786404027,134.31836666880002,910.7563937252639,197.063,3.714832909561519
2649.9677760000004,35.41963655190884,104.0,1389.9959495001199,134.698362048,910.7563937252639,,3.733366446436239
2650.4664576,35.86963193441474,104.0,1419.995862079258,131.3584026624,910.7563937252639,,3.900442917462003
2650.96842,36.30962741953162,104.0,1419.995862079258,130.04841859200002,910.7563937252639,186.286,3.9403998387745434
2651.4671016,35.71963347357944,104.0,1379.9959786404027,132.42838965120004,910.7563937252639,,3.7696345841067025
2651.9690640000003,35.17963901457236,104.0,1379.9959786404027,134.8783598592,910.7563937252639,197.063,3.7020852040736827
2652.4677456,35.879631831803756,104.0,1409.9958912195407,133.1583807744,910.7563937252639,,3.826934923888867
2652.9664272,36.05962998480612,104.0,1429.995832938968,135.648350496,910.7563937252639,,3.8128502861856974
2653.4683895999997,37.32961695321167,104.0,1419.995862079258,130.1584172544,910.7563937252639,195.523,3.9459844473230143
2653.9670712,37.01962013415204,104.0,1399.9959203598303,128.9884314816,910.7563937252639,178.588,3.9246933543943534
2654.4690336,37.4496157218799,104.0,1409.9958912195407,128.5284370752,910.7563937252639,,3.967146052317014
2654.9677152,36.849621878538706,104.0,1439.9958037986855,132.148393056,910.7563937252639,,3.937606683595542
2655.4663968000004,37.70961305399442,104.0,1419.995862079258,127.99844352000001,910.7563937252639,198.603,4.010452251816293
2655.9683592,37.91961089916384,104.0,1399.9959203598303,123.3385001856,910.7563937252639,,4.097724735289711
2656.4670408,38.67960310072936,104.0,1409.9958912195407,121.8385184256,910.7563937252639,,4.177963487608584
2656.9690032,38.499604947727,104.0,1409.9958912195407,119.698544448,910.7563937252639,183.207,4.245262684810748
2657.4676848000004,37.93961069394188,104.0,1419.995862079258,114.90860269440002,910.7563937252639,,4.432807498479866
2657.9663664,38.019609873054044,104.0,1379.9959786404027,116.3185855488,910.7563937252639,,4.269258725329679
2658.4683288,37.859611514829716,104.0,1409.9958912195407,115.598594304,910.7563937252639,177.049,4.378814144019964
2658.9670104,37.52961490099206,104.0,1439.9958037986855,115.448596128,910.7563937252639,,4.467729862908398
2659.4689728000003,37.679613361827364,104.0,1419.995862079258,117.61856974080001,910.7563937252639,,4.335885120674222
2659.9676544000004,38.58960402422819,104.0,1399.9959203598303,114.2386108416,910.7563937252639,170.891,4.404192734156574
2660.466336,38.65960330595133,104.0,1419.995862079258,107.33869474560001,910.7563937252639,,4.728831798688587
2660.9682984,38.27960720516856,104.0,1419.995862079258,110.86865182080001,910.7563937252639,,4.585489668445063
2661.46698,38.66960320334034,104.0,1419.995862079258,112.32863406720001,910.7563937252639,172.43,4.533420609481601
2661.9689424000003,39.08959889367918,104.0,1399.9959203598303,112.24863504,910.7563937252639,,4.480709203129327
2662.467624,39.1495982780133,104.0,1419.995862079258,107.35869450240001,910.7563937252639,,4.732169448846191
2662.9663056000004,39.759592018743525,104.0,1399.9959203598303,103.848737184,910.7563937252639,177.049,4.821993088886215
2663.468268,39.659593044853324,104.0,1389.9959495001199,101.34876758400002,910.7563937252639,,4.898943980570298
2663.9669496,39.80959150568862,104.0,1399.9959203598303,100.5787769472,910.7563937252639,,4.9682195188973886
2664.4689120000003,39.0495993041231,104.0,1419.995862079258,103.0387470336,910.7563937252639,177.049,4.915792855945084
2664.9675936,38.83960145895368,104.0,1409.9958912195407,105.34871894400001,910.7563937252639,,4.781910797856615
2665.4662752,38.71960269028545,104.0,1389.9959495001199,106.70870240640001,910.7563937252639,170.891,4.661798751781484
2665.9682376,38.919600638065845,104.0,1419.995862079258,104.74872624000001,910.7563937252639,,4.839850333527171
2666.4669191999997,38.51960474250504,104.0,1419.995862079258,100.72877512320001,910.7563937252639,,5.0164297217724
2666.9688816,39.25959714929252,104.0,1389.9959495001199,103.9087364544,910.7563937252639,164.732,4.783146559860152
2667.4675632,38.819601664175636,104.0,1399.9959203598303,98.82879822720001,910.7563937252639,,5.041811835880133
2667.9662448000004,38.389606076447784,104.0,1419.995862079258,105.56871626880002,910.7563937252639,,4.800325577111152
2668.4682072,37.92961079655286,104.0,1409.9958912195407,105.59871590400002,910.7563937252639,183.207,4.763649131949202
2668.9668888000006,38.33960658950268,104.0,1389.9959495001199,107.4586932864,910.7563937252639,,4.628331194451929
2669.4688512000002,38.2996069999466,104.0,1419.995862079258,104.9087242944,910.7563937252639,172.43,4.827712146522354
2669.9675328000003,38.45960535817092,104.0,1429.995832938968,105.4787173632,910.7563937252639,,4.836275576013046
2670.4662144000004,39.20959766234742,104.0,1409.9958912195407,103.4087425344,910.7563937252639,,4.868577749032055
2670.9681768000005,38.799601869397605,104.0,1409.9958912195407,99.7887865536,910.7563937252639,167.81099999999998,5.0296439882251205
2671.4668584,36.70962331509242,104.0,1419.995862079258,93.60886170240002,910.7563937252639,,5.357764771294623
2671.9688208000002,38.62960361378426,104.0,1399.9959203598303,102.2887561536,910.7563937252639,,4.880799659266373
2672.4675024,37.75961254093952,104.0,1399.9959203598303,102.7887500736,910.7563937252639,167.81099999999998,4.851270740661158
2672.9661840000003,38.759602279841516,104.0,1419.995862079258,103.22874472320001,910.7563937252639,,4.904894367066538
2673.4681464000005,38.489605050337985,104.0,1419.995862079258,100.0787830272,910.7563937252639,167.81099999999998,5.046633224812087
2673.966828,38.88960094589878,104.0,1389.9959495001199,104.24873232,910.7563937252639,,4.76549392417577
2674.4687904,37.859611514829716,104.0,1419.995862079258,91.4588878464,910.7563937252639,,5.486148078785386
2674.9674720000003,38.119608846944246,104.0,1409.9958912195407,105.0087230784,910.7563937252639,170.891,4.790217672663677
2675.4661536,36.27962772736456,104.0,1389.9959495001199,96.69882412800001,910.7563937252639,,5.089659486186244
2675.968116,37.58961428532618,104.0,1389.9959495001199,105.88871237759999,910.7563937252639,,4.685767479069776
2676.4667976,38.40960587122582,104.0,1419.995862079258,100.85877354240002,910.7563937252639,169.351,5.009451912182736
2676.96876,38.799601869397605,104.0,1399.9959203598303,100.8787732992,910.7563937252639,,4.945879870780765
2677.4674416000003,37.35961664537872,104.0,1399.9959203598303,93.548862432,910.7563937252639,,5.295396178041106
2677.9661232,37.398616245195896,104.0,1424.9958475091166,102.34775543616,910.761394254516,161.653,4.948987807101917
2678.4680856,36.90862127313392,104.0,1420.9958591652282,82.55399613120001,910.761394254516,,6.039235664294226
2678.9667672,37.68861326947748,104.0,1397.9959261878896,102.93074834688002,910.761394254516,167.81099999999998,4.83795396231225
2679.4687296,35.95863102117702,104.0,1433.9958212828565,87.75393289920001,910.761394254516,,5.741152380755839
2679.9674112,38.77760209514176,104.0,1415.9958737353693,112.31363424960001,910.761394254516,,4.52305103100686
2680.4660928000003,37.125619046475656,104.0,1395.9959320159492,92.47287551616,910.761394254516,177.049,5.336948536883916
2680.9680552,39.36659605135503,104.0,1415.9958737353693,113.4336206304,910.761394254516,,4.486638711313745
2681.4667368,39.100598780807104,104.0,1436.9958125407672,107.90768782656001,910.761394254516,,4.761776204405971
2681.9686991999997,39.28059693380946,104.0,1397.9959261878896,106.14370927680002,910.761394254516,172.43,4.714696703550978
2682.4673808000002,38.06760938052134,104.0,1406.9958999616294,107.16769682496,910.761394254516,,4.6904774369289575
2682.9660624000003,38.15760845702252,104.0,1418.9958649932876,116.01058929407999,910.761394254516,,4.392740137405739
2683.4680248000004,39.3015967183264,104.0,1431.9958271109163,115.80659177472,910.761394254516,170.891,4.4469574008220825
2683.9667064000005,38.81060175652553,104.0,1392.9959407580309,116.03258902656003,910.761394254516,,4.322968253413236
2684.4686688000006,39.86659092080603,104.0,1388.9959524141498,124.20348966720003,910.761394254516,166.27200000000002,4.058485400947323
2684.9673504,41.06457862801063,104.0,1430.9958300249382,122.00051645568003,910.761394254516,,4.250348418842631
2685.466032,40.588583512293276,104.0,1421.9958562511983,121.66952048064,910.761394254516,,4.232317549958842
2685.9679944,38.87460109981525,104.0,1396.9959291019193,112.36863358080001,910.761394254516,170.891,4.465572922407443
2686.466676,39.19659779574169,104.0,1405.9959028756593,115.09060048128,910.761394254516,,4.396506036530647
2686.9686384,39.498594696890095,104.0,1416.9958708213396,103.13174590272,910.761394254516,,4.905791663243114
2687.46732,40.75658178842881,104.0,1413.9958795634288,105.09072208128,910.761394254516,170.891,4.821768218416001
2687.9660016000003,39.16559811383573,104.0,1410.995888305518,104.45272983936,910.761394254516,,4.826053718509586
2688.4679640000004,38.783602033575164,104.0,1420.9958591652282,106.08870994560002,910.761394254516,,4.784871960244799
2688.9666456,38.825601602609055,104.0,1421.9958562511983,113.93161457472,910.761394254516,157.035,4.481416395629683
2689.468608,39.0995987910682,104.0,1403.9959087037191,110.34365820480001,910.761394254516,,4.564482370580616
2689.9672895999997,39.854591043939216,104.0,1401.9959145317707,111.68764186176003,910.761394254516,,4.5139970683727535
2690.4659712000002,38.02860978070416,104.0,1434.9958183688268,113.08562486208002,910.761394254516,175.509,4.5439567359526265
2690.9679336,37.25761769201072,104.0,1422.9958533371687,115.12660004352,910.761394254516,,4.427905355347678
2691.4666152,38.12160882642204,104.0,1392.9959407580309,110.44265700096001,910.761394254516,183.207,4.519257535344454
2691.9685776,38.732602556891166,104.0,1402.9959116177486,97.72381166400001,910.761394254516,,5.104570601833374
2692.4672592,38.21260789266212,104.0,1411.9958853914884,108.55667993472001,910.761394254516,,4.651147704212528
2692.9659408,37.94361065289748,104.0,1397.9959261878896,103.39874265600001,910.761394254516,189.365,4.819667772946511
2693.4679032,38.49360500929359,104.0,1382.9959698983207,105.2587200384,910.761394254516,,4.697451004563259
2693.9665848000004,39.05859921177322,104.0,1410.995888305518,102.8387494656,910.761394254516,189.365,4.895671953235603
2694.4685472,39.89459063349529,104.0,1410.995888305518,106.26570779328,910.761394254516,,4.755572151364031
2694.9672288,39.77359187508815,104.0,1409.9958912195407,99.68478781824001,910.761394254516,,5.042811884427713
2695.4659104,39.27459699537605,104.0,1400.9959174458006,99.91778498496001,910.761394254516,186.286,4.997641636954584
2695.9678728000004,38.985599960833376,104.0,1422.9958533371687,103.2937439328,910.761394254516,,4.913593942287615
2696.4665544000004,38.767602197752744,104.0,1398.9959232738597,109.2186718848,910.761394254516,204.761,4.590034835865491
2696.9685168,37.29361732261119,104.0,1405.9959028756593,112.67762982336001,910.761394254516,,4.467388151595163
2697.4671984,36.48662560331727,104.0,1417.995867907317,116.50158332352001,910.761394254516,183.207,4.358558222847708
2697.96588,36.66862373579744,104.0,1446.9957834004847,120.76153152192,910.761394254516,,4.297157804633493
2698.4678424000003,36.350626998826606,104.0,1398.9959232738597,121.81451871744,910.761394254516,,4.128921592454764
2698.966524,36.010630487599926,104.0,1404.995905789689,120.00654070272002,910.761394254516,189.365,4.200227237468472
2699.4684864,11.970877164395842,111.318,1948.9943205580792,27.947660152320005,910.761394254516,,24.93287639219514
2699.967168,19.612798749084927,143.0,4213.987720283089,192.43865991744002,910.761394254516,180.128,10.18267964472303
2700.4658496,19.252802443080206,143.2,4213.987720283089,172.38890372544,910.761394254516,,11.360209326700693
2700.967812,19.613798738823828,143.435,5295.984567304047,160.04005388928,910.761394254516,,15.348880343067798
2701.4664936,19.866796142766034,143.0,5132.985042290723,142.76026401408,910.761394254516,183.207,16.614847162720245
2701.9684560000005,20.42779038629006,143.4,5141.985016064463,144.66524084928,910.761394254516,,16.47697350617667
2702.4671376,20.28579184336597,143.32,4660.986417712266,145.78622721792001,910.761394254516,,14.82885322125513
2702.9658191999997,19.926795527100158,143.385,5130.985048118782,138.15931996224,910.761394254516,183.207,17.202159589911663
2703.4677816,20.789786671772582,143.0,4951.985569729918,147.40720750656,910.761394254516,,15.542569773115657
2703.9664632,20.302791668927306,143.32,5621.983617330689,144.37024443648002,910.761394254516,195.523,18.024299237761912
2704.4684256,20.0497942649851,143.0,5566.983777602272,141.9032744352,910.761394254516,,18.11466971556431
2704.9671072,20.772786846211247,143.385,5441.984141855855,136.6833379104,910.761394254516,170.891,18.436827619231668
2705.4657888000006,19.82379658399325,143.5,5314.984511937497,138.62631428352,910.761394254516,,17.766765791521117
2705.9677512000003,20.948785040258,143.154,5350.984407032464,139.03430932224,910.761394254516,190.905,17.800923618517423
2706.4664328000003,21.415780248325234,143.077,4682.9863536036355,135.4383530496,910.761394254516,,16.005846967461846
2706.9683952,20.359791084044723,143.222,5397.984270073119,136.76433692544,910.761394254516,,18.25437589511011
2707.4670768000005,19.310801847936524,143.519,5251.984695521311,130.82340916799998,910.761394254516,175.509,18.59346981654666
2707.9657584,20.389790776211782,143.259,5417.984211792546,136.02834587520002,910.761394254516,,18.42453254163724
2708.4677208000003,19.27780218655276,143.0,5072.985217132448,134.09836934400002,910.761394254516,177.049,17.467514757846054
2708.9664024,19.504799857283512,143.667,5396.984272987149,137.49932798784,910.761394254516,,18.203006046725367
2709.4683648000005,20.58378878555877,143.308,5152.9849840101515,138.1383202176,910.761394254516,,17.274178952030432
2709.9670464,19.216802812479735,143.692,5333.9844565709545,135.4083534144,910.761394254516,175.509,18.268441609438945
2710.465728,20.79278664098929,143.333,5097.985144281727,153.31713564096,910.761394254516,,15.42126988151267
2710.9676904000003,20.916785368613137,144.0,5028.985345349704,144.06624813312,910.761394254516,167.81099999999998,16.256126736661983
2711.4663720000003,20.005794716473414,143.28,5072.985217132448,145.00623670271997,910.761394254516,,16.203362310724717
2711.9683344000005,19.523799662322652,143.708,5047.985289983161,148.73919130944,910.761394254516,177.049,15.766303290916534
2712.467016,19.01480488522153,143.417,5092.985158851869,149.8881773376,910.761394254516,,15.748772975443819
2712.9656976,20.302791668927306,143.391,5285.98459644433,155.93710378176002,910.761394254516,,15.720007733507616
2713.4676600000003,20.39579071464519,143.739,5197.984852878858,155.28011177088,910.761394254516,166.27200000000002,15.563911538502936
2713.9663416,21.74477687242399,143.435,5026.985351177764,154.85011699968,910.761394254516,,15.078804781346985
2714.468304,20.771786856472346,143.577,5440.9841447698855,138.57431491584,910.761394254516,164.732,18.20844044210303
2714.9669856,20.957784947908117,143.68,4926.985642580632,146.57521762368,910.761394254516,,15.626314394271764
2715.4656672,20.32879140213876,143.44,4558.986714943196,142.13227165056,910.761394254516,183.207,14.889337746201349
2715.9676296000002,21.795776349107992,143.68,5829.983011212728,148.02220002816,910.761394254516,,18.286066505484243
2716.4663112,21.33978102816868,143.739,5895.982818886832,154.24112440512002,910.761394254516,,17.756239177969967
2716.9682736,22.40877005905492,144.32,5803.9830869774705,145.098235584,910.761394254516,180.128,18.655569196623595
2717.4669552,21.1497829777773,143.88,5718.983334669909,142.34126910912002,910.761394254516,,18.67032617274136
2717.9656368,22.047773763311298,143.077,6010.982483773531,140.16529556928,910.761394254516,175.509,19.81361420086569
2718.4675991999998,21.155782916210715,143.28,5282.98460518642,142.06727244096,910.761394254516,,17.222261355302113
2718.9662808000003,21.816776133624934,143.346,5723.983320099768,140.948286048,910.761394254516,160.114,18.805689188298594
2719.4682432,21.866775620570035,143.0,6140.9821049498005,135.61735087296003,910.761394254516,,20.89780239949714
2719.9669248000005,22.3487706747208,143.308,5707.98336672422,136.99833408,910.761394254516,177.049,19.288459613826596
2720.4656064000005,20.095793792974593,143.687,5204.984832480657,112.27263474816,910.761394254516,,21.4779874310474
2720.9675688000007,21.78277648250227,143.593,5517.983920389677,137.80732424256004,910.761394254516,157.035,18.576037544801746
2721.4662504000003,21.640777939578186,143.37,5309.9845265076465,130.31541534528,910.761394254516,,18.86998028414113
2721.9682128000004,20.89478559435729,143.308,5318.984500281386,139.64530189248,910.761394254516,,17.637192149518192
2722.4668944,21.36478077164123,143.696,5609.983652299038,153.45713393856,910.761394254516,155.495,16.984329477198827
2722.965576,21.342780997385386,144.0,6419.981291935794,149.90017719168003,910.761394254516,,19.908184168330035
2723.4675384,22.13977281929028,143.308,6355.98147843363,140.86228709376002,910.761394254516,175.509,20.871509593000898
2723.9662200000002,20.359791084044723,143.517,6615.980720786176,124.97848024320001,910.761394254516,,24.47415318702537
2724.4681824,22.096773260517494,143.308,5797.983104461641,138.61631440512002,910.761394254516,,19.36101581262566
2724.9668640000004,20.407790591512015,143.643,6389.981379356657,128.25644038272,910.761394254516,177.049,23.06463798889138
2725.4655456,22.161772593546125,143.615,6122.982157402321,139.37030523648002,910.761394254516,,20.369915953508393
2725.967508,20.527789360180257,143.821,5936.98269941165,128.50743733056,910.761394254516,,21.427595641337742
2726.4661896,20.82278633315635,143.667,5497.98397867025,133.79637301632,910.761394254516,175.509,19.0602939439545
2726.9681520000004,20.452790129762608,143.357,5915.98276060626,124.56448527744,910.761394254516,,21.951668378425587
2727.4668336,22.641767668219085,143.345,5773.983174398332,126.39246304896,910.761394254516,,21.13834299939996
2727.9655152,22.13377288085687,143.0,6159.982049583257,133.93237136256002,910.761394254516,169.351,21.22553431236944
2728.4674775999997,20.351791166133506,143.86700000000002,6163.982037927139,118.48655918592002,910.761394254516,,24.112590011397423
2728.9661592,21.2487819619286,143.704,6207.981909709875,136.22934343104,910.761394254516,186.286,21.127090623176073
2729.4681216,19.3478014682759,143.96,5819.98304035301,144.73324002240003,910.761394254516,,18.680892487590796
2729.9668032,19.686797989763672,143.0,5744.983258905166,167.43996390528002,910.761394254516,,15.861076699935905
2730.4654848000005,20.40479062229531,143.391,5762.983206452645,155.6081077824,910.761394254516,167.81099999999998,17.159714464836746
2730.9674472,20.464790006629432,143.565,5530.983882507306,156.17510088768,910.761394254516,,16.436921697206845
2731.4661288,20.448790170807,143.208,5737.9832793033665,152.58114459072002,910.761394254516,,17.399911237317234
2731.9680912,22.627767811874456,143.292,5875.982877167405,149.548181472,910.761394254516,169.351,18.201023285762517
2732.4667728000004,22.42876985383296,143.481,5698.983392950482,134.18636827392,910.761394254516,,19.68212449292724
2732.9654544000005,20.897785563574,143.931,6014.982472117413,121.60552125888,910.761394254516,163.19299999999998,22.949485071576124
2733.4674168,21.971774543154744,143.615,5581.9837338918405,137.42732886336,910.761394254516,,18.845250926684447
2733.9660984,22.67476732960285,143.259,6150.98207580951,135.56735148096,910.761394254516,,20.983626061345845
2734.4680608000003,20.383790837778367,143.393,6043.982387610587,129.48242547456,910.761394254516,158.57399999999998,21.582591432195137
2734.9667424000004,21.950774758637802,143.75,5489.984001982479,149.53618161792,910.761394254516,,17.06738378762498
2735.465424,22.00477420453851,143.846,5623.983611502637,139.6133022816,910.761394254516,,18.72134203303441
2735.9673864,21.67677757017865,143.56,5949.982661529278,142.76026401408,910.761394254516,166.27200000000002,19.322552489902602
2736.466068,20.711787472138223,143.481,5628.983596932489,134.84336028479999,910.761394254516,,19.33433835485743
2736.9680304000003,19.701797835847206,143.52,5839.982982072438,141.51027921408001,910.761394254516,,19.112621124310852
2737.466712,20.420790458117743,143.0,6005.982498343673,139.39130498112002,910.761394254516,169.351,19.881760506800177
2737.9653936,21.360780812685622,143.542,6407.981326904145,149.94917659584002,910.761394254516,,19.802424187927542
2738.467356,21.20278243393911,143.28,6131.982131176061,140.58229049856,910.761394254516,175.509,20.17045700417545
2738.9660376,22.091773311822987,143.571,5892.9828276289145,130.74941006784,910.761394254516,,20.885578056695056
2739.4680000000003,20.952784999213605,143.233,6168.982023356998,119.96754117696003,910.761394254516,160.114,23.737052256149518
2739.9666816,20.691787677360185,143.692,5764.983200624585,137.05933333824,910.761394254516,,19.50820049114835
2740.4653632,21.370780710074644,143.64,5837.982987900497,145.44123141312,910.761394254516,,18.62382299444686
2740.9673256,20.461790037412726,143.889,5854.982938362006,134.67636231552,910.761394254516,173.97,20.182867355862037
2741.4660071999997,21.511779263259825,143.821,6458.981178288679,128.04244298496002,910.761394254516,,23.38858270487687
2741.9679696,17.444820995145392,143.69,5046.985292897191,62.44624064448,910.761394254516,161.653,37.29480926979085
2742.4666512,22.71576690889783,143.739,3864.988737279102,156.54609637632,910.761394254516,,11.544143427511374
2742.9653328000004,22.399770151404798,143.833,5576.983748461982,148.8831895584,910.761394254516,,17.423866478286346
2743.4672952,20.883785707229368,143.615,5931.982713981798,139.07630881152,910.761394254516,,19.770853970721934
2743.9659768000006,20.243792274332087,143.083,5576.983748461982,147.93920103744003,910.761394254516,175.509,17.425104134954413
2744.4679392,19.46580025746633,143.36,4816.985963123791,143.9532495072,910.761394254516,,15.509599090940299
2744.9666208000003,19.289802063419582,143.375,4588.986627522333,148.2131977056,910.761394254516,183.207,14.363147598174205
2745.4653024,19.411800811565627,143.08,4929.985633838543,147.1832102304,910.761394254516,,15.494464504610105
2745.9672648000005,19.680798051330264,143.68,4676.986371087805,143.75125196352,910.761394254516,184.747,15.119694070390295
2746.4659464,19.46680024720523,143.667,4843.985884445011,149.04018764928,910.761394254516,,15.100869876934842
2746.9679088000003,18.866806403864032,143.167,4666.9864002280965,146.61021719808,910.761394254516,177.049,14.737621103091307
2747.4665904000003,19.05880443373322,143.52,4914.985677548974,146.85521421888,910.761394254516,169.351,15.526065122193442
2747.9652720000004,19.80879673790972,143.417,5019.985371575964,147.88020175488,910.761394254516,,15.740707486544643
2748.4672344000005,20.06879407002424,144.0,4878.985782454008,144.0432484128,910.761394254516,172.43,15.771844449349956
2748.965916,20.465789996368333,143.692,5172.984925729578,137.79732436416,910.761394254516,,17.428134698678623
2749.4678784000002,20.696787626054693,143.37,5553.983815484644,136.58233913856,910.761394254516,161.653,18.823827682467495
2749.9665600000003,20.2987917099717,143.28,5657.983512425655,141.023285136,910.761394254516,,18.55984816804657
2750.4652416,20.13779336200848,143.68,5301.984549819877,143.13725942976,910.761394254516,153.955,17.194453246863738
2750.967204,20.602788590597907,143.96,4831.985919413361,144.16724690496002,910.761394254516,,15.60850546824397
2751.4658856,20.05579420341851,143.308,4894.985735829547,140.5182912768,910.761394254516,177.049,16.13844525497466
2751.967848,20.8487860663678,143.88,4911.985686291064,143.12625956352,910.761394254516,,15.971446396724051
2752.4665296000003,20.595788662425594,143.56,4998.985432770566,143.4382557696,910.761394254516,164.732,16.178412220805747
2752.9652112,22.76576639584293,143.37,4888.985753313726,135.09035728128003,910.761394254516,,16.789862215702545
2753.4671736,23.297760936938797,143.519,6116.9821748864915,134.59736327616002,910.761394254516,,21.060788749178307
2754.9664992,22.991764076834787,143.63,6065.982323501948,132.5833877664,910.761394254516,,21.21476607656068
2755.4651808000003,22.486769258689275,143.63,5461.984083575284,132.6883864896,910.761394254516,175.509,19.102544977126314
2755.9671432,23.141762537670086,143.63,5960.982629474967,133.34137854912,910.761394254516,,20.734776545987955
2756.4658248,22.670767370647244,143.643,6032.982419664899,132.34539066048,910.761394254516,181.667,21.137181762260102
2756.9677871999997,23.25976132686052,143.704,5892.9828276289145,129.9384199296,910.761394254516,,21.04396608574346
2757.4664688000003,23.630757519993164,143.704,6076.982291447636,133.00438264704002,910.761394254516,,21.202465827001948
2757.9651504000003,23.09376303020279,143.25,6016.982466289361,130.54541254848002,910.761394254516,173.97,21.31530762674387
2758.4671128000005,23.800755775606504,143.0,6244.981801890819,125.78847039360001,910.761394254516,,22.910808470491
2758.9657944,23.421759664562646,143.25,5680.983445403002,128.05144287552,910.761394254516,169.351,20.527105745957176
2759.4677568,23.317760731716834,143.286,5705.98337255228,128.05144287552,910.761394254516,,20.620812274458284
2759.9664384000002,22.97876421022906,143.893,5712.9833521540795,128.44443809664003,910.761394254516,,20.666785186633113
2760.46512,21.732776995557167,143.692,5408.9842380188065,138.08632084991999,910.761394254516,175.509,18.188301473709853
2760.9670824,22.120773014251146,143.0,5463.984077747223,134.84336028479999,910.761394254516,,18.722362929682408
2761.4657640000005,23.78175597056736,143.64,5397.984270073119,144.91523780928,910.761394254516,166.27200000000002,17.316195101143656
2761.9677264,22.581768283884966,143.333,5213.984806254396,130.24141624512,910.761394254516,,18.54581886055237
2762.4664080000002,23.915754595580232,143.63,4913.985680463004,134.82436051584,910.761394254516,,16.94770993930852
2762.9650896,22.84476558521619,143.286,5147.984998580292,130.02141892032,910.761394254516,170.891,18.34042846122893
2763.4670520000004,22.792766118793292,143.692,5173.984922815548,135.94734686016002,910.761394254516,,17.686059173705765
2763.9657336,22.831765718610466,143.37,5038.985316209421,133.26437948544,910.761394254516,,17.534011337771638
2764.467696,23.78375595004517,144.0,4740.98618458997,132.80338509120003,910.761394254516,166.27200000000002,16.64517883806248
2764.9663775999998,24.517748418399236,143.786,5385.984305041461,131.40240212736003,910.761394254516,,19.059592794677556
2765.4650592000003,23.41975968508484,143.321,5593.983698923499,126.79245818496001,910.761394254516,178.588,20.42455481763322
2765.9670216,24.10375266649381,143.321,5018.985374489994,129.4634257056,910.761394254516,,17.976981149963212
2766.4657032,21.46077978657582,129.357,4034.988241894226,63.75122477568001,910.761394254516,172.43,26.370716225010273
2766.9676656,35.61563454073364,104.0,1850.994606132889,126.94045638528002,,,5.152923399310645
2767.4663472,43.71155146688423,104.0,1850.994606132889,105.06672237312,,190.905,6.231484516826102
2767.9650288000003,44.308545341008724,104.0,1850.994606132889,114.9686019648,,,5.731794697637476
2768.4669912,42.907559716807015,45.067,1850.994606132889,122.24251351296002,,201.682,2.5468421301342805
3011.9646864,4.989948797120981,140.0,4229.987673658629,289.3864810176,421.434604300056,,6.5880664198470855
3012.463368,4.989948797120981,140.58,4139.9879359212155,289.146483936,421.434604300056,,6.4806761581827494
3012.9620496000002,4.47995403028096,140.38,4319.9874113960495,289.0164855168,421.434604300056,,6.749736345349844
3013.464012,4.55995320939312,140.42,4509.9868577306,289.53647919360003,421.434604300056,,7.035015615841108
3013.9626936000004,4.37995505639076,140.17,4669.986391486007,290.7864639936,421.434604300056,,7.237710929694128
3014.464656,4.4499543381139,141.0,4269.987557097484,289.4264805312,421.434604300056,,6.691660466821287
3014.9633376,4.75995115717352,140.67,4659.986420626296,290.12647201920004,421.434604300056,,7.267549755938028
3015.4620192,4.3499553642237005,141.0,4179.9878193600625,289.5264793152,421.434604300056,,6.5483160515429635
3016.4626632,4.30995577466762,140.95,5909.982778090431,171.0179203968,421.434604300056,,15.616973511594223
3016.9646256,4.01995875038604,140.2,5009.985400716254,177.3578433024,421.434604300056,,12.701964751469731
3017.4633072,4.3499553642237005,140.4,4719.986245784572,176.84784950400004,421.434604300056,,12.022986691627194
3017.9619888,4.059958339942121,140.1,4709.986274924862,178.397830656,421.434604300056,,11.865878440750905
3018.4639512,4.01995875038604,140.1,4459.987003432035,177.59784038400002,421.434604300056,,11.288009715675106
3018.9626328000004,4.1099578268872206,140.15,4589.986624608303,176.9778479232,421.434604300056,,11.661523839576168
3019.4645952000005,3.9799591608299605,140.55,4469.986974291745,177.40784269440002,421.434604300056,,11.361250140053258
3019.9632768,4.20995680077742,140.45,4379.987236554324,178.26783223680002,421.434604300056,,11.073727336927616
3020.4619584,4.02995864777506,140.62,3999.988343885229,176.297856192,421.434604300056,,10.239541796602504
3020.9639208000003,4.01995875038604,140.4,3859.9887518492505,177.4978416,421.434604300056,57.31,9.80038733972933
3021.4626024,3.9599593660519203,140.25,4049.9881981837943,177.28784415360002,421.434604300056,,10.281778797455779
3021.9645648,3.9099598791068204,140.29,4229.987673658629,177.16784561280002,421.434604300056,,10.747133770088189
3022.4632464,4.1599573138323205,140.65,4009.988314744947,177.59784038400002,421.434604300056,,10.193436789611363
3022.961928,4.01995875038604,140.35,4239.987644518345,177.66783953280003,421.434604300056,,10.747753132242885
3023.4638904000003,4.71995156761744,140.0,4479.986945151462,205.5775001472,421.434604300056,,9.79888898533899
3023.9625720000004,4.319955672056641,140.44,4559.9867120291665,383.645334816,421.434604300056,,5.376066918989065
3136.9631664000003,5.26994592401354,140.85,4169.987848500354,134.3683660608,421.434604300056,,14.02653270176525
3137.461848,5.519943358739041,141.0,4449.987032572318,366.56554250880004,421.434604300056,56.37,5.5219758623990085
3137.9605296,5.279945821402561,140.62,5389.984293385349,166.60797402240001,421.434604300056,,14.596302465544145
3138.462492,5.329945308347661,140.88,5179.984905331371,454.8144693888001,421.434604300056,50.73,5.177530109412705
3142.4617872,4.20995680077742,140.4,6319.981583338664,56.6193115008,421.434604300056,52.61,50.16453050590459
3142.9604688,4.01995875038604,140.54,5929.982719809851,52.61936014080001,421.434604300056,,50.69547176731231
3143.4624312,3.8399605973836803,140.83,5949.982661529278,52.1693656128,421.434604300056,46.98,51.4090655182769
3143.9611128,3.93995957127388,140.35,5819.98304035301,52.4093626944,421.434604300056,,49.88677609376088
3144.4630752,4.11995772427624,140.6,5939.982690669568,54.06934250879999,421.434604300056,45.1,49.44195527727815
3144.9617568000003,3.8399605973836803,140.63,5969.982603248707,70.3091450304,421.434604300056,,38.22773678365742
3145.4604384000004,3.9299596738848606,140.31,5909.982778090431,70.3191449088,421.434604300056,30.06,37.753226072940905
3145.9624008,4.0399585451640805,140.25,5669.983477457314,70.2291460032,421.434604300056,,36.25326798739711
3146.4610824,3.81996080260564,140.17,5779.9831569141625,70.26914551680001,421.434604300056,19.73,36.91199703783359
3146.9630448000003,4.249956390333501,140.33,5979.982574108423,70.26914551680001,421.434604300056,,38.23530928879911
3157.4616048,4.38995495377978,140.48,6069.982311845836,54.25934019840001,421.434604300056,17.85,50.30581117991325
3157.9602864000003,4.629952491116261,140.37,5849.982952932148,54.049342751999994,421.434604300056,,48.636069385296736
3158.4622488,4.3999548511688005,140.52,6029.982428406988,54.20934080640001,421.434604300056,17.85,50.03492824925975
3158.9609304000005,4.93994931017588,140.61,5799.983098633583,53.8593450624,421.434604300056,,48.475980012414325
3159.4628928,5.1899467449013805,140.42,5969.982603248707,54.1593414144,421.434604300056,15.97,49.55458173195034
3159.9615744000002,5.38994469268178,140.4,6189.981962162396,55.0193309568,421.434604300056,,50.571188735279776
3160.4602560000003,5.35994500051472,140.6,6249.981787320669,57.1193054208,421.434604300056,11.27,49.25512071785355
3160.9622184,5.109947565789221,140.54,6209.981903881822,57.1393051776,421.434604300056,,48.90008569554006
3161.4609,5.52994325612806,140.32,6329.981554198381,57.0093067584,421.434604300056,,49.883166020487636
3161.9628624,5.579942743073161,140.41,6339.981525058092,57.0093067584,421.434604300056,15.03,49.99433552071765
3162.461544,5.329945308347661,140.48,6019.982457547272,57.1393051776,421.434604300056,,47.386920983431104
3162.9602256000003,5.079947873622161,140.59,6119.982166144401,57.2793034752,421.434604300056,15.97,48.09116884531495
3177.4613616,5.399944590070801,140.18,6339.981525058092,46.5594338304,421.434604300056,,61.10281083264995
3177.9600432,5.98993853602298,140.38,6439.981233655222,53.3293515072,421.434604300056,54.49,54.2749535674583
3178.4620056000003,6.3499348420277,140.45,6529.980971392643,59.96927076480001,421.434604300056,,48.97246980953712
3178.9606872,6.779930429755561,140.47,6699.98047600776,61.239255321600005,421.434604300056,,49.215760549811016
3179.4626496,6.649931763698301,140.4,6409.981321076085,59.10928122240001,421.434604300056,,48.75735272970972
3179.9613312,6.909929095812821,140.52,6329.981554198381,56.89930809600001,421.434604300056,,50.06238866023445
3180.4600128,6.96992848014694,140.54,6269.981729040099,56.499312960000005,421.434604300056,,49.94668124416141
3180.9619752,7.40992396526382,140.46,6149.98207872354,55.81932122879999,421.434604300056,,49.563535032211455
3181.4606568000004,6.7499307375885005,140.28,6229.98184560125,55.189328889600006,421.434604300056,,50.70925815867045
3181.9626192,7.079927351426161,140.26,6159.982049583257,54.329339347200005,421.434604300056,,50.928452460973645
3182.4613008,6.4499338159179,140.79,6189.981962162396,57.089305785600004,421.434604300056,,48.88346287092462
3182.9599824,6.48993340547398,140.58,6429.9812627955125,58.18929240959999,421.434604300056,,49.743947889555
3183.4619448000003,6.4399339185288795,140.59,6459.981175374649,56.369314540800005,421.434604300056,,51.59079323277334
3183.9606264,6.069937715135141,140.32,6309.981612478953,57.59929958400001,421.434604300056,,49.221424674609295
3184.4625888,7.309924991373621,140.52,6369.981437637228,72.1091231424,421.434604300056,,39.76793268405834
3184.9612704,6.91992899320184,140.43,6319.981583338664,59.47927672320001,421.434604300056,,47.787357035002856
3185.459952,7.32992478615166,140.41,6599.980767410629,56.9793071232,421.434604300056,,52.084858515361
3185.9619144,7.28992519659558,140.69,6949.979747500586,55.599323904,421.434604300056,,56.314934583455205
3186.4605960000004,7.239925709650481,140.28,6719.980417727187,53.7293466432,421.434604300056,,56.1818943646246
3186.9625584,7.189926222705379,140.63,6669.980563428621,52.99935552,421.434604300056,,56.672029343843626
3187.46124,7.03992776187008,140.49,6719.980417727187,50.949380448,421.434604300056,,59.33091176771785
3187.9599216,7.219925914872441,140.49,6379.981408496946,51.9693680448,421.434604300056,,55.229158766063854
3188.4618840000003,7.3999240678748,140.47,6649.980621709194,53.2293527232,421.434604300056,,56.19624952351406
3188.9605656,7.459923452208921,140.54,6479.9811170940775,53.52934907520001,421.434604300056,,54.482324271106634
3189.462528,6.60993217414222,140.41,6489.981087953786,53.05935479040001,421.434604300056,,54.99101227984109
3189.9612096,6.7499307375885005,140.12,6389.981379356657,54.299339712,421.434604300056,,52.80141341734038
3190.4598912,7.3499245809297005,140.55,6739.980359446615,54.4693376448,421.434604300056,,55.69202737499297
3190.9618536,6.9399287879798806,140.26,6429.9812627955125,52.1793654912,421.434604300056,,55.34471012726863
3191.4605352000003,7.079927351426161,140.21,6299.981641619236,53.24935248,421.434604300056,,53.12077456412967
3191.9624976000005,7.319924888762641,140.17,6729.980388586905,54.41933825280001,421.434604300056,50.73,55.50995305857225
3192.4611792,7.219925914872441,140.74,6499.981058813496,54.049342751999994,421.434604300056,,54.20001613098803
3192.9598608,7.6499215026003,140.46,6399.981350216367,53.849345184,421.434604300056,50.73,53.4622945735447
3193.4618232000003,7.149926633149301,140.26,6759.980301166042,52.549360992000004,421.434604300056,,57.77462671311651
3193.9605048,7.1099270435932205,140.54,6889.979922342311,52.549360992000004,421.434604300056,,59.00160081025654
3194.4624672,7.0599275566481206,140.54,6839.980068043746,53.1293539392,421.434604300056,51.67,57.934675883674686
3194.9611488,6.9899282749249805,140.44,6829.980097184035,52.9393562496,421.434604300056,,58.015609135381645
3195.4598304000006,7.009928069703021,140.22,7019.979543518579,52.719358924800005,421.434604300056,51.67,59.7829082828921
3195.9617928000002,7.669921297378341,140.42,7119.97925211571,52.2393647616,421.434604300056,,61.28303949343622
3197.4611184,7.099927146204201,140.26,6869.979980622884,52.9593560064,421.434604300056,,58.2592608114494
3197.9598,7.7099208869344205,140.11,6499.981058813496,50.839381785600004,421.434604300056,48.85,57.364809849372215
3198.4617624,7.359924478318721,140.55,6359.981466777518,49.24940112,421.434604300056,51.67,58.119475783391486
3198.960444,7.809919860824621,140.5,6179.981991302685,48.669408172800004,421.434604300056,64.83,57.1321463300805
3199.4624064,7.27992529920656,140.7,6389.981379356657,48.49941024,421.434604300056,,59.35789036349097
3199.961088,7.319924888762641,140.49,6069.982311845836,49.729395283200006,421.434604300056,47.91,54.913634259962016
3200.4597696,7.27992529920656,140.44,5869.982894651575,49.4793983232,421.434604300056,47.91,53.35503055651822
3200.961732,7.199926120094401,140.25,6279.981699899815,50.549385312000005,421.434604300056,58.25,55.79434714239968
3201.4604136000003,7.029927864481061,140.54,5909.982778090431,52.589360505600006,421.434604300056,54.49,50.57894824331898
3201.9623760000004,7.389924170485781,140.5,6109.982195284693,52.7293588032,421.434604300056,33.82,52.13812837141983
3202.4610576,7.3999240678748,140.25,6479.9811170940775,50.609384582400004,421.434604300056,,57.502810513967205
3202.9597392,7.389924170485781,140.35,6569.98085483149,52.0393671936,421.434604300056,,56.74057846456573
3203.4617016,7.319924888762641,140.36,6539.980942252352,50.0793910272,421.434604300056,,58.69345340466908
3203.9603832,7.239925709650481,140.11,6529.980971392643,49.169402092800006,421.434604300056,,59.58036790894377
3206.4603528000002,6.48993340547398,140.25,6699.98047600776,49.2194014848,421.434604300056,,61.12242438009426
3206.9623152000004,6.529932995030061,140.53,6659.980592568912,48.6194087808,421.434604300056,,61.6299759457189
3207.9596784,6.3999343289728,140.52,6449.981204514933,49.10940282240001,421.434604300056,,59.0881367045316
3208.4616408,6.5999322767532,140.31,6169.982020442967,48.8294062272,421.434604300056,,56.76606295202871
3208.9603224,6.17993658641436,140.11,6539.980942252352,48.9394048896,421.434604300056,,59.94266658962916
3209.4622848,6.08993750991318,140.34,6139.982107863831,48.999404160000005,421.434604300056,,56.30222996023853
3209.9609664000004,6.22993607335946,140.49,6419.981291935794,48.5594095104,421.434604300056,,59.46495037048156
3210.459648,6.2699356629155405,140.85,6749.980330306324,50.349387744,421.434604300056,58.25,60.452821266115286
3210.9616104,6.0999374073022,140.5,6269.981729040099,51.109378502400006,421.434604300056,,55.18468456421105
3211.460292,6.21993617597044,140.39,6229.98184560125,51.989367801600004,421.434604300056,,53.86456943058449
3211.9622544000003,6.0799376125241595,140.62,6589.980796550917,50.809382150400005,421.434604300056,,58.39023846717692
3212.460936,6.22993607335946,140.54,6519.9810005329255,50.6893836096,421.434604300056,,57.87555428665496
3212.9596176,6.3199351498606395,140.51,6729.980388586905,50.609384582400004,421.434604300056,,59.820289782791605
3213.46158,6.35993473941672,140.37,6749.980330306324,49.3094003904,421.434604300056,,61.51730075982343
3214.462224,6.33993494463868,140.49,6939.979776640876,51.0193795968,421.434604300056,,61.18141505654255
3214.9609056000004,6.58993237936418,140.41,6889.979922342311,51.50937363840001,421.434604300056,,60.131606449489205
3215.4595872,6.23993597074848,140.37,7009.979572658869,51.569372908800005,421.434604300056,,61.086442253252066
3216.4602312,5.759940896075521,140.4,6859.980009763173,51.3593754624,421.434604300056,,60.03340478876292
3217.4608752,6.57993248197516,140.43,6989.979630939441,53.079354547200005,421.434604300056,,59.20916369160427
3217.9595568,6.65993166108732,140.36,6839.980068043746,52.099366464,421.434604300056,,58.99985749836233
3218.4615192,6.63993186630928,140.31,6539.980942252352,50.4393866496,421.434604300056,,58.24848364338093
3218.9602008,6.71993104542144,140.25,6779.98024288547,50.5893848256,421.434604300056,,60.18006068953077
3219.4621632,6.5599326871971195,140.61,6299.981641619236,50.3093882304,421.434604300056,,56.377328236269996
3219.9608448000004,6.3199351498606395,140.65,6199.981933022104,51.2293770432,421.434604300056,,54.501399001631555
3220.4595264,6.61993207153124,140.78,6319.981583338664,52.2393647616,421.434604300056,,54.53502019801318
3220.9614888,6.70993114803242,140.59,6519.9810005329255,50.7693826368,421.434604300056,42.28,57.80905294475864
3221.4601704,6.169936689025341,140.1,6299.981641619236,50.3293879872,421.434604300056,,56.1474377402041
3221.9621328000003,6.32993504724966,140.3,6489.981087953786,52.0093675584,421.434604300056,,56.05378031413902
3222.4608144,5.97993863863396,140.33,6469.9811462343605,52.1193662208,421.434604300056,,55.77232480820569
3222.9594960000004,6.3199351498606395,140.42,6939.979776640876,54.1393416576,421.434604300056,,57.62985805510035
3223.4614584,5.9099393569108205,140.29,6769.980272025752,52.2393647616,421.434604300056,,58.20490735673868
3223.96014,6.1499368942473005,140.38,6529.980971392643,54.91933217280001,421.434604300056,,53.44230906115314
3224.4621024000003,6.0799376125241595,140.38,6509.981029673216,54.6393355776,421.434604300056,,53.550949668790636
3224.9607840000003,6.169936689025341,140.23,6239.981816460961,54.6393355776,421.434604300056,36.64,51.278051034944504
3225.4594656,6.32993504724966,140.2,6429.9812627955125,52.209365126399994,421.434604300056,,55.28413070322481
3225.961428,6.3499348420277,140.49,6109.982195284693,52.049367072,421.434604300056,,52.805881672053665
3226.4601096,6.2699356629155405,140.4,6569.98085483149,55.3393270656,419.60441059382396,,53.3702837962966
3226.9620720000003,6.57993248197516,134.95,6319.981583338664,56.499312960000005,398.022126342192,,48.341091224985064
3227.4607536,6.48993340547398,134.68,6519.9810005329255,53.149353696000006,398.022126342192,,52.902086203118834
3227.9594352000004,7.1099270435932205,134.33,6679.980534288339,56.05931831040001,398.022126342192,,51.26026665333665
3228.4613976,6.5999322767532,134.59,6589.980796550917,56.4893130816,398.022126342192,,50.27865833664857
3228.9600792,6.3999343289728,134.85,6689.980505148049,55.78932159360001,398.022126342192,15.03,51.7785017416917
3229.4620416000002,6.409934226361821,134.68,6319.981583338664,55.579324147200005,398.022126342192,,49.04069570693052
3229.9607232000003,6.57993248197516,134.51,6539.980942252352,55.03933071360001,398.022126342192,,51.18008145469976
3230.9613672,5.579942743073161,140.38,6129.982137004121,45.9194416128,421.434604300056,,59.990128175029994
3231.4600488,7.239925709650481,140.46,6269.981729040099,69.22915816320001,421.434604300056,17.85,40.75248368977815
3231.9620112000002,7.4499235548199,140.14,6019.982457547272,70.24914576,421.434604300056,,38.4768407879146
3232.4606928,7.2999250939846005,140.51,5999.9825158278445,66.4591918464,421.434604300056,,40.638123884748765
3232.9593744000003,6.979928377535961,140.68,6439.981233655222,63.72922504320001,421.434604300056,,45.53157122395828
3233.4613368,7.199926120094401,140.13,6439.981233655222,64.88921093760001,421.434604300056,,44.54595582574483
3233.9600184,6.8699295062567405,140.4,6439.981233655222,64.88921093760001,421.434604300056,13.15,44.628868546166984
3234.4619808,7.169926427927341,140.56,6629.980679989772,65.6192020608,421.434604300056,,45.48763293593319
3234.9606624000003,6.82992991670066,140.4,6249.981787320669,64.799212032,421.434604300056,,43.37363589439081
3235.459344,7.079927351426161,140.54,6379.981408496946,64.66921361280001,421.434604300056,,44.4097871934704
3235.9613064,6.96992848014694,140.49,6229.98184560125,65.4192044928,421.434604300056,,42.85443003421963
3236.459988,6.879929403645761,140.5,6139.982107863831,64.66921361280001,421.434604300056,13.15,42.72761456671646
3236.9619504,7.03992776187008,140.54,6459.981175374649,64.22921896320001,421.434604300056,,45.273179130258114
3237.4606320000003,6.879929403645761,140.37,6229.98184560125,64.2392188416,421.434604300056,,43.60253159294235
3237.9593136000003,7.139926735760281,140.51,6129.982137004121,65.26920631680001,421.434604300056,,42.271729060848635
3238.4612760000005,7.129926838371261,140.51,6139.982107863831,65.3592052224,421.434604300056,,42.28228505722446
3238.9599576,7.149926633149301,140.36,6229.98184560125,65.7292007232,421.434604300056,,42.614710273112706
3239.46192,7.019927967092041,140.33,6099.982224424975,65.7292007232,421.434604300056,15.03,41.716736096283185
3239.9606016000002,7.03992776187008,140.24,6429.9812627955125,64.6892133696,421.434604300056,,44.64781481899823
3240.4592832,6.7499307375885005,140.72,6379.981408496946,62.67923781120001,421.434604300056,,45.87363241356178
3240.9612456,7.119926940982241,140.61,6619.9807091300545,64.2692184768,421.434604300056,,46.38792222184372
3241.4599272,7.099927146204201,141.0,6789.98021374518,64.949210208,421.434604300056,,47.21036145506137
3241.9618896,7.249925607039501,140.21,6679.980534288339,62.929234771200015,421.434604300056,,47.66851152853981
3242.4605712000002,6.889929301034781,147.46,6539.980942252352,61.769248876800006,440.286599580096,13.15,49.99833430014108
3242.9592528000003,7.339924683540681,141.08,6619.9807091300545,61.11925678080001,416.664099393648,,48.94024837628459
3243.4612152000004,6.41993412375084,141.05,6639.980650849484,59.20928000640001,425.725058398272,,50.650820944080145
3243.9598968,6.839929814089681,140.57,6469.9811462343605,60.82926030720001,421.24458418848,,47.882727248800435
3244.4618592,7.27992529920656,140.93,6529.980971392643,61.1292566592,423.054775777704,,48.21609466838811
3244.9605408,7.5399226313210805,140.67,6349.981495917802,59.809272710399995,421.574619119112,,47.83609103475314
3245.4592224,7.239925709650481,140.76,6319.981583338664,57.46930116480001,422.854754607624,13.15,49.57545188544483
3245.9611848,7.40992396526382,140.74,6249.981787320669,58.8592842624,421.434604300056,,47.865346050434965
3246.4598664,7.809919860824621,140.24,6489.981087953786,58.959283046399996,421.434604300056,,49.44411782997992
3246.9618288,7.269925401817541,140.27,6129.982137004121,57.2393039616,421.434604300056,,48.112273041002574
3247.4605104,7.339924683540681,140.84,6149.98207872354,57.099305664000006,421.434604300056,,48.58421089189644
3247.9591920000003,8.08991698771718,140.32,6079.982282705554,55.70932256639999,421.434604300056,,49.05363622819172
3248.4611544000004,8.03991750077208,140.44,6149.98207872354,54.74933424,421.434604300056,15.03,50.529104476815405
3248.959836,7.3499245809297005,140.46,6239.981816460961,54.8593329024,421.434604300056,,51.166318753191085
3249.4617984,7.849919450380701,140.55,6499.981058813496,55.66932305280001,421.434604300056,,52.5589598577414
3249.96048,8.05991729555012,140.26,6619.9807091300545,55.289327673600006,421.434604300056,,53.78619753999259
3250.4591616,7.799919963435601,140.32,6729.980388586905,55.81932122879999,421.434604300056,,54.18120771322305
3250.961124,8.079917090328161,140.55,6429.9812627955125,56.18931672960001,421.434604300056,,51.51505969221953
3251.4598056000004,8.559912165001121,140.39,6149.98207872354,56.249316,421.434604300056,,49.17040660215467
3251.961768,7.969918219048941,140.47,6279.981699899815,56.44931356800001,421.434604300056,15.03,50.05407958837466
3252.4604496,7.479923246986961,140.64,6609.980738270347,56.099317824,421.434604300056,,53.06891579402933
3252.9591312000002,8.06991719293914,140.2,6569.98085483149,55.569324268799996,421.434604300056,,53.08924488256263
3253.4610936000004,8.0999168851062,140.46,6539.980942252352,56.5293125952,421.434604300056,,52.04731655306983
3253.9597752,7.819919758213641,140.69,6359.981466777518,56.1193175808,421.434604300056,,51.06700543985443
3254.4617376,8.40991370416582,141.52,6249.981787320669,55.7793217152,431.915713612248,,50.79289253197839
3254.9604192,8.67991093366936,147.38,6319.981583338664,59.44927708800001,442.016782701288,,50.18969820240076
3255.4591008,8.459913191110921,145.18,6589.980796550917,59.6892741696,436.98625027377597,15.03,51.341825611158846
3255.9610632,8.319914627664641,140.67,6289.9816707595255,59.2692792768,421.434604300056,,47.82245095448814
3256.4597448000004,8.51991257544504,140.57,6629.980679989772,61.889247417600004,421.434604300056,,48.24030598261125
3256.9617072,8.47991298588896,140.33,6449.981204514933,60.07926942720001,421.434604300056,,48.2615575133632
3257.4603888,8.259915243330521,140.29,6409.981321076085,61.5692513088,421.434604300056,,46.78855907035755
3257.9590704,8.559912165001121,140.63,6419.981291935794,63.3092301504,421.434604300056,,45.688267927927356
3258.4610328000003,9.06990693184114,140.25,6339.981525058092,61.21925556480001,421.434604300056,,46.536171827627385
3258.9597144,8.4499132937219,140.35,6329.981554198381,59.5592757504,421.434604300056,15.97,47.78445234387498
3259.4616768,8.92990836839486,140.3,6239.981816460961,63.85922346240001,421.434604300056,,43.92746659974364
3259.9603584,8.87990888144976,140.18,6659.980592568912,63.22923112320001,421.434604300056,,47.30449894212759
3260.45904,8.119916679884241,140.48,6279.981699899815,61.50925203840001,421.434604300056,,45.94657982076292
3260.9610024,8.889908778838782,140.68,6359.981466777518,62.96923428480001,421.434604300056,,45.52490205268732
3261.4596840000004,9.179905803120361,140.33,6219.981874741534,62.849235744000005,421.434604300056,,44.500972793478574
3261.9616464,8.66991103628034,140.72,6399.981350216367,63.239231001600004,421.434604300056,,45.62656508257526
3262.460328,8.869908984060741,140.58,6349.981495917802,63.9192227328,421.434604300056,15.03,44.74707123607229
3262.9590096,8.98990775272898,140.47,6439.981233655222,61.0592575104,421.434604300056,,47.4661696168081
3263.4609720000003,10.6498907193063,140.0,6489.981087953786,56.18931672960001,421.434604300056,,51.813726972769864
3268.4609112000003,20.47978985271296,141.87,5969.982603248707,50.609384582400004,419.264374604688,,53.70430712906364
3269.4615552,4.11995772427624,141.33,6319.981583338664,65.7392006016,419.264374604688,21.61,43.49546618206522
3269.9602368,4.68995187545038,141.46,6439.981233655222,65.6592015744,419.264374604688,,44.42024467425228
3270.4589184,5.12994736056726,141.67,6379.981408496946,65.8091997504,419.264374604688,,43.97540303838789
3270.9608808000003,6.32993504724966,141.35,6249.981787320669,65.7692002368,419.264374604688,,43.01932586830394
3272.4602064,16.499830691883002,141.39,4729.986216644289,131.1784048512,419.264374604688,,16.44741761225297
3272.958888,18.20981314540542,141.73,5359.9843808062105,119.14855113600002,419.264374604688,24.43,20.54865514733262
3273.4608504000003,20.469789955323943,141.25,5629.983594018466,145.898225856,419.264374604688,,17.608386872724054
3273.959532,20.47978985271296,141.31,5679.983448317023,140.648289696,419.264374604688,,18.427619389914074
3274.4614944,20.579788826603163,142.0,5529.983885421336,140.9682858048,419.264374604688,,17.9926507117307
3274.960176,20.099793751930203,141.36,5979.982574108423,141.27828203520002,419.264374604688,,19.309579510513665
3275.4588576,20.03979436759608,141.6,5899.982807230713,144.9782370432,419.264374604688,,18.602362547552314
3275.9608200000002,19.989794880650983,141.2,5719.98333175588,142.0882721856,419.264374604688,,18.351550761371985
3276.4595016000003,21.829776000230662,141.35,5819.98304035301,160.5180480768,419.264374604688,21.61,16.578381387410836
3276.9614640000004,21.35978082294672,141.45,5949.982661529278,157.90807981440003,419.264374604688,,17.22962145444284
3277.4601456,21.97977446106596,141.42,5949.982661529278,155.3581108224,419.264374604688,,17.511030399394148
3277.9588272,21.73977692372948,141.43,5979.982574108423,154.64811945600002,419.264374604688,,17.677519756805722
3278.4607896,21.239782054278482,141.0,6049.9823701264095,163.35801354240002,419.264374604688,,16.88349673099715
3278.9594712,21.11978328561024,141.48,6059.9823409861265,168.3779524992,419.264374604688,,16.466538743399543
3279.4614336,20.87978574827376,141.36,5889.982836371003,164.9079946944,419.264374604688,,16.326987820580367
3279.9601152000005,21.029784209109064,141.43,5629.983594018466,159.848056224,419.264374604688,25.37,16.1119021562446
3280.4587968,20.45979005793492,142.0,5859.982923791865,157.96807908480002,419.264374604688,,17.022994879318308
3280.9607592,19.179803192140362,141.5,5599.98368143932,167.3679647808,419.264374604688,,15.306711891064142
3281.4594408000003,19.569799190312143,141.0,5919.982748950141,166.6579734144,419.264374604688,,16.186782402115433
3281.9614032000004,10.179895542022361,141.3,6019.982457547272,53.50934931840001,419.264374604688,,50.93471343056164
3282.4600848,20.50978954488002,141.0,5789.983127773872,221.1673105728,419.264374604688,,11.981155129189416
3282.9587664,21.269781746445542,141.48,5539.9838562810455,173.8678857408,419.264374604688,25.37,14.60006911708021
3283.4607288,22.679767278297362,141.4,5329.984468227074,175.99785984,419.264374604688,,13.889796581645063
3284.4613728,17.6998183785654,141.32,5379.984322525632,128.4084385344,419.264374604688,,19.089312896736654
3284.9600544000004,18.87980627046976,141.82,5579.983739719901,163.9880058816,419.264374604688,,15.59592771302109
3285.458736,17.38982155950578,141.36,5779.9831569141625,164.048005152,419.264374604688,,16.078847905664652
3285.9606984,14.329852958465661,141.36,6059.9823409861265,163.92800661120003,419.264374604688,58.25,16.836870349542252
3286.4593800000002,15.919836643319838,141.0,5229.984759629944,216.52736699519997,419.264374604688,,11.02878527101746
3286.9613424000004,19.52979960075606,141.38,5099.985138453667,228.5172211968,419.264374604688,,10.258396892388358
3287.460024,21.2997814386126,141.12,5689.98341917674,203.8275214272,419.264374604688,,12.781745885727718
3287.9587056,21.76977661589654,141.38,6679.980534288339,170.75792355840002,419.264374604688,,17.87566936157287
3288.460668,21.43978000205888,141.0,6249.981787320669,171.92790933120003,419.264374604688,,16.577255049311805
3288.9593496,19.38980103730978,141.0,6599.980767410629,178.9378240896,419.264374604688,,16.799742629560487
3289.461312,18.579809348799163,141.42,6519.9810005329255,190.22768680320004,419.264374604688,53.55,15.661956524804328
3289.9599936000004,21.25978184905652,141.5,6259.981758180389,233.7671573568,419.264374604688,,12.300730976982468
3290.4586752,21.66977764200634,141.53,6109.982195284693,230.4371978496,419.264374604688,,12.187280061740212
3290.9606376,20.999784516942,141.0,6069.982311845836,220.0173245568,419.264374604688,,12.620994609401134
3291.4593192,20.66978790310434,141.0,6339.981525058092,220.23732188160002,419.264374604688,,13.15868217912543
3291.9612816000003,22.26977148534754,141.81,6169.982020442967,223.5072821184,419.264374604688,,12.710792608368243
3292.4599632,26.3997291070128,141.82,6089.982253565265,218.5873419456,419.264374604688,26.31,12.86255349733052
3292.9586448,28.369708892649744,143.22,6069.982311845836,192.41766017280003,448.70749084046395,,14.692285754276881
3293.4606072,29.0997014020482,154.15,6559.980883971781,181.4177939328,469.339674534216,,18.076243651646887
3293.9592888,28.37970879003876,155.57,6629.980679989772,160.20805184640002,471.669921165648,,20.83394659800228
3294.4612512000003,24.259751065762522,155.5,6949.979747500586,118.0885640256,471.669921165648,,29.479371109392737
3294.9599328000004,23.409759787695823,155.5,6239.981816460961,121.93851720960001,471.669921165648,,25.65179484842317
3295.4586144,23.799755785867596,155.28,6429.9812627955125,124.5884849856,471.669921165648,,25.835934755713062
3295.9605768,23.95975414409192,155.0,6479.9811170940775,123.8184943488,471.669921165648,18.79,26.150401220059244
3296.4592584,24.10975260492722,155.0,6419.981291935794,123.91849313280002,471.669921165648,,25.89067818404361
3296.9612208000003,23.73975640153348,155.11,6359.981466777518,124.9184809728,471.669921165648,,25.461696844543418
3297.4599024,23.78975588847858,155.13,6239.981816460961,120.5385342336,471.669921165648,,25.889375126171824
3297.9585840000004,24.149752194483302,155.27,5829.983011212728,121.82851854720002,471.669921165648,,23.97193543647624
3298.4605464,24.23975127098448,155.29,5749.983244335017,128.8684329408,471.669921165648,,22.368873627736818
3298.959228,24.0997527075382,155.21,6099.982224424975,122.93850504960001,471.669921165648,18.79,24.838165817480196
3299.4611904000003,24.3997496292088,155.4,6149.98207872354,119.09855174399999,471.669921165648,,25.874754180468383
3299.9598720000004,24.20975157881742,155.33,6399.981350216367,120.8885299776,471.669921165648,,26.509184117095
3300.4585536,23.1997619425264,166.97,6059.9823409861265,124.92848085120002,471.669921165648,,26.103860483247626
3300.960516,23.65975722242132,170.3,6429.9812627955125,133.7283738432,471.669921165648,,26.392818361917392
3301.4591976,23.5997578380872,170.15,6009.982486687561,132.448389408,471.669921165648,,24.89628995210813
3301.9611600000003,23.349760403361703,170.63,6399.981350216367,131.9183958528,471.669921165648,,26.676885785084718
3302.4598416,22.98976409735698,171.0,6489.981087953786,125.1184785408,471.669921165648,22.55,28.566878706508426
3302.9585232000004,22.48976922790598,182.59,6359.981466777518,124.9084810944,471.669921165648,,29.92869730587944
3303.4604856,22.88976512346678,185.64,6299.981641619236,128.6184359808,471.669921165648,,29.279723176926534
3303.9591672,22.06977353756714,185.39,6709.9804468674765,126.18846552960002,471.669921165648,,31.71965114147748
3304.4611296000003,22.43976974096088,185.0,6519.9810005329255,136.74833712,471.669921165648,,28.40442150506282
3304.9598112000003,23.8497552728127,185.68,6639.980650849484,144.3582445824,471.669921165648,,27.521019690164252
3305.4584928,24.279750860540556,185.68,6509.981029673216,143.81825114880002,471.669921165648,,27.090379768357625
3305.9604552,23.91975455453584,185.68,6449.981204514933,144.64824105600002,471.669921165648,22.55,26.686702617926315
3306.4591368,23.98975383625898,185.62,6299.981641619236,144.56824202880003,471.669921165648,,26.077346272473623
3306.9610992000003,24.43974921876488,185.36,6329.981554198381,147.5882053056,471.669921165648,,25.63675059734428
3307.4597808,24.389749731819784,185.4,6279.981699899815,145.30823303040003,471.669921165648,,25.836842439325228
3307.9584624000004,23.75975619631152,185.13,6469.9811462343605,147.49820640000002,471.669921165648,,26.17698867109669
3308.4604248000005,24.019753528426044,185.68,6379.981408496946,146.99821248,471.669921165648,,25.98134568077556
3308.9591064,23.909754657146824,185.29,7249.978873291979,149.10818682240003,471.669921165648,,29.020367197071586
3309.4610688000002,23.72975650414446,185.96,6609.980738270347,148.648192416,471.669921165648,22.55,26.651552637959167
3309.9597504000003,23.889754862368783,185.62,6479.9811170940775,149.5281817152,471.669921165648,,25.932978322315872
3310.458432,23.969754041480943,185.71,6439.981233655222,147.5382059136,471.669921165648,,26.13229840015627
3310.9603944,24.3497501422637,185.58,6439.981233655222,150.9881639616,471.669921165648,,25.525331635281002
3311.459076,23.909754657146824,186.0,6059.9823409861265,143.7882515136,471.669921165648,,25.27723373593451
3311.9610384000002,23.489758966807983,186.16,6269.981729040099,146.698216128,480.990907691376,,25.649836679921854
3312.4597200000003,23.569758145920144,191.54,6359.981466777518,150.96816420480002,500.79300352929596,,26.01063759864645
3312.9584016000003,23.429759582473864,193.04,6799.980184604889,150.54816931200003,500.79300352929596,23.49,28.088796620040096
3313.4603640000005,23.609757735476222,193.74,6579.980825691207,151.39815897600002,500.79300352929596,,27.133797314222818
3313.9590456,23.67975701719936,193.71,6499.981058813496,154.12812577920002,500.79300352929596,,26.331631401031316
3314.461008,23.61975763286524,193.33,6349.981495917802,151.2281610432,500.79300352929596,,26.16658939205578
3314.9596896000003,23.669757119810342,193.0,5959.982632388996,150.25817283840001,500.79300352929596,,24.687700564366597
3315.4583712,23.349760403361703,193.75,6629.980679989772,152.52814523520001,500.79300352929596,,27.136593751577895
3315.9603336,23.30976081380562,193.46,6559.980883971781,151.2181611648,500.79300352929596,,27.04249612804335
3316.4590152,23.799755785867596,193.0,6139.982107863831,153.3281355072,500.79300352929596,27.25,24.923252394302988
3316.9609776,23.68975691458838,193.83,6559.980883971781,154.0281269952,500.79300352929596,,26.60639169393288
3317.4596592000003,23.02976368691306,193.52,6739.980359446615,153.59813222399998,500.79300352929596,,27.357768216630408
3317.9583408000003,22.65976748351932,193.43,6549.980913112062,156.9380916096,500.79300352929596,,26.01513495201338
3318.4603032000005,21.63977794983928,193.32,5899.982807230713,162.22802728320002,500.79300352929596,,22.672636684950955
3318.9589848,20.62978831354826,193.62,5939.982690669568,170.1679307328,500.79300352929596,,21.7935969007725
3319.4609472,21.579778565505162,193.58,5899.982807230713,189.82769166719999,500.79300352929596,25.37,19.42822305589261
3319.9596288000002,22.899765020855803,193.62,6069.982311845836,177.71783892480002,500.79300352929596,,21.34747890808825
3320.4583104,24.03975332320408,194.0,5819.98304035301,170.1179313408,500.79300352929596,,21.433600329925703
3320.9602728,24.259751065762522,193.5,6269.981729040099,174.91787297280004,500.79300352929596,,22.39199618763913
3321.4589544,23.68975691458838,193.0,6339.981525058092,168.6179495808,500.79300352929596,,23.41289401666816
3321.9609168,20.309791597099622,193.35,6649.980621709194,174.65787613440003,500.79300352929596,,23.719857537245545
3322.4595984000002,20.21979252059844,193.44,6539.980942252352,202.7075350464,500.79300352929596,,20.134381414639083
3322.9582800000003,21.539778975949083,193.11,5999.9825158278445,186.6677300928,500.79300352929596,24.43,20.037058369137174
3323.4602424000004,24.2497511683735,193.38,5809.983069493301,172.3579041024,500.79300352929596,,21.056627245054273
3323.958924,25.489738444611984,193.0,6119.982166144401,172.31790458880002,500.79300352929596,,22.14160259653086
3324.4608864,25.589737418502178,193.45,6139.982107863831,168.93794568959999,500.79300352929596,,22.706512746545357
3324.959568,24.53974819265508,193.0,5919.982748950141,167.1179678208,500.79300352929596,,22.076948212352978
3325.4582496000003,25.01974326732804,193.73,6169.982020442967,167.4379639296,500.79300352929596,,23.04701687138806
3325.960212,25.01974326732804,193.68,6529.980971392643,163.85800746240002,500.79300352929596,22.55,24.900977776947787
3326.4588936000005,24.7497460378245,193.32,6499.981058813496,162.1380283776,500.79300352929596,,24.99979640915763
3326.960856,26.259730543566523,193.38,6699.98047600776,170.8779220992,500.79300352929596,,24.475959245302132
3327.4595376,25.86973454539474,193.82,6659.980592568912,160.82804430720003,500.79300352929596,,25.89262837929935
3327.9582192000003,25.01974326732804,193.36,6099.982224424975,165.7679842368,500.79300352929596,,22.971832550995902
3328.4601816000004,25.43973895766688,193.41,6219.981874741534,165.1879912896,500.79300352929596,,23.510630275438487
3328.9588632,25.76973557150454,193.0,6099.982224424975,170.62792513920002,500.79300352929596,,22.288776025243575
3329.4608256,25.30974029160962,193.0,6299.981641619236,162.1880277696,500.79300352929596,30.06,24.194618245504245
3329.9595072,25.70973618717042,193.38,6719.980417727187,170.47792696320002,500.79300352929596,,24.600765597104427
3330.4581888000002,25.47973854722296,193.0,6439.981233655222,165.9279822912,500.79300352929596,,24.176438301438143
3330.9601512,23.25976132686052,193.0,6729.980388586905,167.06796842880001,500.79300352929596,,25.065703045125268
3331.4588328000004,21.139783080388284,193.67,6679.980534288339,175.6078645824,500.79300352929596,,23.744105058534448
3331.9607952,20.66978790310434,193.2,6379.981408496946,182.197784448,500.79300352929596,,21.815140714421442
3332.4594768,21.35978082294672,193.95,6369.981437637228,180.0378107136,500.79300352929596,28.19,22.131169412628285
3332.9581584000002,21.81977610284164,193.5,6269.981729040099,174.30788039040002,500.79300352929596,,22.448934399927058
3333.4601208000004,22.88976512346678,193.52,6159.982049583257,175.09787078400004,500.79300352929596,,21.97098507625607
3333.9588024,23.75975619631152,193.05,6039.982399266699,167.74796016000002,500.79300352929596,,22.435579200401442
3334.4607648,23.81975558064564,193.05,5739.983273475307,166.66797329279999,500.79300352929596,,21.46866869435543
3334.9594464,24.319750450096638,193.71,6329.981554198381,167.6579612544,500.79300352929596,,23.600070638216305
3335.458128,24.019753528426044,193.95,6249.981787320669,165.01799335680002,500.79300352929596,,23.700469812914683
3335.9600904,23.889754862368783,193.23,6699.98047600776,165.3079898304,500.79300352929596,29.12,25.253596513929956
3336.4587720000004,24.009753631037018,193.55,6789.98021374518,164.21800308480002,500.79300352929596,,25.801948638023045
3336.9607344000005,24.529748295266064,193.73,6509.981029673216,165.347989344,500.79300352929596,,24.605707830613273
3337.459416,24.16975198926134,193.45,6339.981525058092,159.92805525120002,500.79300352929596,,24.735276098360746
3337.9580976,24.53974819265508,193.82,5879.982865511292,162.82801998720004,500.79300352929596,,22.59617544842451
3338.4600600000003,24.55974798743312,193.32,6829.980097184035,162.8180201088,500.79300352929596,,26.147955340372302
3338.9587416,24.80974542215862,193.18,6329.981554198381,163.098016704,500.79300352929596,27.25,24.192481173729625
3339.460704,24.63974716654528,193.65,6319.981583338664,161.1680401728,500.79300352929596,,24.498834171794563
3339.9593856,24.3997496292088,193.18,6439.981233655222,161.898031296,500.79300352929596,,24.78659382268537
3340.4580672,24.17975188665036,193.57,7039.979485238006,158.8780680192,500.79300352929596,,27.6407643830494
3340.9600296000003,24.02975342581506,193.82,6749.980330306324,158.48807276160002,500.79300352929596,,26.60811988279771
3341.4587112000004,24.23975127098448,193.65,6539.980942252352,156.198100608,500.79300352929596,,26.14073000494979
3341.9606736000005,24.21975147620644,193.83,6129.982137004121,156.97809112320002,500.79300352929596,,24.416358268537028
3342.4593552,24.83974511432568,193.39,6179.981991302685,157.1880885696,500.79300352929596,26.31,24.531154931786627
3342.9580368,24.35975003965272,193.65,6139.982107863831,156.8580925824,500.79300352929596,,24.453056366513504
3343.4599992000003,24.47974880832096,193.65,6369.981437637228,157.548084192,500.79300352929596,,25.252159958866066
3343.9586808,24.2497511683735,193.22,6269.981729040099,156.45809744640002,500.79300352929596,,24.973662965771382
3344.4606432,24.339750244874683,193.35,6569.98085483149,159.36806206079999,500.79300352929596,,25.702750899035973
3344.9593248,24.17975188665036,193.65,6549.980913112062,153.848129184,500.79300352929596,,26.57663088912734
3345.4580064,24.969743780382945,193.82,6499.981058813496,161.63803445759999,500.79300352929596,25.37,25.142659475172994
3345.9599688000003,24.3497501422637,193.67,5939.982690669568,154.4781215232,500.79300352929596,,24.02703185172313
3346.4586504000004,24.929744190826863,193.05,6529.980971392643,159.64805865600002,500.79300352929596,,25.46883473416173
3346.9606128000005,25.28974049683158,193.71,6669.980563428621,153.8681289408,500.79300352929596,,27.074019239221425
3347.4592944,25.25974080466452,193.65,5789.983127773872,153.14813769600002,500.79300352929596,,23.63244809315774
3347.957976,25.1497419333853,193.58,6169.982020442967,152.5081454784,500.79300352929596,,25.264119757631445
3348.4599384000003,25.12974213860726,193.35,6849.980038903455,151.61815630080002,500.79300352929596,25.37,28.154822888216845
3348.95862,25.1497419333853,193.42,5999.9825158278445,151.60815642240001,500.79300352929596,,24.698261803560797
3349.4605824,25.30974029160962,193.33,6259.981758180389,151.79815411200002,500.79300352929596,,25.716784242807734
3349.959264,25.25974080466452,193.67,6359.981466777518,151.198161408,500.79300352929596,,26.272302404372635
3350.4579456,24.77974572999156,193.22,5839.982982072438,151.6281561792,500.79300352929596,,24.01440966665998
3350.9599080000003,24.899744498659803,193.67,5819.98304035301,152.648143776,500.79300352929596,,23.830272891070877
3351.4585896000003,25.1497419333853,193.58,5769.983186054445,150.6781677312,500.79300352929596,,23.924601224240956
3351.9605520000005,25.5497378289461,193.91,6299.981641619236,152.5581448704,500.79300352929596,,25.830531695341065
3352.4592336,24.99974347255,192.75,6539.980942252352,153.7781300352,500.79300352929596,23.49,26.432880773589297
3352.9579152,24.259751065762522,193.43,6819.980126324317,154.4881214016,500.79300352929596,,27.519560902992456
3353.4598776000003,24.489748705709985,193.38,6559.980883971781,153.3381353856,500.79300352929596,,26.67041930866092
3353.9585592000003,24.77974572999156,193.35,6609.980738270347,153.49813344,500.79300352929596,,26.84265103955027
3354.4605216,25.249740907275502,192.92,6539.980942252352,151.7181550848,500.79300352929596,,26.81445807988166
3354.9592032000005,25.509738239390018,193.0,6979.979660079732,152.0581509504,500.79300352929596,,28.55454923112695
3355.4578848,25.699736289781402,193.0,6269.981729040099,153.9281282112,500.79300352929596,21.61,25.364387906924403
3355.9598472000002,25.6497368028363,193.78,6059.9823409861265,153.3181356288,500.79300352929596,,24.71705317221889
3356.4585288000003,25.10974234382922,193.0,5909.982778090431,156.698094528,500.79300352929596,,23.496581746241276
3356.9604912000004,25.299740394220603,193.43,5899.982807230713,159.0880654656,500.79300352929596,,23.160611117101407
3357.4591728,24.7497460378245,193.63,6279.981699899815,152.3281476672,500.79300352929596,,25.744057695509277
3357.9578544,25.1997414203304,193.55,6479.9811170940775,161.6180347008,500.79300352929596,,25.03634926576128
3358.4598168,24.979743677771964,193.57,6589.980796550917,155.79810547200003,500.79300352929596,22.55,26.40155969023776
3358.9584984000003,24.6997465508794,193.54,6809.980155464607,153.17813733120002,500.79300352929596,,27.732132651147147
3359.4604608,24.849745011714703,193.57,6359.981466777518,153.9281282112,500.79300352929596,,25.793460500244297
3359.9591424,24.7497460378245,193.67,6249.981787320669,152.148149856,500.79300352929596,,25.65739910650337
3360.457824,24.87974470388176,193.17,6229.98184560125,155.7781057152,500.79300352929596,,24.92202855696754
3360.9597864,24.819745319547643,193.7,6009.982486687561,151.5881566656,500.79300352929596,,24.775014505868622
3361.4584680000003,24.43974921876488,193.48,6319.981583338664,158.99806656,500.79300352929596,22.55,24.807024833019803
3361.9604304000004,23.939754349313883,193.17,6679.980534288339,156.598095744,500.79300352929596,,26.560212342688576
3362.4591120000005,24.53974819265508,193.78,6369.981437637228,159.40806157440002,500.79300352929596,,24.9770662067042
3362.9577936,25.12974213860726,193.36,6709.9804468674765,159.67805829120002,500.79300352929596,,26.203543967228022
3363.4597559999997,25.51973813677904,193.0,6169.982020442967,159.43806120960002,500.79300352929596,,24.106644283161213
3363.9584376000003,25.509738239390018,193.35,6459.981175374649,155.0581144704,500.79300352929596,,25.982620460331358
3364.4604000000004,25.51973813677904,193.61,6149.98207872354,159.35806218240003,500.79300352929596,21.61,24.11645948582534
3364.9590816000004,25.33973998377668,193.52,6519.9810005329255,155.5281087552,500.79300352929596,,26.16470159578445
3365.4577632000005,25.42973906027786,193.45,6139.982107863831,159.9180553728,500.79300352929596,,23.97362884579249
3365.9597256000006,25.159741830774323,193.17,6289.9816707595255,157.57808382720003,500.79300352929596,,24.877405020515106
3366.4584072,24.939744088215882,193.3,6669.980563428621,159.398061696,500.79300352929596,,26.08434827193113
3366.9603696,25.10974234382922,193.57,6649.980621709194,153.4081345344,500.79300352929596,,27.05283856382718
3367.4590512,24.789745627380583,194.0,6359.981466777518,152.65814365440002,500.79300352929596,,26.063079286304593
3367.9577328000005,24.609747474378224,194.0,6379.981408496946,148.5581935104,500.79300352929596,19.73,26.858584887395082
3368.4596952,24.3997496292088,193.55,5919.982748950141,160.298050752,500.79300352929596,,23.071142335504923
3368.9583768000007,24.969743780382945,193.39,5709.983360896169,159.36806206079999,500.79300352929596,,22.37527373588962
3369.4603392,24.929744190826863,193.35,5799.983098633583,155.2781117952,500.79300352929596,,23.312465880653534
3369.959020800001,25.47973854722296,193.7,6729.980388586905,157.12808929919998,500.79300352929596,,26.75360572456898
3370.4577024,25.57973752111316,193.48,6559.980883971781,157.548084192,500.79300352929596,,25.985860337741123
3370.9596648,25.73973587933748,193.71,6859.980009763173,171.7279117632,500.79300352929596,21.61,24.969982379979868
3371.4583464,26.42972879917986,193.15,6649.980621709194,176.5678529088,500.79300352929596,,23.49297028028546
3371.9603088000003,25.86973454539474,193.48,6029.982428406988,175.40786701440004,500.79300352929596,,21.494622540117096
3372.4589904000004,24.849745011714703,193.52,6289.9816707595255,173.84788598400004,500.79300352929596,,22.607071395861357
3372.957672,25.13974203599628,193.7,6259.981758180389,176.90784877440004,500.79300352929596,,22.137548897120258
3373.4596344,25.68973639239238,193.4,6519.9810005329255,179.697814848,500.79300352929596,,22.66345904229448
3373.958316,25.989733314062985,193.36,5569.983768860184,166.14797961600001,500.79300352929596,20.67,20.95506334804598
3374.4602784000003,26.069732493175138,193.0,5979.982574108423,166.2579782784,500.79300352929596,,22.42583745504054
3374.9589600000004,25.529738034168062,193.86,6389.981379356657,163.32801390720002,500.79300352929596,,24.47691361631415
3375.4576416000004,26.05973259578612,193.27,6719.980417727187,163.07801694720004,500.79300352929596,,25.695634607166717
3375.9596040000006,25.829734955838664,193.48,7219.978960712841,170.4679270848,500.79300352929596,,26.431051535233596
3376.4582855999997,25.91973403233984,193.43,6819.980126324317,174.5678772288,500.79300352929596,,24.391870944536645
3376.960248,25.9497337245069,194.0,6459.981175374649,177.897836736,500.79300352929596,,22.753817666485386
3377.4589296,25.60973721328022,193.62,6469.9811462343605,173.3178924288,500.79300352929596,24.43,23.33681583707308
3377.9576112000004,26.16973146706534,193.5,6209.981903881822,180.04781059200002,500.79300352929596,,21.569813269228128
3378.4595736,25.9497337245069,193.48,6249.981787320669,173.83788610559998,500.79300352929596,,22.470660230165297
3378.9582552000006,25.569737623724144,193.0,6159.982049583257,179.27781995520002,500.79300352929596,,21.42883674937381
3379.4602176,25.02974316471706,193.43,6199.981933022104,155.848104864,500.79300352929596,,24.82634755588524
3379.9588992,25.46973864983394,193.61,6179.981991302685,158.6880703296,500.79300352929596,,24.334019655249858
3380.4575808,24.939744088215882,194.0,6149.98207872354,152.6181441408,500.79300352929596,,25.217275598572638
3380.9595432,24.72974624304646,193.63,6639.980650849484,154.54812067200004,500.79300352929596,23.49,26.819820053339974
3381.4582248,24.769745832602542,193.43,6139.982107863831,156.21810036480002,500.79300352929596,,24.528208846732376
3381.9601872,25.02974316471706,193.35,6389.981379356657,155.38811045760002,500.79300352929596,,25.645221361726712
3382.4588688000003,25.03974306210608,193.52,6239.981816460961,157.40808589440002,500.79300352929596,,24.75113566691549
3382.9575504,25.0997424464402,193.57,6359.981466777518,153.79812979200003,500.79300352929596,,25.81720545920451
3383.4595128000005,24.87974470388176,193.65,5919.982748950141,158.1280771392,500.79300352929596,,23.400951778503806
3383.9581944,24.899744498659803,193.57,6399.981350216367,158.4380733696,500.79300352929596,23.49,25.221991688553626
3384.4601568000003,25.42973906027786,193.59,6139.982107863831,158.7380697216,500.79300352929596,,24.167555264971927
3384.9588384000003,24.53974819265508,193.65,6619.9807091300545,155.07811422720002,500.79300352929596,,26.650120126230536
3385.4575200000004,24.799745524769598,193.67,6619.9807091300545,154.2081248064,500.79300352929596,,26.804248618995953
3385.9594824000005,25.28974049683158,193.48,6539.980942252352,153.4881335616,500.79300352929596,,26.58437539359402
3386.458164,24.819745319547643,193.18,6519.9810005329255,162.2080275264,500.79300352929596,,25.047936014043586
3386.9601264,25.049742959495102,193.65,5839.982982072438,156.4680973248,500.79300352929596,22.55,23.331715741616932
3387.4588080000003,24.26975096315154,193.61,5929.982719809851,158.0080785984,500.79300352929596,,23.44778758923953
3387.9574896000004,24.05975311798212,193.78,5899.982807230713,158.38807397760002,500.79300352929596,,23.293201934589867
3388.4594520000005,23.5997578380872,193.32,6229.98184560125,165.547986912,500.79300352929596,,23.47089874705093
3388.9581336000006,24.71974634565744,193.0,6119.982166144401,159.548059872,500.79300352929596,,23.889920268810396
3389.460096,26.05973259578612,193.42,6819.980126324317,151.64815593600002,500.79300352929596,,28.044907926806534
3389.9587776,24.80974542215862,193.43,6379.981408496946,156.94809148800002,500.79300352929596,26.31,25.361562369538202
3390.4574592,25.81973505844964,193.21,6199.981933022104,150.6181684608,500.79300352929596,,25.658758012448512
3390.9594216,25.81973505844964,194.0,5979.982574108423,159.00806643840002,500.79300352929596,,23.5564240965098
3391.4581032,24.3997496292088,194.0,5969.982603248707,154.43812200960002,500.79300352929596,,24.19476583549938
3391.9600656000002,25.929733929728865,193.55,5979.982574108423,160.8380441856,500.79300352929596,,23.238313358384946
3392.4587472000003,24.3497501422637,194.0,6209.981903881822,153.64813161600003,500.79300352929596,,25.286965345314762
3392.9574288,24.789745627380583,193.13,6449.981204514933,155.9781032832,500.79300352929596,,25.755787617523172
3393.4593912,25.06974275427314,193.7,6559.980883971781,156.348098784,500.79300352929596,22.55,26.208836957549785
3393.9580728,24.7497460378245,193.52,6449.981204514933,153.39813465600002,500.79300352929596,,26.237544656014794
3394.4600352,23.70975670936642,193.33,6119.982166144401,152.5181453568,500.79300352929596,,25.015180790355284
3394.9587168000003,23.28976101902758,193.0,6129.982137004121,158.1080773824,500.79300352929596,,24.132501948943045
3395.4573984000003,24.529748295266064,193.0,6169.982020442967,154.3081235904,500.79300352929596,,24.89246583690072
3395.9593608000005,24.569747884822142,193.74,5819.98304035301,153.0081393984,500.79300352929596,,23.780419218904754
3396.4580424,24.6997465508794,193.44,6269.981729040099,148.798190592,500.79300352929596,18.79,26.282148232711215
3396.9600048,25.219741215108442,193.65,6629.980679989772,156.4680973248,500.79300352929596,,26.460580840829735
3397.4586864000003,25.33973998377668,193.78,6539.980942252352,155.9281038912,500.79300352929596,,26.212411592597356
3397.9573680000003,25.01974326732804,193.78,6609.980738270347,156.3280990272,500.79300352929596,,26.420724961695857
3398.4593304000005,24.98974357516098,193.74,6739.980359446615,156.348098784,500.79300352929596,,26.926982178480376
3398.9580120000005,25.25974080466452,193.39,6159.982049583257,157.57808382720003,500.79300352929596,,24.396015129901997
3399.4599743999997,24.609747474378224,193.67,6219.981874741534,149.6681800128,500.79300352929596,23.49,25.953697822118187
3399.958656,25.079742651662162,194.0,6259.981758180389,159.92805525120002,500.79300352929596,,24.502329838976454
3400.4573376000003,24.90974439604882,193.73,5989.982544968133,162.2180274048,500.79300352929596,,23.093268008483623
3400.9593,24.83974511432568,193.0,6279.981699899815,163.5580111104,500.79300352929596,,23.91428298157833
3401.4579816000005,24.0997527075382,193.65,6199.981933022104,158.39807385600002,500.79300352929596,,24.449753437485086
3401.959944,24.819745319547643,193.09,6399.981350216367,160.0680535488,500.79300352929596,,24.905239468897904
3402.4586256000007,25.47973854722296,193.23,6559.980883971781,158.23807580160002,500.79300352929596,23.49,25.83949651235901
3402.9573072,25.5497378289461,194.0,6769.980272025752,160.57804734720003,500.79300352929596,,26.37884759505793
3403.4592696,25.759735674115518,193.65,6519.9810005329255,153.88812869760002,500.79300352929596,,26.462428019210964
3403.9579512,25.419739162888842,193.17,6239.981816460961,152.90814061440003,500.79300352929596,,25.430823811489585
3404.4599136,25.36973967594374,193.5,6239.981816460961,150.698167488,500.79300352929596,,25.843884816281754
3404.9585952,25.089742549051184,193.43,6249.981787320669,154.15812541440002,500.79300352929596,,25.29736660567775
3405.4572768000003,24.929744190826863,193.75,6459.981175374649,147.4282072512,500.79300352929596,24.43,27.36724942625659
3405.9592392,25.249740907275502,193.33,6269.981729040099,149.74817904,500.79300352929596,,26.106680629181742
3406.4579208000005,24.569747884822142,193.31,6329.981554198381,140.74828847999999,500.79300352929596,,28.017296714527678
3406.9598832,25.20974131771942,193.78,6799.980184604889,156.45809744640002,500.79300352929596,,27.15327889011346
3407.4585648,24.80974542215862,193.39,6709.9804468674765,155.3081114304,500.79300352929596,,26.93627165852873
3407.9572464000003,24.979743677771964,193.0,5969.982603248707,155.948103648,500.79300352929596,,23.84497254354288
3408.4592088000004,23.5497583511421,193.33,6119.982166144401,149.0581874304,500.79300352929596,22.55,25.58980925615876
3408.9578904000005,24.499748603099004,193.57,6209.981903881822,159.64805865600002,500.79300352929596,,24.2921612106847
3409.4598527999997,25.0997424464402,193.0,6029.982428406988,155.3181113088,500.79300352929596,,24.180330871881647
3409.9585344,24.899744498659803,193.0,6439.981233655222,154.5281209152,500.79300352929596,,25.93911473696636
3410.4572160000002,24.90974439604882,193.75,6509.981029673216,151.6581558144,500.79300352929596,,26.813991566879345
3410.9591784000004,24.80974542215862,193.0,6569.98085483149,144.70824032640002,500.79300352929596,23.49,28.23883319957999
3411.4578600000004,24.80974542215862,193.0,6559.980883971781,147.7382034816,500.79300352929596,,27.622213987143855
3411.9598224000006,24.939744088215882,193.46,6379.981408496946,153.198137088,500.79300352929596,,25.982304404501953
3412.4585040000006,24.83974511432568,193.48,6319.981583338664,152.648143776,500.79300352929596,,25.833725877689258
3412.9571856,24.66974685871234,193.24,6139.982107863831,144.1182475008,500.79300352929596,,26.543157885629437
3413.459148,24.83974511432568,193.24,6109.982195284693,149.12818657920002,500.79300352929596,,25.535574374971375
3413.9578296,24.63974716654528,193.83,5979.982574108423,146.08822354560002,500.79300352929596,20.67,25.588076778313155
3414.459792,24.679746756101363,193.33,5979.982574108423,151.34815958400003,500.79300352929596,,24.643204908809132
3414.9584736,26.289730235733582,193.68,6479.9811170940775,145.24823376,500.79300352929596,,27.861704247694327
3415.9591176,22.61976789396324,193.6,5679.983448317023,145.7282279232,500.79300352929596,,24.328617401707188
3416.4577992,24.049753220593104,193.68,5809.983069493301,165.56798666880002,500.79300352929596,,21.9436949945336
3416.9597616,23.609757735476222,193.68,5889.982836371003,140.48829164160003,500.79300352929596,24.43,26.17365840769592
3417.4584432,23.499758864197002,193.0,6199.981933022104,139.1383080576,500.79300352929596,,27.708089568895698
3417.9571248,24.2497511683735,193.35,6109.982195284693,157.2680875968,500.79300352929596,,24.23347326784384
3418.4590871999994,24.799745524769598,193.09,6159.982049583257,159.7580573184,500.79300352929596,,24.02514122208153
3418.9577688000004,25.30974029160962,193.74,6419.981291935794,151.7581545984,500.79300352929596,,26.43096676464983
3419.4597311999996,25.489738444611984,193.4,6169.982020442967,148.648192416,500.79300352929596,,25.893599551552366
3419.9584128000006,25.719736084559447,193.08,6139.982107863831,149.148186336,500.79300352929596,20.67,25.642904010616736
3420.4570944,25.76973557150454,194.0,6389.981379356657,149.37818353920002,500.79300352929596,,26.76367846995391
3420.9590568000003,25.559737726335122,193.67,6249.981787320669,146.31822074880003,500.79300352929596,,26.678202548180426
3421.4577384000004,25.62973700805826,193.68,6459.981175374649,147.298208832,500.79300352929596,,27.387335272969114
3421.9597008000005,25.589737418502178,193.25,6279.981699899815,150.29817235200002,500.79300352929596,,26.045268476783175
3422.4583824000006,25.73973587933748,194.0,6649.980621709194,148.898189376,500.79300352929596,,27.93255677486981
3422.9570639999997,25.509738239390018,193.54,6739.980359446615,149.398183296,500.79300352929596,21.61,28.145296910282404
3423.4590264,25.73973587933748,193.63,6589.980796550917,152.398146816,500.79300352929596,,27.000589711224432
3423.957708,26.12973187750926,193.39,6249.981787320669,152.848141344,500.79300352929596,,25.515945318321716
3424.4596704,26.119731980120243,193.0,6069.982311845836,146.1782224512,500.79300352929596,,25.856488749217796
3424.9583520000006,25.699736289781402,193.75,6339.981525058092,149.4581825664,500.79300352929596,,26.50735795803976
3425.4570336000006,25.799735263671597,193.75,6119.982166144401,150.04817539200002,500.79300352929596,,25.496176168533168
3425.958996,26.149731672287302,193.4,6209.981903881822,146.05822391040002,500.79300352929596,24.43,26.52393851434252
3426.4576776,26.039732801008082,193.75,6539.980942252352,147.24820944,500.79300352929596,,27.746567760221637
3426.95964,26.0997321853422,193.0,6559.980883971781,149.3681836608,500.79300352929596,,27.334028911533196
3427.4583216,25.95973362189592,193.92,6499.981058813496,148.4681946048,500.79300352929596,,27.376544299670012
3427.9570032,26.01973300623004,193.58,6119.982166144401,143.05826039040002,500.79300352929596,,26.70984350326466
3428.4589656000003,26.57972726001516,194.0,6089.982253565265,144.4682432448,500.79300352929596,,26.384117445213374
3428.9576472000003,25.759735674115518,193.63,5979.982574108423,137.77832459520002,500.79300352929596,,27.100511606493576
3429.4596096,26.15973156967632,193.68,6149.98207872354,143.11825966080002,500.79300352929596,21.61,26.8434654357813
3429.9582912,25.73973587933748,193.52,6189.981962162396,142.86826270080002,500.79300352929596,,27.037762398271443
3430.4569728,26.6497265417383,193.13,6619.9807091300545,155.24811216,500.79300352929596,,26.568143053925553
3430.9589352000003,26.339729722678683,193.32,6729.980388586905,147.10821114240002,500.79300352929596,,28.512819937058946
3431.4576168000003,26.379729312234762,193.0,6499.981058813496,150.2181733248,500.79300352929596,,26.936413919307697
3431.9595791999996,26.10973208273122,193.08,6469.9811462343605,148.57819326720002,500.79300352929596,,27.115465353839003
3432.4582608000005,26.179731364454362,194.0,6189.981962162396,151.3881590976,500.79300352929596,,25.59492027115797
3432.9569424,26.149731672287302,193.58,5869.982894651575,147.1782102912,500.79300352929596,25.37,24.917659967533908
3433.4589048,25.90973413495082,193.46,6119.982166144401,149.998176,500.79300352929596,,25.4676882560433
3433.9575864000003,25.899734237561802,193.33,6039.982399266699,150.49816992,500.79300352929596,,25.038094220823673
3434.4595488,25.719736084559447,193.96,6319.981583338664,148.1081989824,500.79300352929596,,26.69212638771542
3434.9582304000005,25.899734237561802,193.08,6169.982020442967,152.0681508288,500.79300352929596,,25.278074098276406
3435.4569120000006,26.13973177489828,193.29,6489.981087953786,148.2381974016,500.79300352929596,,27.29013656929506
3435.9588744,26.379729312234762,193.24,6209.981903881822,148.1381986176,500.79300352929596,,26.135134475962413
3436.457556,26.339729722678683,193.61,6419.981291935794,151.4181587328,500.79300352929596,25.37,26.480941466360143
3436.9595184,25.779735468893563,193.68,6029.982428406988,145.0282364352,500.79300352929596,,25.97704117369983
3437.4582,25.90973413495082,193.4,5979.982574108423,147.0882113856,500.79300352929596,,25.37039252588716
3437.9568816,25.78973536628258,193.42,6479.9811170940775,149.64818025600002,500.79300352929596,,27.008820472396405
3438.458844,26.00973310884102,193.04,6319.981583338664,146.14822281600001,500.79300352929596,,26.922368966627285
3438.9575256000007,25.70973618717042,194.0,6449.981204514933,146.5682177088,500.79300352929596,,27.52611107771681
3439.459488,25.76973557150454,193.79,6659.980592568912,148.8081904704,500.79300352929596,,27.961210272751384
3439.9581696,25.65973670022532,193.08,6339.981525058092,149.0281877952,500.79300352929596,,26.491699347377125
3440.4568512,25.509738239390018,193.56,6069.982311845836,146.0082245184,500.79300352929596,36.64,25.955627466646064
3440.9588136,25.569737623724144,193.33,6219.981874741534,147.3882077376,500.79300352929596,,26.31419905194247
3441.4574952000003,24.58974767960018,193.88,5909.982778090431,149.1181867008,500.79300352929596,,24.78726735835565
3441.9594576000004,22.049773742789103,193.48,6139.982107863831,159.6180590208,500.79300352929596,,23.993294069150668
3442.4581392,18.81980688613564,193.0,6549.980913112062,185.22774760320002,500.79300352929596,,21.990013810999393
3442.9568208000005,18.15981365846032,194.0,6399.981350216367,186.9277269312,500.79300352929596,,21.400012414348133
3443.4587832,18.5998091435772,193.84,6059.9823409861265,186.9577265664,500.79300352929596,40.4,20.255238622415032
3443.9574648000003,19.77979703548156,193.63,6059.9823409861265,185.97773848320003,500.79300352929596,,20.349263910576962
3444.4594272000004,22.28977128012558,193.29,6069.982311845836,177.10784634240002,500.79300352929596,,21.378981785333412
3444.9581088000004,24.43974921876488,193.45,5899.982807230713,157.2380879616,500.79300352929596,,23.425684289707917
3445.4567904000005,25.36973967594374,193.0,5919.982748950141,154.16812529280003,500.79300352929596,,23.920924496829386
3445.9587527999997,25.22974111249746,193.42,6359.981466777518,149.398183296,500.79300352929596,,26.55195708033792
3446.4574344,25.61973711066924,193.5,6299.981641619236,150.47817016320002,500.79300352929596,,26.13026413912847
3446.9593968,25.719736084559447,193.39,6249.981787320669,152.9781397632,500.79300352929596,24.43,25.49097196634112
3447.4580784,25.38973947072178,193.52,6769.980272025752,148.2581971584,500.79300352929596,,28.48137617022263
3447.9567600000005,25.76973557150454,193.04,6519.9810005329255,150.38817125760002,500.79300352929596,,26.98868924642803
3448.4587224,25.53973793155708,193.58,6499.981058813496,150.24817296,500.79300352929596,,27.00421333813369
3448.9574040000007,25.5497378289461,193.61,6289.9816707595255,150.74816688,500.79300352929596,,26.056882289539438
3449.4593664,25.489738444611984,194.0,6069.982311845836,147.398207616,500.79300352929596,,25.770692599284256
3449.958048,25.36973967594374,193.67,6129.982137004121,147.8082026304,500.79300352929596,25.37,25.906910591032993
3450.4567296,26.01973300623004,193.4,6209.981903881822,146.6882162496,500.79300352929596,,26.409874156819534
3450.958692,26.02973290361906,193.42,6329.981554198381,147.9682006848,500.79300352929596,,26.687841394459117
3451.4573736,25.62973700805826,193.33,6449.981204514933,148.5281938752,500.79300352929596,,27.072010160907226
3451.9593360000003,25.38973947072178,194.0,6679.980534288339,149.89817721600002,500.79300352929596,,27.868895044026875
3452.4580176,25.699736289781402,193.44,6719.980417727187,146.1382229376,500.79300352929596,,28.670496122886405
3452.9566992,26.26973044095554,193.0,6669.980563428621,147.7682031168,500.79300352929596,26.31,28.088590747272274
3453.4586616,25.559737726335122,193.33,6219.981874741534,149.2881846336,500.79300352929596,,25.98197696343664
3453.9573432,25.25974080466452,193.58,6389.981379356657,149.92817685120002,500.79300352929596,,26.604716282834815
3454.4593056000003,24.929744190826863,193.4,5789.983127773872,147.84820214400003,500.79300352929596,,24.437804769430187
3454.9579871999995,24.87974470388176,193.67,6109.982195284693,151.74815472,500.79300352929596,,25.15405490377823
3455.4566688000004,25.089742549051184,193.13,6009.982486687561,150.44817052800002,500.79300352929596,,24.890603263238038
3455.9586311999997,25.349739881165704,193.5,6169.982020442967,151.1381621376,500.79300352929596,29.12,25.482441171604833
3456.4573128000006,25.589737418502178,194.0,6499.981058813496,154.12812577920002,500.79300352929596,,26.386956922220268
3456.9592752,25.36973967594374,193.08,6499.981058813496,150.1581740544,500.79300352929596,,26.949595082132202
3457.4579568000004,25.409739265499823,193.83,6259.981758180389,149.07818718720003,500.79300352929596,,26.250081487856637
3457.9566384000004,24.91974429343784,193.58,6319.981583338664,146.6882162496,500.79300352929596,,26.88924452909258
3458.4586008000006,25.02974316471706,193.67,5969.982603248707,151.12816225920002,500.79300352929596,,24.683785273096188
3458.9572824000006,25.279740599442558,193.54,6019.982457547272,150.60816858240003,500.79300352929596,,24.95943684949901
3459.4592448,25.51973813677904,193.29,6079.982282705554,151.5581570304,500.79300352929596,24.43,25.01936990194207
3459.9579264,25.589737418502178,193.25,6329.981554198381,149.40818317440002,500.79300352929596,,26.40598367786327
3460.456608,25.349739881165704,193.5,6499.981058813496,148.8081904704,500.79300352929596,,27.25064036744033
3460.9585704,25.36973967594374,193.67,6589.980796550917,149.948176608,500.79300352929596,,27.440661826674464
3461.457252,25.249740907275502,193.29,6099.982224424975,149.4581825664,500.79300352929596,,25.44830807313964
3461.9592144000003,25.239741009886487,193.6,6029.982428406988,147.32820846720003,500.79300352929596,,25.559867614329846
3462.457896,25.589737418502178,193.33,5989.982544968133,149.3081843904,500.79300352929596,27.25,25.02617876607012
3462.9565776,25.409739265499823,193.0,6059.9823409861265,142.948261728,500.79300352929596,,26.38650624203456
3463.45854,25.5997373158912,193.2,6239.981816460961,141.3582810624,500.79300352929596,,27.496822693089882
3463.9572216,25.62973700805826,193.28,6119.982166144401,145.648228896,500.79300352929596,,26.195175023581267
3464.4591840000003,25.86973454539474,193.6,6389.981379356657,143.9082500544,500.79300352929596,,27.716687597436515
3464.9578656000003,25.559737726335122,193.42,6499.981058813496,141.6682772928,500.79300352929596,,28.603241216748586
3465.4565472000004,25.499738342001,193.72,6349.981495917802,141.4682797248,500.79300352929596,23.49,28.029939334006343
3465.9585095999996,25.5497378289461,193.32,6179.981991302685,141.02828507520002,500.79300352929596,,27.31413322321669
3466.4571912,25.799735263671597,193.08,6169.982020442967,142.46826756480002,500.79300352929596,,26.96572068671676
3466.9591536000003,26.18973126184338,193.68,6059.9823409861265,141.7582761984,500.79300352929596,,26.705797614757863
3467.4578352000003,25.329740086387663,193.62,6099.982224424975,138.0783209472,500.79300352929596,,27.575310014201442
3467.9565168000004,25.999733211452,193.68,6239.981816460961,142.6882648896,500.79300352929596,,27.31308954371464
3468.4584791999996,24.979743677771964,193.77,6739.980359446615,140.2682943168,500.79300352929596,26.31,29.994004970650035
3468.9571608000006,25.379739573332763,193.12,6609.980738270347,141.88827461760002,500.79300352929596,,28.99263719517368
3469.4591232,25.22974111249746,193.69,6429.9812627955125,141.1682833728,500.79300352929596,,28.433536198975098
3469.9578048,24.929744190826863,193.42,6049.9823701264095,139.848299424,500.79300352929596,,26.976528926463335
3470.4564864000004,25.8497347506167,193.4,6159.982049583257,140.0682967488,500.79300352929596,,27.425355227993776
3470.9584488,25.97973341667396,193.65,6079.982282705554,138.45831632640002,500.79300352929596,,27.420488898416817
3471.4571304000006,24.849745011714703,193.23,6089.982253565265,140.7182888448,500.79300352929596,29.12,26.95993848221556
3471.9590928000002,24.58974767960018,193.08,6249.981787320669,142.4182681728,500.79300352929596,,27.311764417214285
3472.4577744,25.25974080466452,193.12,6499.981058813496,139.398304896,500.79300352929596,,29.018196611598594
3472.956456,26.549727567848098,194.0,6359.981466777518,136.6683380928,500.79300352929596,,29.10270965025665
3473.4584184,27.0497224372991,193.26,6249.981787320669,136.7183374848,500.79300352929596,,28.48891485518672
3473.9571,26.77972520779556,193.5,6359.981466777518,135.74834928,500.79300352929596,,29.225437480294996
3474.4590624,25.939733827117884,193.65,6089.982253565265,137.5883269056,500.79300352929596,24.43,27.637158937409044
3474.9577440000003,25.759735674115518,193.35,6229.98184560125,138.448316448,500.79300352929596,,28.048508745233963
3475.4564256000003,25.46973864983394,193.0,6089.982253565265,138.6283142592,500.79300352929596,,27.336151814542987
3475.958388,26.82972469474066,193.22,6389.981379356657,136.1283446592,500.79300352929596,,29.23927538648447
3476.4570696,27.0997219242442,193.69,6639.980650849484,137.3883293376,500.79300352929596,,30.17279038147685
3476.959032,26.61972684957124,193.23,6479.9811170940775,137.52832763520001,500.79300352929596,,29.34812901987095
3477.4577136000003,26.859724386907722,193.69,6319.981583338664,137.9783221632,500.79300352929596,25.37,28.605860084098754
3477.9563952000003,26.53972767045908,194.0,6159.982049583257,135.1183569408,500.79300352929596,,28.51537347191202
3478.4583576000005,25.999733211452,193.65,6139.982107863831,139.6583017344,500.79300352929596,,27.453062920211863
3478.9570391999996,26.15973156967632,193.23,6109.982195284693,137.86832350080002,500.79300352929596,,27.613663101959286
3479.4590015999997,26.47972828612496,193.08,6379.981408496946,138.7383129216,500.79300352929596,,28.62539356184909
3479.9576832,26.31972992790064,193.65,6599.980767410629,139.80829991040002,500.79300352929596,,29.46458883908367
3480.4563648000003,25.899734237561802,194.0,6709.9804468674765,137.6383262976,500.79300352929596,27.25,30.471652591684634
3480.9583272000004,25.83973485322768,194.0,6369.981437637228,139.5683028288,500.79300352929596,23.49,28.54112840625094
3481.4570088000005,25.759735674115518,193.64,6439.981233655222,141.36828094080002,500.79300352929596,,28.434649609158612
3481.9589712000006,25.989733314062985,193.81,6149.98207872354,138.7483128,500.79300352929596,,27.698912017158378
3482.4576528,26.35972951745672,193.31,6089.982253565265,140.4282923712,500.79300352929596,,27.039086847331433
3482.9563344,26.259730543566523,193.19,6049.9823701264095,136.3283422272,500.79300352929596,22.55,27.646229382953706
3483.4582968,26.149731672287302,193.65,6479.9811170940775,136.398341376,500.79300352929596,,29.649227278765697
3483.9569784,26.45972849134692,193.54,6459.981175374649,139.848299424,500.79300352929596,,28.82106797427785
3484.4589408,25.719736084559447,193.62,6529.980971392643,137.01833383680002,500.79300352929596,,29.733885682114455
3484.9576224,26.00973310884102,193.38,5969.982603248707,138.9683101248,500.79300352929596,,26.793521384478943
3485.4563040000007,25.779735468893563,193.0,6149.98207872354,140.5282911552,500.79300352929596,,27.235692447613793
3485.9582664,26.12973187750926,193.56,6169.982020442967,141.1282838592,500.79300352929596,,27.289600439327554
3486.456948,26.46972838873594,193.69,5799.983098633583,139.83829954560002,500.79300352929596,21.61,25.921258786791103
3486.9589104,26.599727054793203,193.38,6129.982137004121,139.448304288,500.79300352929596,,27.41677957557239
3487.457592,26.259730543566523,194.0,6429.9812627955125,141.1382837376,500.79300352929596,,28.493448302723017
3487.9562736000003,26.069732493175138,193.62,6359.981466777518,143.2882575936,500.79300352929596,,27.710547977361937
3488.4582360000004,25.8497347506167,193.56,6569.98085483149,144.3682444608,500.79300352929596,,28.395182870334473
3488.9569176,26.379729312234762,193.67,5989.982544968133,145.81822682880002,500.79300352929596,,25.6713267987334
3489.4588799999997,25.95973362189592,193.25,6079.982282705554,148.7781908352,500.79300352929596,21.61,25.48132318241701
3489.9575616,26.47972828612496,193.72,6299.981641619236,144.9282376512,500.79300352929596,,27.160467989933792
3490.4562432000002,26.289730235733582,193.32,6069.982311845836,148.1281987392,500.79300352929596,,25.56241471560413
3490.9582056000004,26.72972572085046,193.56,6229.98184560125,144.02824859519998,500.79300352929596,,27.007608564296124
3491.4568871999995,26.56972736262614,193.5,6429.9812627955125,148.1281987392,500.79300352929596,,27.09261134953392
3491.9588496000006,25.33973998377668,193.28,6619.9807091300545,143.898250176,500.79300352929596,,28.65680799668388
3492.4575311999997,20.62978831354826,193.22,6689.980505148049,157.3680863808,500.79300352929596,,26.449227546929368
3492.9562128000007,19.9497952910949,193.83,6339.981525058092,193.66764497280002,500.79300352929596,,20.465760343115623
3493.4581752,21.879775487175763,193.74,6009.982486687561,188.297710272,500.79300352929596,,19.965199235207866
3493.9568568,22.279771382736563,193.53,5869.982894651575,190.60768218240003,500.79300352929596,,19.25302738846971
3494.4588192,22.45976953573892,193.6,5659.983506597603,186.90772717440004,500.79300352929596,,18.94320097229816
3494.9575008000006,22.609767996574224,193.58,5979.982574108423,190.50768339840002,500.79300352929596,,19.628288746400486
3495.4561824000007,24.489748705709985,193.58,5849.982952932148,187.20772352639997,500.79300352929596,,19.556871696912726
3495.9581448,25.459738752444924,193.5,6029.982428406988,174.2178814848,500.79300352929596,,21.638676620057435
3496.4568264,26.47972828612496,193.61,6259.981758180389,161.3780376192,500.79300352929596,,24.24757601451002
3496.9587888,26.309730030511624,193.0,6279.981699899815,156.1681009728,500.79300352929596,41.34,25.048411586603308
3497.4574704,26.02973290361906,193.35,6299.981641619236,154.9681155648,500.79300352929596,,25.3634541801671
3497.956152,25.97973341667396,193.78,6279.981699899815,154.8281172672,500.79300352929596,,25.361663056493594
3498.4581144000003,25.989733314062985,193.38,5959.982632388996,151.88815301760002,500.79300352929596,,24.492300409513792
3498.956796,25.13974203599628,193.64,5879.982865511292,146.4082196544,500.79300352929596,,25.088970905856247
3499.4587584,25.53973793155708,193.35,5929.982719809851,150.9581643264,500.79300352929596,,24.511314805729008
3499.95744,25.049742959495102,193.0,5669.983477457314,156.49809696,500.79300352929596,,22.57909548461825
3500.4561216,23.999753733648,193.22,5949.982661529278,162.43802472960002,500.79300352929596,,22.84220908735707
3500.9580840000003,22.7497665600205,193.4,6139.982107863831,173.4378909696,500.79300352929596,,22.093254358829
3501.4567656000004,20.12979344409726,193.44,6479.9811170940775,204.647511456,500.79300352929596,27.25,19.76296923047182
3501.9587280000005,19.01980483391604,193.65,6519.9810005329255,216.4773676032,500.79300352929596,,18.817457785729623
3502.4574095999997,18.75980750180152,193.0,6179.981991302685,230.35719882240002,500.79300352929596,,16.721134093685034
3502.9560912,16.65982905010732,193.62,6189.981962162396,229.54720867200004,500.79300352929596,,16.842129820290843
3503.4580536,18.37981140101876,193.6,5949.982661529278,230.4571976064,500.79300352929596,,16.14415743724427
3503.9567352000004,22.10977312712322,193.56,5679.983448317023,225.58725682559998,500.79300352929596,,15.776556771562314
3504.4586976,24.21975147620644,193.85,5519.983914561617,182.80777703040002,500.79300352929596,,18.92860891987253
3504.9573791999997,25.87973444278376,194.0,5689.98341917674,159.2080640064,500.79300352929596,,22.397294006976995
3505.4560608000006,25.60973721328022,194.0,6319.981583338664,145.5282303552,500.79300352929596,48.85,27.166086887382935
3505.9580232,26.15973156967632,193.38,6389.981379356657,149.92817685120002,500.79300352929596,,26.58508683930583
3506.4567048,26.07973239056416,193.32,6459.981175374649,146.0382241536,500.79300352929596,,27.574631530974504
3506.9586672,26.339729722678683,193.09,6869.979980622884,154.70811872640002,500.79300352929596,,27.65003722211747
3507.4573488,26.87972418168576,193.35,6259.981758180389,159.8780558592,500.79300352929596,,24.44379045622813
3507.9560304,26.2997301331226,193.17,6169.982020442967,156.18810072960002,500.79300352929596,,24.631848581882313
3508.4579928000003,26.18973126184338,193.39,6059.9823409861265,155.7381062016,500.79300352929596,,24.292404099319956
3508.9566744,26.179731364454362,193.58,6319.981583338664,150.4281707712,500.79300352929596,,26.236669876381416
3509.4586368,25.969733519284944,193.25,6009.982486687561,148.9681885248,500.79300352929596,31.94,25.15872579292084
3509.9573184,26.26973044095554,193.33,6009.982486687561,149.01818791680003,500.79300352929596,,25.16322404019982
3510.456,26.259730543566523,193.29,6239.981816460961,151.8181538688,500.79300352929596,,25.634760891531606
3510.9579624000003,26.2497306461775,193.3,6449.981204514933,154.67811909120002,500.79300352929596,,26.00554563860382
3511.4566440000003,25.669736597614342,193.75,6539.980942252352,152.8081418304,500.79300352929596,,26.741907010970703
3511.9586064000005,26.18973126184338,193.87,6309.981612478953,155.5181088768,500.79300352929596,,25.383149009006793
3512.457288,26.049732698397104,193.33,6219.981874741534,151.5081576384,500.79300352929596,,25.60861121699422
3512.9559696,25.83973485322768,193.33,6109.982195284693,146.348220384,500.79300352929596,26.31,26.03713692215861
3513.4579320000003,26.229730851399463,193.52,5889.982836371003,148.2281975232,500.79300352929596,,24.819324228569478
3513.9566136000003,25.87973444278376,194.0,6089.982253565265,147.9082014144,500.79300352929596,,25.769797632873438
3514.4585760000004,25.799735263671597,193.29,6399.981350216367,149.21818548480002,500.79300352929596,,26.73657607461596
3514.9572576000005,26.049732698397104,194.0,6609.980738270347,151.6681556928,500.79300352929596,,27.265376792874466
3515.4559391999996,26.0997321853422,193.25,6599.980767410629,151.70815520640002,500.79300352929596,,27.113399765905477
3515.9579016,26.3997291070128,193.91,6359.981466777518,152.648143776,500.79300352929596,29.12,26.06643882768149
3516.4565832,26.379729312234762,193.5,6079.982282705554,153.63813173760002,500.79300352929596,,24.71746456513267
3516.9585456,26.21973095401044,193.25,6129.982137004121,145.11823534080003,500.79300352929596,,26.333604260387975
3517.4572272,25.81973505844964,193.2,5999.9825158278445,146.49821856,500.79300352929596,,25.529171234333457
3517.9559088000005,26.32972982528966,193.42,6099.982224424975,151.2581606784,500.79300352929596,,25.173954620533753
3518.4578712,26.279730338344557,193.75,5929.982719809851,151.6581558144,500.79300352929596,,24.455487920387704
3518.9565528,26.50972797829202,193.78,6329.981554198381,150.47817016320002,500.79300352929596,,26.298885413439404
3519.4585152,25.779735468893563,193.72,6279.981699899815,144.0582482304,500.79300352929596,27.25,27.231171185229588
3519.9571968,25.53973793155708,193.36,6649.980621709194,146.1082233024,500.79300352929596,,28.36689337419631
3520.4558784,25.989733314062985,193.0,6039.982399266699,147.7582032384,500.79300352929596,,25.455930217103894
3520.9578408,26.08973228795318,193.58,6169.982020442967,151.198161408,500.79300352929596,,25.48913538423741
3521.4565224000003,26.00973310884102,193.25,6159.982049583257,148.85818986240002,500.79300352929596,,25.800375437670564
3521.9584848000004,25.86973454539474,193.4,6229.98184560125,143.99824896,500.79300352929596,,26.98374901902804
3522.4571664,26.13973177489828,193.4,6049.9823701264095,149.18818584960002,500.79300352929596,,25.30858496630638
3522.955848,25.87973444278376,193.75,6099.982224424975,145.298233152,500.79300352929596,25.37,26.237887933121048
3523.4578104,26.0997321853422,193.36,6339.981525058092,146.2282218432,500.79300352929596,,27.03735613614742
3523.9564920000003,26.289730235733582,193.38,6259.981758180389,149.1181867008,500.79300352929596,,26.190138447306627
3524.4584544000004,26.63972664434928,193.42,6249.981787320669,148.4681946048,500.79300352929596,,26.270515187877127
3524.9571360000004,26.369729414845743,193.8,6169.982020442967,148.76819095680003,500.79300352929596,,25.933418691440675
3525.4558175999996,26.209731056621422,193.29,5979.982574108423,148.20819776640002,500.79300352929596,,25.16868230204428
3525.9577799999997,25.899734237561802,193.96,6199.981933022104,150.1281744192,500.79300352929596,,25.841541529959166
3526.4564616000002,25.319740188998637,193.13,6159.982049583257,148.26819703680002,500.79300352929596,25.37,25.880361329116504
3526.958424,25.449738855055905,193.0,6169.982020442967,147.84820214400003,500.79300352929596,,25.9788027911383
3527.4571056000004,25.35973977855472,193.38,6279.981699899815,151.4181587328,500.79300352929596,,25.86952155279737
3527.9557871999996,25.749735776726503,193.67,6489.981087953786,149.5081819584,500.79300352929596,,27.109660975173
3528.4577496000006,25.53973793155708,193.67,6209.981903881822,151.7581545984,500.79300352929596,,25.566215990654964
3528.9564311999998,25.9497337245069,193.78,6279.981699899815,153.91812833280002,500.79300352929596,,25.51004755824796
3529.4583936,25.76973557150454,193.84,6349.981495917802,145.10823546240002,500.79300352929596,,27.35133963643404
3529.9570752,25.829734955838664,194.0,6139.982107863831,145.6382290176,500.79300352929596,27.25,26.38065016026933
3530.4557568,26.2497306461775,193.29,6249.981787320669,147.7382034816,500.79300352929596,,26.37830359502916
3530.9577192,27.489717922415984,193.84,6259.981758180389,148.098199104,500.79300352929596,,26.441355709398042
3531.4564008,25.90973413495082,193.25,6339.981525058092,145.7882271936,500.79300352929596,,27.10137426168259
3531.9583632000003,25.969733519284944,193.75,6639.980650849484,149.62818049920003,500.79300352929596,,27.722340583408542
3532.4570448,26.499728080903,193.0,6269.981729040099,147.34820822400002,500.79300352929596,,26.49409973722028
3532.9557264,26.239730748788478,193.42,6149.98207872354,147.4282072512,500.79300352929596,,26.031192892573863
3533.4576888,26.259730543566523,193.76,6109.982195284693,145.7082281664,500.79300352929596,29.12,26.21177581375834
3533.9563704,25.929733929728865,193.58,6119.982166144401,146.9082135744,500.79300352929596,,26.014893434121202
3534.4583328000003,25.569737623724144,193.32,6449.981204514933,148.20819776640002,500.79300352929596,,27.128090649088556
3534.9570144000004,26.449728593957904,193.04,6119.982166144401,137.50832787840002,500.79300352929596,,27.70573466490334
3535.455696,26.369729414845743,193.4,6319.981583338664,143.2782577152,500.79300352929596,,27.511070467400707
3535.9576583999997,26.80972489996262,193.69,5909.982778090431,140.948286048,500.79300352929596,,26.20529156071374
3536.45634,26.149731672287302,194.0,6289.9816707595255,147.2582093184,500.79300352929596,24.43,26.72765738153915
3536.9583024,26.119731980120243,193.58,6239.981816460961,136.5883390656,500.79300352929596,,28.50942357525866
3537.4569840000004,26.82972469474066,193.4,6099.982224424975,144.6282412992,500.79300352929596,,26.319259874976368
3537.9556656000004,26.599727054793203,193.69,6079.982282705554,140.8882867776,500.79300352929596,,26.962137922523503
3538.4576280000006,26.50972797829202,193.68,5969.982603248707,144.9082378944,500.79300352929596,,25.748051614328404
3538.9563095999997,26.46972838873594,193.33,5899.982807230713,147.56820554880002,500.79300352929596,,24.949016898849298
3539.458272,26.66972633651634,193.27,6609.980738270347,140.2082950464,500.79300352929596,,29.37101242900851
3539.9569536,26.929723668630864,193.48,6469.9811462343605,144.198246528,500.79300352929596,28.19,27.996719893611008
3540.4556352000004,26.7497255156285,193.64,6649.980621709194,143.2182584448,500.79300352929596,,28.986781622449154
3540.9575976,26.859724386907722,193.33,6109.982195284693,134.6683624128,500.79300352929596,,28.28499077721851
3541.4562791999997,26.80972489996262,193.35,6289.9816707595255,136.4083412544,500.79300352929596,,28.745645520413696
3541.9582416000003,25.90973413495082,193.52,6329.981554198381,132.98838284160001,500.79300352929596,,29.683290852243143
3542.4569232,26.47972828612496,193.32,6189.981962162396,141.5682785088,500.79300352929596,,27.26234428502851
3542.9556048,26.15973156967632,193.35,6239.981816460961,140.19829516800002,500.79300352929596,,27.748637819866758
3543.4575672,26.01973300623004,193.62,6489.981087953786,140.2282948032,500.79300352929596,24.43,28.884127445958114
3543.9562488,26.60972695218222,193.83,6459.981175374649,150.76816663680003,500.79300352929596,,26.79088849628671
3544.4582112000003,27.079722129466163,193.61,6719.980417727187,152.8581412224,500.79300352929596,,27.455290030281812
3544.9568928000003,27.38971894852578,193.25,6269.981729040099,151.48815788160002,500.79300352929596,,25.81684833714354
3545.4555744,27.479718025026962,193.67,6159.982049583257,147.6382046976,500.79300352929596,,26.08027464205625
3545.9575368,27.639716383251283,193.4,6269.981729040099,148.4281950912,500.79300352929596,,26.36668090093041
3546.4562184,29.26969965766154,193.36,6159.982049583257,142.7582640384,500.79300352929596,,26.936213747655998
3547.4568624000003,23.979753938869962,193.32,5789.983127773872,148.948188768,500.79300352929596,,24.240885365361372
3547.9555440000004,23.98975383625898,193.0,5879.982865511292,147.5282060352,500.79300352929596,,24.808773096264062
3548.4575064000005,23.11976276341424,193.81,6279.981699899815,139.76830039680002,500.79300352929596,,28.050637231078603
3548.9561879999997,22.63976768874128,193.31,6419.981291935794,139.80829991040002,500.79300352929596,,28.58593606499491
3549.4581504,23.269761224249542,193.4,6009.982486687561,142.198270848,500.79300352929596,,26.343387271741673
3549.956832,24.409749526597825,193.65,5779.9831569141625,155.948103648,500.79300352929596,,23.165056415468637
3550.4555136000004,24.20975157881742,193.59,5919.982748950141,161.49803616,500.79300352929596,27.25,22.904332178712217
3550.957476,24.87974470388176,193.26,5659.983506597603,160.3780497792,500.79300352929596,,22.027406700360768
3551.4561576000006,24.23975127098448,193.45,5889.982836371003,162.048029472,500.79300352929596,,22.696631628624885
3551.9581200000007,24.26975096315154,193.0,6069.982311845836,158.9080676544,500.79300352929596,,23.787227918502495
3552.4568016,24.459749013542922,193.45,6149.98207872354,156.88809221760002,500.79300352929596,,24.463672745561436
3552.9554832,22.98976409735698,193.55,5929.982719809851,165.0679927488,500.79300352929596,,22.435984220242283
3553.4574456,23.269761224249542,193.64,6169.982020442967,166.097980224,500.79300352929596,30.06,23.20569255053069
3553.9561272,24.3997496292088,193.64,5919.982748950141,162.0180298368,500.79300352929596,,22.838936337856943
3554.4580896,23.65975722242132,193.64,5769.983186054445,161.8780315392,500.79300352929596,,22.278291014310923
3554.9567712000003,24.26975096315154,193.39,5779.9831569141625,161.5680353088,500.79300352929596,,22.335554770572458
3555.4554528,23.019763789524042,194.0,5739.983273475307,162.07802910720002,500.79300352929596,,22.17175280310195
3555.9574152,23.27976112163856,193.64,5669.983477457314,161.49803616,500.79300352929596,,21.943487297026394
3556.4560968,21.18978256733338,193.64,6119.982166144401,164.6679976128,500.79300352929596,,23.19977718745078
3556.9580592,18.75980750180152,193.95,6219.981874741534,172.77789899520002,500.79300352929596,31.0,22.49282539753892
3557.4567408000003,16.91982638222184,193.53,6139.982107863831,190.5676826688,500.79300352929596,,20.08861379899034
3557.9554224000003,18.98980514174898,193.06,5839.982982072438,211.74742512,500.79300352929596,,17.192698106677067
3558.4573848000005,18.729807809634462,194.0,5999.9825158278445,216.14737161600002,500.79300352929596,,17.384376835256163
3563.457324,21.489779489003983,194.0,5889.982836371003,236.947118688,500.79300352929596,,15.607626699458041
3563.9560056,21.429780104669863,193.57,6189.981962162396,247.27699307519998,500.79300352929596,52.61,15.681150775549318
3564.457968,22.399770151404798,193.0,5949.982661529278,252.33693154559998,500.79300352929596,,14.746699647436488
3564.9566496,22.47976933051696,193.5,5659.983506597603,245.32701678720002,500.79300352929596,,14.470458859037173
3565.4553312,25.12974213860726,193.06,6149.98207872354,229.7772058752,500.79300352929596,,16.741522118291826
3565.9572936,28.3497090978717,193.0,6279.981699899815,213.13740821759998,500.79300352929596,,18.430219912054472
3566.4559752,28.77970468559956,193.53,6559.980883971781,191.92766613120003,500.79300352929596,,21.40256483146353
3566.9579376,28.209710534425422,193.85,6829.980097184035,176.447854368,500.79300352929596,,24.240826171993188
3567.4566192,28.759704890821517,193.1,6509.981029673216,177.66783953280003,500.79300352929596,29.12,22.87598185818918
3567.9553008000003,28.709705403876423,193.15,6449.981204514933,178.60782810240002,500.79300352929596,,22.554732548384393
3568.4572632000004,28.479707763928964,193.0,6359.981466777518,177.7278388032,500.79300352929596,,22.33322163319434
3568.9559448,28.2497101239815,193.4,5989.982544968133,178.78782591360002,500.79300352929596,,20.96557893828294
3569.4579072,27.519717614583044,193.6,6079.982282705554,177.56784074880002,500.79300352929596,,21.43723453293639
3569.9565888,25.6497368028363,193.68,6849.980038903455,191.36767294080002,500.79300352929596,,22.393189549449392
3570.4552704000002,24.99974347255,193.44,6529.980971392643,199.447574688,500.79300352929596,,20.470206190071647
3570.9572328000004,22.129772921901264,193.35,6249.981787320669,214.3573933824,500.79300352929596,46.98,18.220164629719587
3571.4559144000004,23.189762045137382,193.0,6329.981554198381,230.9571915264,500.79300352929596,,17.116640585764685
3571.9578768000006,26.38972920962378,193.0,6479.9811170940775,216.8273633472,500.79300352929596,,18.67346999462213
3572.4565583999997,28.00971258664502,193.41,6289.9816707595255,207.97747096320003,500.79300352929596,,18.947968630046162
3572.9552400000002,29.62969596366626,193.47,6529.980971392643,191.6276697792,500.79300352929596,,21.339448278481182
3573.4572024,30.53968662606708,193.63,6919.979834921447,189.43769640960002,500.79300352929596,,22.88368034532173
3573.9558840000004,30.07969134617216,193.0,6509.981029673216,183.8377645056,500.79300352929596,,22.116285333163095
3574.4578464,28.82970417254466,193.55,6539.980942252352,161.8380320256,500.79300352929596,28.19,25.262931434451147
3574.9565280000006,28.129711355313262,193.64,6609.980738270347,162.6780218112,500.79300352929596,,25.40590452961577
3575.4552095999998,28.489707661317986,193.55,6449.981204514933,167.3379651456,500.79300352929596,,24.10479116099284
3575.957172,29.249699862883503,194.0,6909.979864061738,162.3880253376,500.79300352929596,,26.65362562728077
3576.4558536,29.00970232554702,193.09,7029.979514378297,161.148040416,500.79300352929596,,27.189879082264028
3576.957816,28.579706737819162,193.22,6489.981087953786,160.348050144,500.79300352929596,,25.25751285263915
3577.4564976,28.90970335165682,193.36,6579.980825691207,159.71805780480003,500.79300352929596,,25.725694707558024
3577.9551791999997,28.879703659489763,193.36,6329.981554198381,163.1080165824,500.79300352929596,22.55,24.247887769243306
3578.4571416000003,28.86970376210074,193.48,6279.981699899815,159.9380551296,500.79300352929596,,24.545255567485622
3578.9558232,28.499707558707,193.73,6249.981787320669,162.95801840640002,500.79300352929596,,24.008516164639886
3579.4577856,27.87971392058776,193.45,6089.982253565265,164.1780035712,500.79300352929596,,23.18951977888138
3579.9564672,28.21971043181444,193.64,6279.981699899815,162.92801877120002,500.79300352929596,,24.11352157109545
3580.4551488,27.989712791866985,193.95,6409.981321076085,160.60804698240003,500.79300352929596,,24.997352071144917
3580.9571112000003,28.37970879003876,193.23,6539.980942252352,165.6579855744,500.79300352929596,,24.641799497618386
3581.4557928000004,28.339709200482684,193.14,6659.980592568912,160.1880520896,500.79300352929596,23.49,25.925724438164686
3581.9577552000005,28.53970714826308,193.82,6749.980330306324,163.70800928640003,500.79300352929596,,25.80446941408863
3582.4564367999997,28.759704890821517,193.7,6919.979834921447,162.32802606720003,500.79300352929596,,26.656548201282227
3582.9551184,28.83970406993368,193.55,6289.9816707595255,163.5780108672,500.79300352929596,,24.050711495890184
3583.4570808000003,29.239699965494484,193.71,6299.981641619236,163.94800636800002,500.79300352929596,,24.057808546534236
3583.9557624000004,29.359698734162723,193.82,6329.981554198381,163.798008192,500.79300352929596,,24.207711300082156
3584.4577248000005,29.31969914460664,193.35,6219.981874741534,162.098028864,500.79300352929596,,23.980238651780414
3584.9564064000006,29.299699349828604,193.5,6179.981991302685,162.10802874240002,500.79300352929596,22.55,23.844291747260577
3585.4550879999997,29.479697502830962,194.0,6419.981291935794,162.3680255808,500.79300352929596,,24.786143033440737
3585.9570504,29.60969616888822,193.57,6589.980796550917,159.21806388480002,500.79300352929596,,25.8782981851135
3586.455732,29.889693295780784,193.73,6929.979805781166,158.69807020800002,500.79300352929596,,27.313510567804386
3586.9576944,30.129690833117262,193.39,6909.979864061738,159.848056224,500.79300352929596,,26.99632524140901
3587.456376,30.329688780897662,193.55,6399.981350216367,160.5880472256,500.79300352929596,,24.93066687708582
3587.9550576000006,30.039691756616083,193.95,6339.981525058092,162.8780193792,500.79300352929596,,24.40305596718352
3588.4570200000003,29.959692577503922,193.0,6399.981350216367,159.64805865600002,500.79300352929596,23.49,25.002275541772722
3588.9557016,29.369698631551742,193.0,6249.981787320669,159.49806048000002,500.79300352929596,,24.439965146224438
3589.457664,29.369698631551742,193.82,6489.981087953786,161.42803701120002,500.79300352929596,,25.17401874084795
3589.9563456,29.4496978106639,193.45,6629.980679989772,162.74802096000002,500.79300352929596,,25.45763764097491
3590.4550272,29.759694629723523,193.39,6749.980330306324,159.18806424960002,500.79300352929596,,26.482308953252872
3590.9569896000003,29.68969534800038,193.82,6609.980738270347,162.3780254592,500.79300352929596,,25.489075161198663
3591.4556712000003,29.809694116668624,193.36,6819.980126324317,161.5680353088,500.79300352929596,,26.36031148845223
3591.9576336000005,29.85969360361372,193.77,6239.981816460961,163.1680158528,500.79300352929596,,23.95638273645864
3592.4563152,29.11970119682624,193.0,6159.982049583257,161.0680413888,500.79300352929596,20.67,23.857097265842945
3592.9549968,28.93970304382388,193.77,6079.982282705554,165.10799226240002,500.79300352929596,,23.069443456303574
3593.4569592000003,29.00970232554702,193.18,6429.9812627955125,166.71797268480003,500.79300352929596,,24.0780306976134
3593.9556408000003,29.12970109421526,193.0,6109.982195284693,165.4379882496,500.79300352929596,,23.046959486465937
3594.4576032000004,28.93970304382388,193.38,6399.981350216367,168.93794568959999,500.79300352929596,,23.678773376828136
3594.9562848000005,29.359698734162723,193.38,6599.980767410629,170.9279214912,500.79300352929596,,24.13328569985296
3595.4549663999996,28.77970468559956,193.73,6769.980272025752,165.60798618240003,500.79300352929596,,25.576338821262176
3595.9569288,29.06970170988114,193.52,6649.980621709194,167.9179580928,500.79300352929596,,24.76087254379105
3596.4556104,29.02970212032506,193.45,6259.981758180389,166.6579734144,500.79300352929596,24.43,23.488912191505374
3596.9575728,28.90970335165682,193.45,6309.981612478953,162.4880241216,500.79300352929596,,24.274779686052174
3597.4562544000005,29.00970232554702,193.82,6199.981933022104,162.74802096000002,500.79300352929596,,23.864098042001373
3597.9549360000005,28.78970458298858,193.27,6359.981466777518,164.1580038144,500.79300352929596,,24.195473764335045
3598.4568984000007,29.37969852894076,193.82,6539.980942252352,161.7580329984,500.79300352929596,,25.314888567899654
3598.95558,29.50969719499802,193.43,6219.981874741534,160.898043456,500.79300352929596,,24.168733482471737
3599.4575424,29.809694116668624,193.78,6729.980388586905,154.89811641600002,500.79300352929596,,27.18350508897477
3599.956224,30.08969124356118,193.36,6909.979864061738,164.5379991936,500.79300352929596,,26.229747292999043
3600.4549056,29.919692987947844,193.57,6749.980330306324,155.4681094848,500.79300352929596,,27.136276613801677
3600.956868,30.3496885756757,193.45,6489.981087953786,161.21803956480002,500.79300352929596,,25.167156804253267
3601.4555496000003,29.4496978106639,193.87,6389.981379356657,154.87811665920003,500.79300352929596,28.19,25.83509552945723
3601.9575120000004,28.90970335165682,193.36,6469.9811462343605,164.68799736960003,500.79300352929596,,24.543639889855843
3602.4561936,28.32970930309366,194.0,6039.982399266699,162.43802472960002,500.79300352929596,,23.314150723124833
3602.9548752,27.30971976941362,194.0,6379.981408496946,163.54801123200002,500.79300352929596,,24.43893658476037
3603.4568376,25.47973854722296,193.64,6549.980913112062,168.20795456640002,500.79300352929596,,24.335096530990707
3603.9555192000003,24.569747884822142,193.67,6499.981058813496,169.71793620480003,500.79300352929596,,23.933988827021604
3604.4574816000004,25.729735981948462,193.67,6409.981321076085,173.58788914559997,500.79300352929596,,23.0937128485946
3604.9561632000004,26.9497234634089,193.57,6279.981699899815,167.47796344320003,500.79300352929596,,23.445752800850126
3605.4548448,28.2497101239815,193.0,6259.981758180389,163.02801755520002,500.79300352929596,30.06,23.94453989427839
3605.9568071999997,27.989712791866985,193.13,6359.981466777518,161.79803251200002,500.79300352929596,,24.52043336031935
3606.4554888000002,28.52970725087406,193.64,6379.981408496946,161.6680340928,500.79300352929596,,24.685341590755645
3606.9574512,28.319709405704643,193.59,6209.981903881822,160.0080542784,500.79300352929596,,24.27286911329747
3607.4561328000004,28.52970725087406,193.7,6199.981933022104,160.298050752,500.79300352929596,,24.206152476890225
3607.9548144000005,28.229710329203463,193.68,6169.982020442967,161.82803214720002,500.79300352929596,,23.859743787624037
3608.4567768000006,28.6997055064874,193.64,6779.98024288547,162.06802922880001,500.79300352929596,26.31,26.15516769797139
3608.9554583999998,28.409708482205826,193.05,6359.981466777518,162.52802363520001,500.79300352929596,,24.404917052677792
3609.457420800001,28.08971176575718,193.35,6619.9807091300545,159.848056224,500.79300352929596,,25.851460444010474
3609.9561024,28.289709713537583,193.05,6469.9811462343605,164.2380028416,500.79300352929596,,24.565891777370357
3610.454784,28.38970868742778,193.64,6059.9823409861265,163.75800867840002,500.79300352929596,,23.161846391345748
3610.9567464,28.489707661317986,193.59,5919.982748950141,163.398013056,500.79300352929596,,22.676705524564756
3611.4554280000007,28.37970879003876,193.5,6299.981641619236,161.76803287680002,500.79300352929596,26.31,24.345209836171737
3611.9573904000003,28.42970827698386,193.55,6389.981379356657,162.43802472960002,500.79300352929596,,24.595432946703237
3612.456072,28.489707661317986,193.18,6489.981087953786,164.3680012608,500.79300352929596,,24.639904498381306
3612.9547536,28.239710226592482,193.73,6359.981466777518,162.1280284992,500.79300352929596,,24.548415583085244
3613.456716,27.76971504930854,193.39,6239.981816460961,161.7780327552,500.79300352929596,,24.09542115361231
3613.9553976,27.78971484408658,193.73,6689.980505148049,162.7380210816,500.79300352929596,,25.710058913875642
3614.4573600000003,28.13971125270228,193.45,6869.979980622884,163.0680170688,500.79300352929596,29.12,26.30776400769212
3614.9560416000004,27.73971535714148,193.64,5969.982603248707,161.8780315392,500.79300352929596,,23.078161189563804
3615.4547232,27.8997137153658,193.64,6109.982195284693,161.7580329984,500.79300352929596,,23.63253880116071
3615.9566856,28.05971207359012,193.5,6099.982224424975,164.4779999232,500.79300352929596,,23.192734703286938
3616.4553672,27.78971484408658,193.52,6029.982428406988,161.02804187520002,500.79300352929596,20.67,23.41557566891124
3616.9573296000003,28.209710534425422,194.0,6049.9823701264095,160.2180517248,500.79300352929596,,23.671572618866318
3617.4560112000004,28.199710637036404,193.64,6099.982224424975,164.0280053952,500.79300352929596,,23.273549951198426
3617.9546928000004,27.989712791866985,193.18,6559.980883971781,161.1780400512,500.79300352929596,,25.386902295369826
3618.4566552000006,27.8997137153658,193.65,6349.981495917802,160.1880520896,500.79300352929596,,24.791097424635694
3618.9553367999997,28.179710842258363,193.0,6299.981641619236,163.9580062464,500.79300352929596,,23.960098871987118
3619.4572992,28.2497101239815,193.36,6209.981903881822,164.0580050304,500.79300352929596,26.31,23.65115691381655
3619.9559808,28.229710329203463,194.0,6309.981612478953,161.79803251200002,500.79300352929596,,24.440094335444908
3620.4546624000004,28.13971125270228,194.0,5759.983215194734,166.097980224,500.79300352929596,,21.75803383766942
3620.9566248,27.929713407532866,193.5,6539.980942252352,162.1280284992,500.79300352929596,,25.20409383605505
3621.4553064000006,28.769704788210543,193.59,6629.980679989772,161.42803701120002,500.79300352929596,,25.676381992543913
3621.9572688000003,27.52971751197206,193.77,6779.98024288547,166.1579794944,500.79300352929596,,25.52439719223315
3622.4559504,28.959702838601924,193.57,6739.980359446615,172.41790337280003,500.79300352929596,22.55,24.449505496429392
3622.954632,27.489717922415984,193.48,6859.980009763173,165.3679891008,500.79300352929596,,25.9062382185474
3623.4565944,27.599716793695205,193.52,6669.980563428621,173.197893888,500.79300352929596,,24.072563708003774
3623.955276,28.499707558707,194.0,6569.98085483149,171.1879183296,500.79300352929596,,24.057426293785262
3624.4572384000003,27.499717819805,193.59,6489.981087953786,167.28796575360002,500.79300352929596,,24.256519559567774
3624.9559200000003,28.77970468559956,193.38,6399.981350216367,167.52796283520001,500.79300352929596,,23.87463932423123
3625.4546016,27.119721719022245,193.0,6279.981699899815,168.8079472704,500.79300352929596,,23.196447088206835
3625.956564,28.00971258664502,193.43,6419.981291935794,169.9279336512,500.79300352929596,22.55,23.61320694588916
3626.4552456,27.68971587019638,193.0,6639.980650849484,166.10798010240003,500.79300352929596,,24.912526372865653
3626.9572080000003,27.999712689256004,193.38,6869.979980622884,165.72798472320002,500.79300352929596,,25.878881656084594
3627.4558896000003,28.15971104748032,193.05,6959.979718360303,168.3079533504,500.79300352929596,,25.77430020400684
3627.9545712000004,26.87972418168576,194.0,6789.98021374518,166.3179775488,500.79300352929596,,25.56185349076042
3628.4565336000005,28.21971043181444,193.55,6539.980942252352,163.84800758400002,500.79300352929596,,24.95084813379002
3628.9552152,27.669716075418343,193.5,6499.981058813496,166.45797584640002,500.79300352929596,27.25,24.403704882625956
3629.4571776,28.759704890821517,193.0,6539.980942252352,170.6179252608,500.79300352929596,,23.907475505164975
3629.9558592000003,28.61970632737524,193.36,6269.981729040099,166.047980832,500.79300352929596,,23.5972121228252
3630.4545408000004,28.499707558707,193.81,6479.9811170940775,166.3679769408,500.79300352929596,,24.388037449587294
3630.9565032000005,28.739705096043483,193.0,6539.980942252352,167.49796320000002,500.79300352929596,,24.348081851347384
3631.4551848000006,27.559717204139123,193.52,6689.980505148049,167.6579612544,500.79300352929596,,24.933758996323817
3631.9571472000007,28.0497121762011,193.45,6769.980272025752,168.697948608,500.79300352929596,23.49,25.070205520620995
3632.4558288,27.439718435470883,193.52,6989.979630939441,165.85798314240003,500.79300352929596,,26.32043770036318
3632.9545104,28.8997034542678,193.55,6909.979864061738,169.0179447168,500.79300352929596,,25.55602530628978
3633.4564728,26.929723668630864,193.23,6679.980534288339,162.80802023040002,500.79300352929596,,25.58812738521615
3633.9551544,27.439718435470883,193.59,6399.981350216367,164.24800272000002,500.79300352929596,,24.361333399113857
3634.4571168,27.53971740936108,193.59,6479.9811170940775,161.79803251200002,500.79300352929596,,25.03371287931852
3634.9557984000003,27.8497142284207,193.64,6369.981437637228,162.2380271616,500.79300352929596,28.19,24.555517405134086
3635.45448,28.579706737819162,193.5,6599.980767410629,177.07784670720002,500.79300352929596,,23.31147500728445
3635.9564424,27.959713099699922,193.23,6739.980359446615,165.2179909248,500.79300352929596,,25.45141400656466
3636.455124,27.699715767585403,193.41,6639.980650849484,163.44801244800001,500.79300352929596,,25.367493523751122
3636.9570864,28.039712278812083,193.45,6709.9804468674765,167.72796040320003,500.79300352929596,,24.992376509591246
3637.4557680000003,28.10971156053522,193.48,6599.980767410629,166.0379809536,500.79300352929596,,24.8388010956817
3637.9544496000003,27.249720385079502,193.23,6289.9816707595255,163.6680097728,500.79300352929596,,23.984792992938218
3638.4564120000005,27.58971689630618,193.13,6089.982253565265,161.598034944,500.79300352929596,25.37,23.51493693756274
3638.9550936,27.239720487690484,193.27,6399.981350216367,160.6280467392,500.79300352929596,,24.862620301343014
3639.457056,27.42971853808186,193.14,6459.981175374649,163.18801560960003,500.79300352929596,,24.688669086566858
3639.9557376000002,27.38971894852578,193.41,6359.981466777518,165.5179872768,500.79300352929596,,24.004006614718527
3640.4544192000003,27.339719461580682,193.0,6779.98024288547,165.0379931136,500.79300352929596,,25.59323225242646
3640.9563816000004,20.899785543051802,193.0,6709.9804468674765,173.47789048319999,500.79300352929596,,24.055633782220106
3641.4550632000005,20.419790468378842,193.36,6729.980388586905,165.9879815616,500.79300352929596,24.43,25.25009886775407
3641.9570256000006,22.61976789396324,193.33,6609.980738270347,171.597913344,500.79300352929596,,24.0127313402832
3642.4557072,22.55976850962912,193.95,6409.981321076085,175.5578651904,500.79300352929596,,22.842827455381464
3642.9543888000003,22.279771382736563,193.76,6169.982020442967,169.73793596160002,500.79300352929596,,22.717843404298396
3643.4563512,22.099773229734204,193.48,6389.981379356657,173.2278935232,500.79300352929596,,23.01651156382669
3643.9550328000005,22.42976984357186,193.19,6469.9811462343605,171.6679124928,500.79300352929596,,23.480208770749368
3644.4569952,21.47977959161496,193.29,6489.981087953786,168.897946176,500.79300352929596,30.06,23.939573448025325
3644.9556768000007,21.889775384564782,193.0,6389.981379356657,170.5879256256,500.79300352929596,,23.31051219025324
3645.4543584,22.5997680991852,193.14,6329.981554198381,174.14788233599998,500.79300352929596,,22.647397883667605
3645.956320800001,22.31977097229264,193.52,6639.980650849484,171.4579150464,500.79300352929596,,24.16137287580893
3646.4550024,22.31977097229264,193.0,6719.980417727187,170.51792647680003,500.79300352929596,,24.518381403772935
3646.9569648,22.37977035662676,193.62,6539.980942252352,170.29792915200002,500.79300352929596,,23.973968168490135
3647.4556464,22.2497716905695,194.0,6359.981466777518,167.3379651456,500.79300352929596,,23.773581022298377
3647.9543280000003,22.229771895791462,193.64,6209.981903881822,169.8779342592,500.79300352929596,24.43,22.830754927001614
3648.4562904000004,21.63977794983928,193.48,6179.981991302685,166.847971104,500.79300352929596,,23.106605731050152
3648.954972,22.019774050622043,193.48,6339.981525058092,169.6779366912,500.79300352929596,,23.31108715783433
3649.4569344,21.689777436784382,193.41,6139.982107863831,170.29792915200002,500.79300352929596,,22.489211421948834
3649.955616,21.969774563676943,194.0,6479.9811170940775,170.347928544,500.79300352929596,,23.791606967577366
3650.4542976000002,22.06977353756714,194.0,6459.981175374649,170.01793255680002,500.79300352929596,,23.76527493663729
3650.9562600000004,22.15977261406832,193.55,6519.9810005329255,165.1179921408,500.79300352929596,26.31,24.634377622574384
3651.4549416000004,21.859775692397722,193.48,6309.981612478953,165.97798168320003,500.79300352929596,,23.71335191389572
3651.9569040000006,22.169772511457342,193.41,6819.980126324317,167.5879621056,500.79300352929596,,25.364194014023266
3652.4555855999997,22.399770151404798,193.57,6299.981641619236,169.8279348672,500.79300352929596,,23.158800920102053
3652.9542672000002,22.63976768874128,193.23,6389.981379356657,165.48798764160003,500.79300352929596,,24.05793265341761
3653.4562296000004,22.129772921901264,193.86,6389.981379356657,170.2079302464,500.79300352929596,,23.467448545683908
3653.9549112000004,22.11977302451224,193.0,6269.981729040099,166.49797536000003,500.79300352929596,,23.43557804966927
3654.4568736000006,22.169772511457342,193.48,6189.981962162396,170.72792392320002,500.79300352929596,28.19,22.62640515027259
3654.9555552000006,21.429780104669863,193.48,6689.980505148049,165.9579819264,500.79300352929596,,25.129602427231198
3655.4542367999998,21.78977641067458,193.38,6709.9804468674765,170.3779281792,500.79300352929596,,24.545511570926347
3655.9561992,21.5497788733381,193.82,6799.980184604889,166.6179739008,500.79300352929596,,25.484762215777202
3656.4548808,21.1997824647224,193.0,6559.980883971781,175.87786129920002,500.79300352929596,,23.205835509893504
3656.9568432,21.569778668116143,193.0,6489.981087953786,177.66783953280003,500.79300352929596,,22.733763119359196
3657.4555248,21.579778565505162,193.57,6619.9807091300545,173.0878952256,500.79300352929596,,23.86394038832494
3657.9542064000007,21.459779796836923,193.38,6589.980796550917,168.5279506752,500.79300352929596,31.0,24.369683035465066
3658.4561688000003,21.46977969422594,193.33,6319.981583338664,170.59792550400002,500.79300352929596,,23.091389206436812
3658.9548504,20.839786158717683,193.43,6669.980563428621,172.03790799360002,500.79300352929596,,24.16477944620433
3659.4568128000005,20.919785337829843,193.37,6709.9804468674765,192.65765725440002,500.79300352929596,,21.719851636896472
3659.9554944,19.959795188483923,193.5,6649.980621709194,213.7274010432,500.79300352929596,,19.427310072487344
3660.454176,17.879816531567762,193.12,6459.981175374649,219.58732978560002,500.79300352929596,,18.324440130077907
3660.9561384000003,18.319812016684644,193.87,6469.9811462343605,224.8572657024,500.79300352929596,,17.998762571561066
3661.4548200000004,18.329811914073662,194.0,6469.9811462343605,224.4172710528,500.79300352929596,59.19,18.04581955241471
3661.9567824000005,19.0498045260831,194.0,6159.982049583257,227.46723396480004,500.79300352929596,,16.966356645452592
3662.455464,19.8997958041498,193.62,5919.982748950141,219.34733270400005,500.79300352929596,,16.883882014520957
3662.9541456,21.059783901276123,193.29,6229.98184560125,217.86735070080005,500.79300352929596,,17.858312594582756
3663.4561080000003,21.489779489003983,193.12,6739.980359446615,206.1674929728,500.79300352929596,,20.376911618389883
3663.9547896000004,20.42979036576786,193.24,7039.979485238006,209.5674516288,500.79300352929596,,20.937466956191347
3664.4567520000005,18.98980514174898,193.82,6829.980097184035,216.79736371200002,500.79300352929596,65.77,19.692510571480504
3664.9554336000006,19.4498004216439,193.06,6779.98024288547,220.0773238272,500.79300352929596,,19.18958069273875
3665.4541151999997,18.729807809634462,193.41,6599.980767410629,217.43735592960002,500.79300352929596,,18.937226996670557
3665.9560776,17.18982361172538,193.0,6529.980971392643,234.49714848000002,500.79300352929596,,17.336834294493347
3666.4547592,17.20982340650342,193.53,6449.981204514933,241.4770636032,500.79300352929596,,16.680857734798657
3666.9567216,17.6498188916203,193.13,6419.981291935794,245.72701192320002,500.79300352929596,,16.289610206969417
3667.4554032,17.51982022556304,193.67,6389.981379356657,238.19710348799998,500.79300352929596,55.43,16.76725452370855
3667.9540848000006,17.37982166211676,193.79,6549.980913112062,248.6769760512,500.79300352929596,,16.474406175520507
3668.4560472000007,17.92981601851286,193.47,6499.981058813496,253.946911968,500.79300352929596,,15.992008140127082
3668.9547288,19.479800113810963,193.93,6209.981903881822,245.7570115584,500.79300352929596,,15.839953280453637
3669.4566912,22.66976738090834,193.56,6049.9823701264095,199.2375772416,500.79300352929596,,18.99276590966015
3669.9553728,25.01974326732804,193.59,6419.981291935794,166.9679696448,500.79300352929596,,24.021911868004636
3670.4540544,25.279740599442558,193.72,6619.9807091300545,144.6082415424,500.79300352929596,,28.5810861454254
3670.9560168000003,24.63974716654528,193.86,6369.981437637228,159.3780619392,500.79300352929596,29.12,24.99280437770189
3671.4546984000003,25.8497347506167,193.67,6689.980505148049,174.80787431040002,500.79300352929596,,23.927347324642508
3671.9566608000005,26.31972992790064,193.64,6619.9807091300545,166.1579794944,500.79300352929596,,24.90073022860946
3672.4553424,24.409749526597825,193.25,6759.980301166042,144.5082427584,500.79300352929596,,29.123320285486713
3672.954024,24.389749731819784,193.5,6619.9807091300545,140.9182864128,500.79300352929596,,29.283257716864725
3673.4559864000003,25.249740907275502,193.0,5989.982544968133,153.1881372096,500.79300352929596,,24.35365494940995
3673.9546680000003,26.659726439127322,193.27,6009.982486687561,164.4779999232,500.79300352929596,24.43,22.81529891402209
3674.4566304000004,24.90974439604882,193.15,6279.981699899815,142.23827036160003,500.79300352929596,,27.488922987484496
3674.9553120000005,24.369749937041743,193.38,6329.981554198381,139.30830599040002,500.79300352929596,,28.313224195319485
3675.4539936,24.939744088215882,193.0,6129.982137004121,145.93822536960002,500.79300352929596,,26.142442870136463
3675.955956,24.46974891093194,193.31,6329.981554198381,141.4682797248,500.79300352929596,,27.874917488143282
3676.4546376000003,24.03975332320408,193.64,6439.981233655222,129.06843050880002,500.79300352929596,,31.108967845946243
3676.9566,24.569747884822142,193.4,6349.981495917802,140.1882952896,500.79300352929596,28.19,28.2296356906364
3677.4552816000005,25.409739265499823,193.0,6329.981554198381,147.65820445440002,500.79300352929596,,26.680554033572704
3677.9539632000005,24.739746140435482,193.84,6299.981641619236,141.848275104,500.79300352929596,,27.7476113931692
3678.4559256000007,25.28974049683158,194.0,6579.980825691207,146.7882150336,500.79300352929596,,28.031188305104415
3678.9546072,25.43973895766688,194.0,6559.980883971781,147.3882077376,500.79300352929596,,27.835019447529472
3679.4565696,24.799745524769598,193.58,6809.980155464607,147.5082062784,500.79300352929596,,28.79680222309661
3679.9552512,24.199751681428403,193.26,6889.979922342311,133.27837931520003,500.79300352929596,,32.16257010561188
3680.4539328,23.57975804330916,193.81,6899.97989320202,117.7785677952,500.79300352929596,23.49,36.51847539024142
3680.9558952,25.60973721328022,193.73,6219.981874741534,118.71855636480001,500.79300352929596,,32.68386477405151
3681.9565392,21.62977805245026,193.25,6299.981641619236,131.8183970688,500.79300352929596,,29.726334071811202
3682.455220800001,22.949764507800904,193.68,6089.982253565265,141.48827948160002,500.79300352929596,,26.860202039452833
3682.9539024,24.309750552707623,193.31,6239.981816460961,136.7783367552,500.79300352929596,,28.41537177546418
3683.4558648,24.409749526597825,193.62,6319.981583338664,140.35829322240002,500.79300352929596,,28.093802732249152
3683.9545464000003,24.47974880832096,193.96,6339.981525058092,140.35829322240002,500.79300352929596,23.49,28.231770155948904
3684.4565088000004,24.06975301537114,193.32,6919.979834921447,140.35829322240002,500.79300352929596,,30.691078325877545
3684.9551904000004,23.61975763286524,193.69,6829.980097184035,139.31830586880002,500.79300352929596,,30.573394805016104
3685.453872,23.319760711194643,193.62,7079.979368676862,139.9982976,500.79300352929596,,31.51834934101781
3685.9558344,23.55975824853112,193.44,6609.980738270347,140.5282911552,500.79300352929596,,29.3038371987722
3686.4545160000002,23.409759787695823,193.65,6349.981495917802,139.9682979648,500.79300352929596,,28.300114919481867
3686.9564784000004,22.63976768874128,193.31,6369.981437637228,139.7283008832,500.79300352929596,,28.380930007671672
3687.4551600000004,22.66976738090834,193.32,6569.98085483149,144.9582372864,500.79300352929596,,28.218729722306744
3687.9538416000005,21.999774255844,193.67,6319.981583338664,147.0582117504,500.79300352929596,45.1,26.80972049892007
3688.4558040000006,19.25980237125252,194.0,6619.9807091300545,148.6181927808,500.79300352929596,,27.804527921264107
3688.9544855999998,16.78982771616458,193.65,6759.980301166042,157.848080544,500.79300352929596,,26.669734991996343
3689.456448,16.88982669005478,193.45,6879.979951482601,169.3279409472,500.79300352929596,,25.285103975151248
3689.9551296,17.10982443261322,193.48,6309.981612478953,170.3679283008,500.79300352929596,,23.066796519824024
3690.4538112000005,19.51979970336704,193.0,6279.981699899815,198.44758684800001,500.79300352929596,,19.701767670419617
3690.9557736,22.7497665600205,194.0,6109.982195284693,192.7376562816,500.79300352929596,31.94,19.864828336101773
3691.4544552000007,24.599747576989202,193.64,6249.981787320669,170.1279312192,500.79300352929596,,22.963220492497445
3691.9564176,26.149731672287302,194.0,6089.982253565265,164.91799457279998,500.79300352929596,,23.13681587421023
3692.4550992,27.509717717194018,193.26,6639.980650849484,158.8080688704,500.79300352929596,,26.08012332823831
3692.9537808,27.409718743303824,193.57,6899.97989320202,155.9881031616,500.79300352929596,,27.62076197367933
3693.4557432,28.129711355313262,193.22,6979.979660079732,156.92809173120003,500.79300352929596,,27.728664178419397
3693.9544248,27.509717717194018,193.32,7119.97925211571,143.54825443200002,500.79300352929596,,30.904322279435
3694.4563871999994,26.529727773070064,193.15,7419.9783779071095,137.498328,500.79300352929596,24.43,33.56535851343872
3694.9550688000004,26.07973239056416,193.69,6819.980126324317,139.9182985728,500.79300352929596,,30.41974337777951
3695.4537504,26.2997301331226,193.19,6549.980913112062,139.9982976,500.79300352929596,,29.134669881448183
3695.9557128000006,26.679726233905363,193.36,6759.980301166042,142.448267808,500.79300352929596,,29.577441382438902
3696.4543944,27.519717614583044,193.75,6439.981233655222,152.38814693760003,500.79300352929596,,26.424021171882075
3696.9563568000003,26.449728593957904,193.4,6839.980068043746,140.16829553280002,500.79300352929596,,30.412156867142716
3697.4550384000004,25.419739162888842,193.54,7449.978290486217,139.4783039232,500.79300352929596,22.55,33.28217332183867
3697.9537200000004,25.57973752111316,193.46,7089.979339536572,141.7782759552,500.79300352929596,,31.162395890892828
3698.4556824000006,24.459749013542922,193.75,7049.979456097715,144.9382375296,500.79300352929596,,30.352559206943795
3698.954364,24.759745935213516,193.72,6619.9807091300545,147.5282060352,500.79300352929596,,28.015225913370706
3699.4563264,26.379729312234762,193.29,6419.981291935794,147.098211264,500.79300352929596,,27.207730935536333
3699.9550080000004,26.57972726001516,193.58,6989.979630939441,140.1882952896,500.79300352929596,,31.099578720874256
3700.4536896000004,26.87972418168576,193.42,7069.979397817144,137.9383226496,500.79300352929596,28.19,31.938607804810566
3700.9556520000006,26.689726131294382,193.88,6639.980650849484,144.7282400832,500.79300352929596,,28.678638759411367
3701.4543336000006,26.15973156967632,193.68,6909.979864061738,145.4682310848,500.79300352929596,,29.650074294934356
3701.956296,25.11974224121824,193.32,7069.979397817144,142.92826197120002,500.79300352929596,,30.800767983408754
3702.4549776,25.989733314062985,193.96,7249.978873291979,145.1582348544,500.79300352929596,,31.207285068018688
3702.9536592,24.869744806492744,193.58,6939.979776640876,145.7882271936,500.79300352929596,36.64,29.686792288629594
3703.4556216,23.57975804330916,193.92,6629.980679989772,147.948200928,500.79300352929596,,27.996831650643305
3703.9543032,21.62977805245026,193.36,6779.98024288547,160.598047104,500.79300352929596,,26.294544497088705
3704.4562656000003,22.62976779135226,193.36,7109.979281256,165.1579916544,500.79300352929596,,26.817916188531964
3704.9549472000003,25.049742959495102,193.57,6869.979980622884,154.848117024,500.79300352929596,,27.68241334783476
3705.4536288,25.9497337245069,193.28,7139.979193835137,146.45821904640002,500.79300352929596,,30.35989373584061
3705.9555912,25.83973485322768,193.6,7219.978960712841,143.6282534592,500.79300352929596,25.37,31.34862274084126
3706.4542728,25.329740086387663,193.72,7109.979281256,143.99824896,500.79300352929596,,30.810210925598746
3706.9562352000003,25.079742651662162,194.0,7069.979397817144,146.11822318080002,500.79300352929596,,30.237901242956827
3707.4549168000003,25.749735776726503,193.56,6689.980505148049,145.0182365568,500.79300352929596,,28.780367122837216
3707.9535984000004,25.569737623724144,193.8,6599.980767410629,144.4282437312,500.79300352929596,,28.544786517139304
3708.4555608000005,25.36973967594374,193.32,6499.981058813496,144.3582445824,500.79300352929596,31.0,28.05827572397377
3708.9542424,25.3997393681108,193.76,6649.980621709194,145.648228896,500.79300352929596,,28.513028720252077
3709.4562048,22.679767278297362,193.74,6789.98021374518,155.44810972800002,500.79300352929596,,27.26138221822362
3709.9548864000003,24.71974634565744,193.42,7039.979485238006,153.17813733120002,500.79300352929596,,28.64420448467517
3710.4535680000004,23.95975414409192,194.0,6979.979660079732,154.74811824,500.79300352929596,,28.193077509971484
3710.9555304000005,24.87974470388176,193.22,6849.980038903455,152.3681471808,500.79300352929596,,27.99647253325744
3711.4542120000006,25.03974306210608,194.0,6569.98085483149,149.73817916160002,500.79300352929596,29.12,27.43961558620267
3711.9561744,24.119752502316242,193.83,6579.980825691207,152.6181441408,500.79300352929596,,26.93523776146642
3712.454856,22.82976573913266,193.52,6239.981816460961,154.9681155648,500.79300352929596,,25.118745710635714
3712.9535376,22.759766457409523,193.78,6489.981087953786,159.698058048,500.79300352929596,,25.38274155677304
3713.4555,19.499799908589,193.71,6649.980621709194,173.2278935232,500.79300352929596,,23.951573296408178
3713.9541816000005,23.019763789524042,193.67,6919.979834921447,168.24795408000003,500.79300352929596,,25.67455526637665
3714.456144,26.7497255156285,193.77,6519.9810005329255,163.5080117184,500.79300352929596,24.43,24.942093742525866
3714.9548256000007,27.619716588473242,193.0,6969.979689220012,165.39798873600003,500.79300352929596,,26.249575044926885
3715.4535072,26.00973310884102,193.35,7069.979397817144,157.698082368,500.79300352929596,,27.947818949145656
3715.9554696,26.13973177489828,193.3,7239.978902432268,151.9381524096,500.79300352929596,,29.684409149355773
3716.4541512,26.16973146706534,193.42,7089.979339536572,149.24818512000002,500.79300352929596,,29.61250078800954
3716.9561136,25.78973536628258,193.8,6949.979747500586,149.09818694400002,500.79300352929596,25.37,29.11457143365037
3717.4547952000003,26.769725310406542,193.46,6739.980359446615,150.5081697984,500.79300352929596,,27.938555062543113
3717.9534768000003,26.679726233905363,193.26,7049.979456097715,151.8181538688,500.79300352929596,,28.932535478943016
3718.4554392,26.419728901790844,193.54,6979.979660079732,152.22814888320002,500.79300352929596,,28.609823627484456
3718.9541208000005,26.16973146706534,193.63,6639.980650849484,150.9581643264,500.79300352929596,,27.46485379262271
3719.4560832,26.02973290361906,193.7,6859.980009763173,155.0081150784,500.79300352929596,25.37,27.640832810306343
3719.9547648000002,26.6997260286834,194.0,6489.981087953786,149.5581813504,500.79300352929596,,27.154536641511445
3720.4534464000003,27.029722642521058,193.29,6629.980679989772,151.9681520448,500.79300352929596,,27.202891008099893
3720.9554088000004,26.3497296200677,193.92,6689.980505148049,148.7481912,500.79300352929596,,28.121040432503946
3721.4540904000005,25.02974316471706,193.7,6679.980534288339,153.0281391552,500.79300352929596,,27.258341720079443
3721.9560527999997,19.07980421825016,194.0,7099.979310396282,163.648010016,500.79300352929596,,27.084495989105537
3722.4547344,17.07982474044616,193.58,6689.980505148049,197.1076031424,500.79300352929596,51.67,21.16096417918179
3722.9534160000003,18.08981437673718,193.41,6489.981087953786,211.6374264576,500.79300352929596,,19.12486808799149
3723.4553784,20.58978872399218,193.53,6509.981029673216,214.547391072,500.79300352929596,,18.958082964935546
3723.9540600000005,20.789786671772582,193.17,6759.980301166042,189.15769981440005,500.79300352929596,,22.257975728103006
3724.4560224000006,21.379780617724762,193.35,6469.9811462343605,185.72774152320002,500.79300352929596,,21.726053148312005
3724.9547040000007,20.93978513260788,193.55,6429.9812627955125,177.53784111360002,500.79300352929596,48.85,22.600012251457397
3725.4533856,21.719777128951442,193.5,6759.980301166042,184.0577618304,500.79300352929596,,22.916478804577913
3725.955348,23.46975917202994,193.24,6739.980359446615,171.08791954560002,500.79300352929596,,24.549493871135745
3726.4540296,25.349739881165704,193.5,6399.981350216367,159.70805792640002,500.79300352929596,,25.01795406490192
3726.955992,26.87972418168576,193.63,6729.980388586905,151.3181599488,500.79300352929596,,27.774441974701492
3727.4546736,27.039722539910084,193.63,7069.979397817144,152.3181477888,500.79300352929596,29.12,28.97746226588925
3727.9533552000007,26.98972305296498,193.61,7019.979543518579,152.0181514368,500.79300352929596,,28.827104677675685
3728.4553176,26.86972428429674,193.75,6929.979805781166,151.0781628672,500.79300352929596,,28.65563789595217
3728.9539992,26.63972664434928,193.75,6889.979922342311,150.898165056,500.79300352929596,,28.523315837523544
3729.4559616,26.98972305296498,193.42,6659.980592568912,151.34815958400003,500.79300352929596,,27.453898279340066
3729.9546432,26.60972695218222,193.35,6249.981787320669,153.9581278464,500.79300352929596,31.0,25.332460902598573
3730.4533248000002,25.9497337245069,193.0,6489.981087953786,154.40812237440002,500.79300352929596,,26.167923654027334
3730.9552871999995,26.86972428429674,193.26,6559.980883971781,153.94812796800002,500.79300352929596,,26.569403149873782
3731.4539688000004,26.519727875681042,193.38,6419.981291935794,148.7381913216,500.79300352929596,,26.92382130653914
3731.9559311999997,27.12972161641126,193.4,6609.980738270347,143.4782552832,500.79300352929596,,28.72984554740197
3732.4546128000006,27.0497224372991,193.72,7029.979514378297,145.048236192,500.79300352929596,,30.26156987780146
3732.9532944000002,26.42972879917986,193.12,6689.980505148049,143.748252,500.79300352929596,27.25,28.972974337144482
3733.4552568000004,27.01972274513204,193.84,6789.98021374518,142.398268416,500.79300352929596,,29.794144605270585
3733.9539384000004,27.56971710152814,193.44,6689.980505148049,145.08823570560003,500.79300352929596,,28.76433046071534
3734.4559008000006,26.6997260286834,193.68,6539.980942252352,142.7282644032,500.79300352929596,,28.613594610199755
3734.9545824000006,26.93972356601988,193.42,6839.980068043746,141.26828215679998,500.79300352929596,,30.184354759042485
3735.4532639999998,27.299719872024603,193.79,6989.979630939441,146.45821904640002,500.79300352929596,28.19,29.816018332489506
3735.9552264,26.43972869656888,193.72,7179.9790772739925,145.81822682880002,500.79300352929596,,30.73522462021245
3736.453908,25.859734648005723,193.32,7339.978611029399,145.0082366784,500.79300352929596,,31.519674569181632
3736.9558704,26.6997260286834,193.68,7309.978698450261,145.798227072,500.79300352929596,,31.28770236583702
3737.454552,25.60973721328022,193.28,6929.979805781166,144.24824592,500.79300352929596,,29.918724802956763
3737.9532336000007,25.87973444278376,191.83,6939.979776640876,147.6382046976,483.80120513099996,30.06,29.06288843417228
3738.455196,25.5497378289461,174.46,6889.979922342311,150.4381706496,410.283424068096,,25.774663412856405
3738.9538776,25.3997393681108,170.67,6569.98085483149,147.4782066432,440.5466271012,,24.53545019294571
3739.45584,24.569747884822142,182.48,6579.980825691207,157.4780850432,460.2987176466,,24.597177950485264
3739.9545216,23.81975558064564,184.33,6589.980796550917,150.2781725952,467.189446955856,,26.057627140435553
3740.4532032,24.9497439856049,187.54,6939.979776640876,153.6581314944,488.12166240472794,41.34,27.305224049370924
3740.9551656000003,23.999753733648,190.96,7119.97925211571,151.39815897600002,495.762471101784,,28.92926388385295
3741.4538472000004,22.449769638349903,191.67,6579.980825691207,153.6281318592,496.022498622888,,26.44941357793825
3741.9558096,23.0997629686362,194.7,6519.9810005329255,155.14811337600003,511.514138245584,,26.36787053996963
3742.4544912,23.65975722242132,193.96,6379.981408496946,157.4580852864,504.16336024514396,,25.33903374766634
3742.9531728,24.06975301537114,191.52,5839.982982072438,156.598095744,496.622562133128,49.79,23.050126706260674
3743.4551352000003,23.019763789524042,191.0,6129.982137004121,152.3281476672,496.622562133128,,24.780954011618906
3743.9538168000004,22.579768304407164,193.09,6749.980330306324,154.98811532160002,505.85353913231995,,27.090386095270496
3744.4557791999996,22.5997680991852,202.74,6759.980301166042,154.85811690239998,547.227918163368,,28.50045501892602
3744.9544608000006,22.849765533910702,204.17,6829.980097184035,158.3380745856,535.286654309592,,28.364407261432117
3745.4531424,24.80974542215862,195.09,7029.979514378297,156.5680961088,504.90343857444,49.79,28.229647590450302
3745.9551048,24.769745832602542,192.7,6719.980417727187,151.97815192320002,503.383277681832,,27.46462715968624
3746.4537864000004,24.80974542215862,192.76,6519.9810005329255,148.11819886080002,503.383277681832,52.14,27.351381487574308
3746.9557488,25.05974285688412,192.42,6809.980155464607,149.4181830528,503.383277681832,,28.264485294627484
3747.4544304000005,22.789766149576582,192.43,6429.9812627955125,156.15810109440002,503.383277681832,,25.53805756310814
3747.9531120000006,21.2997814386126,192.77,6629.980679989772,160.1380526976,503.383277681832,65.77,25.709277510516145
3748.4550744,18.099814274126203,192.33,6949.979747500586,176.0778588672,503.383277681832,,24.43615502145677
3748.953756,20.619788416159242,192.16,6939.979776640876,184.297758912,503.383277681832,,23.32064696090313
3749.4557184,21.8997752819538,192.47,6969.979689220012,191.21767476480002,503.383277681832,65.77,22.626471590773626
3749.9544,22.80976594435462,192.9,7139.979193835137,179.3278193472,503.383277681832,,24.760446454896858
3750.4530816,22.06977353756714,192.19,6939.979776640876,173.0878952256,503.383277681832,,24.83580482147609
3750.9550440000003,18.87980627046976,192.25,6749.980330306324,179.3878186176,503.383277681832,67.64,23.299210317705786
3751.4537256000003,20.18979282843138,192.19,6839.980068043746,225.0772630272,503.383277681832,,18.853291561228797
3751.955688,21.1497829777773,192.17,6729.980388586905,203.797521792,503.383277681832,,20.478212097959155
3752.4543696,21.169782772555344,192.26,6629.980679989772,191.89766649600003,503.383277681832,,21.426764141264428
3752.9530512,22.579768304407164,192.28,6379.981408496946,189.8176917888,503.383277681832,59.19,20.863745145712063
3753.4550136000003,23.33976050597268,192.15,6309.981612478953,183.9277634112,503.383277681832,,21.283839770405155
3753.9536952000003,24.089752810149182,192.5,6729.980388586905,180.54780451200003,503.383277681832,,23.156439694373688
3754.4556576000004,25.70973618717042,192.35,6749.980330306324,179.4578177664,503.383277681832,41.34,23.36016603951329
3754.9543391999996,26.60972695218222,192.67,6929.979805781166,168.047956512,503.383277681832,,25.640295075248364
3755.4530208000006,27.299719872024603,192.65,7029.979514378297,161.08804114560002,503.383277681832,,27.12398550148534
3755.9549832000002,27.699715767585403,192.0,6929.979805781166,153.99812736,503.383277681832,,27.871764890307055
3756.4536648000003,27.38971894852578,192.83,7139.979193835137,151.7381548416,503.383277681832,,29.255628687097303
3756.9556272000004,26.53972767045908,192.67,6769.980272025752,150.348171744,503.383277681832,,27.975784398415087
3757.4543088000005,27.329719564191663,192.35,6919.979834921447,152.2881481536,503.383277681832,,28.189490841616955
3757.9529904000005,27.959713099699922,192.33,7049.979456097715,155.7381062016,503.383277681832,24.43,28.086195207650686
3758.4549528,27.53971740936108,192.0,7389.978465327928,152.3681471808,503.383277681832,,30.020153281001384
3758.9536344,27.30971976941362,192.33,7229.978931572558,150.22817320320001,503.383277681832,,29.839215497048087
3759.4555968,27.8997137153658,192.42,7079.979368676862,149.61818062080002,503.383277681832,,29.361785807243777
3759.9542784,27.109721821633222,192.5,6809.980155464607,149.948176608,503.383277681832,,28.19435072730964
3760.4529600000005,28.00971258664502,192.2,6629.980679989772,146.0082245184,503.383277681832,23.49,28.15392455621211
3760.9549224,26.289730235733582,192.58,6589.980796550917,152.2181490048,503.383277681832,,26.891522277718426
3761.4536040000007,26.91972377124184,192.65,6489.981087953786,151.12816225920002,503.383277681832,,26.69122535722313
3761.9555664,26.72972572085046,192.3,6679.980534288339,158.898067776,503.383277681832,,26.085389505179464
3762.454248,26.82972469474066,192.0,6809.980155464607,158.23807580160002,503.383277681832,,26.658128492588315
3762.9529296,26.82972469474066,192.5,6999.979601799152,159.2380636416,503.383277681832,25.37,27.29523859295287
3763.454892,26.2997301331226,192.65,7219.978960712841,158.3080749504,503.383277681832,,28.32732730544688
3763.9535736000003,27.3997188459148,192.09,7169.979106414276,161.15804029440002,503.383277681832,,27.5687789836067
3764.4555360000004,24.98974357516098,192.37,6559.980883971781,131.0784060672,503.383277681832,,31.006862332573228
3764.9542176,25.57973752111316,192.15,6849.980038903455,132.1583929344,503.383277681832,23.49,32.073973326295395
3765.4528992,24.339750244874683,192.75,6419.981291935794,127.848445344,503.383277681832,,31.166573619318328
3765.9548616,25.33973998377668,192.64,6569.98085483149,131.1284054592,503.383277681832,,31.08828661818993
3766.4535432000002,23.999753733648,192.78,6579.980825691207,130.6784109312,503.383277681832,,31.252931796486504
3766.9555056000004,24.609747474378224,192.57,6669.980563428621,129.8784206592,503.383277681832,,31.842162362142638
3767.4541871999995,25.62973700805826,192.71,6749.980330306324,130.2184165248,503.383277681832,24.43,32.169855791882654
3767.9528688000005,24.679746756101363,192.33,6359.981466777518,132.2683915968,503.383277681832,,29.790606493844887
3768.4548311999997,25.1497419333853,192.96,6399.981350216367,129.7284224832,503.383277681832,,30.662871634186725
3768.9535128000007,24.77974572999156,192.3,6489.981087953786,133.5883755456,503.383277681832,,30.093174536982715
3769.4554752,24.9497439856049,192.0,6459.981175374649,132.4583892864,503.383277681832,,30.163432788728745
3769.9541568000004,25.02974316471706,192.96,6899.97989320202,134.25836739840003,503.383277681832,23.49,31.933074313089573
3770.4528384000005,24.969743780382945,192.0,7029.979514378297,136.70833760640002,503.383277681832,,31.79311369708061
3770.9548008000006,25.089742549051184,192.73,7069.979397817144,136.0783452672,503.383277681832,,32.24218428150636
3771.4534824000007,24.929744190826863,192.68,7269.9788150114055,130.548412512,503.383277681832,,34.53310015960447
3771.9554448,25.009743369939024,192.59,6839.980068043746,131.14840521600001,503.383277681832,22.55,32.34100904074141
3772.4541264,25.049742959495102,192.0,6729.980388586905,129.9984192,503.383277681832,,32.00660221283102
3772.952808,25.43973895766688,192.37,6799.980184604889,133.05838199040002,503.383277681832,,31.662312970487708
3773.4547704,24.68974665349038,192.61,6789.98021374518,130.398414336,503.383277681832,,32.29020452562121
3773.953452,24.61974737176724,192.44,6949.979747500586,132.28839135360002,503.383277681832,,32.54786398152216
3774.4554144000003,24.789745627380583,192.7,7299.978727590545,133.7783732352,503.383277681832,23.49,33.844949083544
3774.954096,24.80974542215862,192.74,7219.978960712841,134.5783635072,503.383277681832,,33.28563729285846
3775.4527776,24.88974460127078,192.65,6979.979660079732,135.148356576,503.383277681832,,32.03713896984454
3775.95474,25.86973454539474,192.43,6709.9804468674765,131.1284054592,503.383277681832,,31.71628907924413
3776.4534216,24.55974798743312,192.7,6709.9804468674765,133.35837834240002,503.383277681832,,31.221950100084122
3776.9553840000003,25.749735776726503,192.3,6759.980301166042,133.1183812608,503.383277681832,24.43,31.45450343117903
3777.4540656000004,24.129752399705264,192.3,6859.980009763173,131.82839694720002,503.383277681832,,32.21300598178133
3777.9527472000004,25.6497368028363,192.67,7229.978931572558,131.69839852799998,503.383277681832,,34.050567670077186
3778.4547095999997,24.61974737176724,192.0,7109.979281256,130.74841008,503.383277681832,,33.60548820987601
3778.9533912,25.379739573332763,192.3,6959.979718360303,132.22839208320002,503.383277681832,23.49,32.591967154865124
3779.4553536,24.87974470388176,192.0,6799.980184604889,131.2684037568,503.383277681832,,32.02505794431642
3779.9540352000004,25.5497378289461,192.5,6949.979747500586,127.6284480192,503.383277681832,,33.74695948214747
3780.4527168000004,24.899744498659803,192.04,6869.979980622884,129.2684280768,503.383277681832,,32.856800368422185
3780.9546791999996,25.529738034168062,192.61,6949.979747500586,128.48843756160002,503.383277681832,,33.541399887923525
3781.4533608000006,24.3497501422637,192.43,6809.980155464607,128.6584354944,503.383277681832,22.55,32.78647650076234
3781.9553232,25.269740702053543,192.7,7159.979135554565,130.2784157952,503.383277681832,,34.090246071958404
3782.4540048,25.859734648005723,192.36,7159.979135554565,131.0184067968,503.383277681832,,33.844488550669396
3782.9526864,24.53974819265508,192.32,6879.979951482601,127.46844996480002,503.383277681832,,33.41126300654022
3783.4546488,25.43973895766688,192.57,6849.980038903455,131.1384053376,503.383277681832,,32.39074129177016
3783.9533304000006,25.91973403233984,192.64,6469.9811462343605,125.10847866240002,503.383277681832,28.19,32.08623373096383
3784.4552928000003,25.509738239390018,192.79,6579.980825691207,128.20844096640002,503.383277681832,,31.865558332606078
3784.9539744,26.449728593957904,192.66,6889.979922342311,126.69845932800001,503.383277681832,,33.73695051214521
3785.452656,25.639736905447283,192.43,7089.979339536572,126.8084579904,503.383277681832,,34.63181828571896
3785.9546184,24.87974470388176,192.28,7179.9790772739925,126.8384576256,503.383277681832,,35.02681938761872
3786.4533,25.60973721328022,192.66,6959.979718360303,123.95849264640002,503.383277681832,24.43,34.81858270472438
3786.9552624000003,25.91973403233984,192.61,6909.979864061738,127.22845288320002,503.383277681832,,33.681038317270634
3787.4539440000003,25.779735468893563,192.31,6929.979805781166,124.6584841344,503.383277681832,,34.41518656847978
3787.9526256000004,24.80974542215862,192.36,6959.979718360303,126.78845823360001,503.383277681832,,33.98680459372287
3788.454588,25.16974172816334,192.33,7379.978494468224,122.5885093056,503.383277681832,,37.24933229983703
3788.9532696,25.17974162555236,192.68,7219.978960712841,127.6284480192,503.383277681832,,35.0790022724456
3789.4552320000003,25.589737418502178,192.64,7079.979368676862,128.6184359808,503.383277681832,,34.13622019018039
3789.9539136000003,25.03974306210608,192.71,6459.981175374649,128.048442912,503.383277681832,23.49,31.31029808931588
3790.4525952000004,25.1497419333853,192.64,6639.980650849484,127.33845154560001,503.383277681832,,32.344280471517706
3790.9545576000005,25.02974316471706,192.48,6849.980038903455,125.45847440640001,503.383277681832,,33.82821101932058
3791.4532391999996,25.269740702053543,192.24,6629.980679989772,123.45849872640001,503.383277681832,,33.23646132529053
3791.9552016,24.849745011714703,192.75,6769.980272025752,129.1684292928,503.383277681832,,32.525122407804965
3792.4538832,25.329740086387663,192.38,6999.979601799152,124.148490336,503.383277681832,,34.91130765742213
3792.9525648000003,24.32975034748566,192.62,7099.979310396282,124.02849179520001,503.383277681832,,35.476479996959036
3793.4545272,24.899744498659803,192.14,6959.979718360303,125.81847002880001,503.383277681832,,34.20903671476561
3793.9532088000005,24.939744088215882,192.79,6989.979630939441,127.03845519360002,503.383277681832,25.37,34.14242024884338
3794.4551712,25.279740599442558,192.52,6809.980155464607,121.898517696,503.383277681832,,34.61717640132278
3794.9538528,24.7497460378245,192.03,6959.979718360303,126.24846480000001,503.383277681832,,34.07257223242762
3795.4525344,24.049753220593104,192.61,7269.9788150114055,125.97846808320001,503.383277681832,,35.757748256188556
3795.9544968,24.899744498659803,192.0,7289.978756730833,123.5584975104,503.383277681832,,36.44590606714659
3796.4531784,24.91974429343784,192.55,6939.979776640876,124.02849179520001,503.383277681832,,34.674139299537416
3796.9551408,25.1997414203304,192.41,6839.980068043746,123.99849216000001,503.383277681832,,34.163449694086815
3797.4538224000003,24.82974521693666,192.36,6359.981466777518,125.42847477120002,503.383277681832,26.31,31.409879327906012
3797.9525040000003,25.46973864983394,192.1,6429.9812627955125,126.10846650240002,503.383277681832,,31.546211496106338
3798.4544664,24.199751681428403,192.21,6459.981175374649,125.1184785408,503.383277681832,,31.948830264744117
3798.953148,25.009743369939024,192.25,6769.980272025752,125.2784765952,503.383277681832,,33.44342564751127
3799.4551104,25.11974224121824,192.38,7229.978931572558,127.03845519360002,503.383277681832,,35.23431685147054
3799.9537920000002,25.05974285688412,192.68,7169.979106414276,125.60847258240003,503.383277681832,,35.393339423568435
3800.4524736000003,25.36973967594374,192.59,6899.97989320202,125.5784729472,503.383277681832,,34.063443050025214
3800.9544360000004,23.91975455453584,192.73,6959.979718360303,118.2685618368,503.383277681832,24.43,36.482097310331
3801.4531176,25.009743369939024,192.14,6729.980388586905,128.5584367104,503.383277681832,,32.38583082133885
3801.9550799999997,24.90974439604882,192.27,7039.979485238006,123.28850079360001,503.383277681832,,35.32932280588124
3802.4537616000002,24.2497511683735,192.6,7359.978552748827,118.49855904,503.383277681832,,38.469616373681156
3802.9524432000003,24.339750244874683,192.37,7569.977940802798,118.3385609856,503.383277681832,,39.56829665418988
3803.4544056000004,24.789745627380583,192.25,7279.978785871123,114.2386108416,503.383277681832,26.31,39.39828999344999
3803.9530871999996,24.83974511432568,192.27,6829.980097184035,119.18855064960002,503.383277681832,,35.45315926641188
3804.4550496000006,24.799745524769598,192.28,6799.980184604889,124.1284905792,503.383277681832,,33.90339305844913
3804.9537311999998,24.53974819265508,192.57,7059.979426957434,126.8784571392,503.383277681832,,34.48287953821035
3805.4524128000007,24.83974511432568,192.34,6879.979951482601,124.8284820672,503.383277681832,,34.11953773034168
3805.9543752,25.01974326732804,192.34,6949.979747500586,125.29847635200001,503.383277681832,24.43,34.337581228290276
3806.4530568,24.65974696132332,192.39,7009.979572658869,128.97843160320002,503.383277681832,,33.655772658279616
3806.9550192,24.3997496292088,192.71,6779.98024288547,126.42846261119999,503.383277681832,,33.263526308979706
3807.4537008,24.42974932137586,192.67,6749.980330306324,123.0385038336,503.383277681832,,34.01723716057149
3807.9523824000007,23.9497542467029,192.35,6619.9807091300545,116.35858506240002,503.383277681832,,35.207357704118266
3808.4543448,23.809755683256622,192.63,6289.9816707595255,112.86862750080002,503.383277681832,,34.53955473657198
3808.9530264,23.81975558064564,192.45,6689.980505148049,120.82853070720003,503.383277681832,24.43,34.28545877459756
3809.4549888,24.43974921876488,192.66,7039.979485238006,124.2384892416,503.383277681832,,35.12749431339387
3809.9536704,24.02975342581506,192.21,7359.978552748827,124.17848997120002,503.383277681832,,36.64362118277587
3810.4523520000002,23.91975455453584,192.47,7169.979106414276,122.3385123456,503.383277681832,,36.284636836380244
3810.9543144000004,24.309750552707623,192.33,7059.979426957434,119.5685460288,503.383277681832,,36.53100701890618
3811.452996,23.569758145920144,192.43,7129.979222975428,118.54855843200001,503.383277681832,,37.219762428768
3811.9549583999997,25.239741009886487,192.67,7019.979543518579,120.99852864,503.383277681832,25.37,35.96932789568259
3813.4542840000004,21.989774358454984,194.61,6289.9816707595255,96.17883045120001,509.233896906672,,40.89685833248085
3813.9529656000004,21.95977466628792,194.6,6749.980330306324,85.55895959040001,509.233896906672,,49.293945184529164
3814.4549280000006,21.73977692372948,194.63,6789.98021374518,86.5089480384,509.233896906672,26.31,49.04815287933634
3814.9536095999997,21.689777436784382,194.23,6499.981058813496,82.2889993536,509.233896906672,,49.25850887597466
3815.4522912,22.26977148534754,194.18,6599.980767410629,82.8389926656,509.233896906672,,49.67484662162553
3815.9542536,21.92977497412086,194.58,6489.981087953786,79.7590301184,509.233896906672,,50.83039772013345
3816.4529352000004,21.65977774461732,194.5,6769.980272025752,81.58900786560001,509.233896906672,,51.806917274417955
3816.9548976,22.26977148534754,194.3,7149.979164694855,81.8090051904,509.233896906672,26.31,54.50717239548837
3817.4535791999997,21.799776308063603,194.56,6859.980009763173,80.1890248896,509.233896906672,,53.42404435549598
3817.9522608000007,22.17977240884636,194.23,6519.9810005329255,81.53900847360002,509.233896906672,,49.86643769350294
3818.4542232,22.15977261406832,194.42,6639.980650849484,83.28898719360001,509.233896906672,,49.76604572591811
3818.9529048,22.019774050622043,194.55,6839.980068043746,81.9690032448,509.233896906672,,52.11529586408131
3819.4548672,21.9497747688989,194.59,6969.979689220012,82.2589997184,509.233896906672,,52.92593926150503
3819.9535488,22.17977240884636,194.57,6619.9807091300545,84.73896956160002,509.233896906672,,48.808584494553344
3820.4522304,21.319781233390643,194.6,6649.980621709194,80.199024768,509.233896906672,22.55,51.79437806556411
3820.9541928000003,22.17977240884636,194.71,6749.980330306324,85.55895959040001,509.233896906672,,49.32357048223068
3821.4528744,22.099773229734204,194.57,6649.980621709194,264.9367783296,509.233896906672,,15.809022605614004
3823.9528440000004,24.759745935213516,194.59,6799.980184604889,114.348609504,509.233896906672,,37.22410670795332
3824.4548064000005,24.85974490910372,194.68,6509.981029673216,114.09861254399999,509.233896906672,,35.74048229190588
3824.9534879999997,25.11974224121824,194.91,6799.980184604889,114.67860549120002,509.233896906672,,37.18134443067314
3825.4521696,25.28974049683158,194.61,7009.979572658869,113.83861570560002,509.233896906672,,38.54656594576193
3825.954132,25.12974213860726,194.28,7209.97898985313,113.2186232448,509.233896906672,,39.78752293113113
3826.4528136000004,24.709746448268422,194.06,6839.980068043746,106.89870009600001,509.233896906672,26.31,39.927667151646375
3826.9547760000005,25.38973947072178,194.74,6659.980592568912,114.14861193600001,509.233896906672,,36.55890876548305
3827.4534576000005,25.349739881165704,194.44,6759.980301166042,111.54864355200002,509.233896906672,,37.905925023082894
3827.9521391999997,23.909754657146824,194.43,6479.9811170940775,103.4087425344,509.233896906672,,39.174520092267976
3828.4541016,25.17974162555236,194.59,6869.979980622884,114.07861278720002,509.233896906672,,37.697202129393744
3828.9527832,24.609747474378224,194.42,6919.979834921447,113.94861436800001,509.233896906672,,37.975223595392244
3829.4547456,25.46973864983394,194.47,6899.97989320202,114.07861278720002,509.233896906672,22.55,37.84012999079384
3829.9534272,25.28974049683158,194.69,6489.981087953786,114.1886114496,509.233896906672,,35.60887794838126
3830.4521088000006,25.62973700805826,194.45,6699.98047600776,113.90861485440001,509.233896906672,,36.80169599491509
3830.9540712000003,25.06974275427314,194.5,6599.980767410629,114.33860962560001,509.233896906672,,36.12461373895718
3831.4527528,25.51973813677904,194.48,7249.978873291979,114.0586130304,509.233896906672,,39.75798438408804
3831.9547152,24.939744088215882,194.41,7159.979135554565,114.5286073152,509.233896906672,21.61,39.087952831194706
3832.4533968,24.82974521693666,194.48,7329.978640169688,114.15861181440002,509.233896906672,,40.15343042498086
3832.9520784,23.749756298922502,194.41,7129.979222975428,106.21870836480001,509.233896906672,,41.94366927808058
3833.4540408000003,24.419749423986843,194.22,6979.979660079732,113.49861984,509.233896906672,,38.41275639996048
3833.9527224000003,24.769745832602542,194.61,6879.979951482601,114.0186135168,509.233896906672,,37.771898293240156
3834.4546848000005,25.0997424464402,194.31,6699.98047600776,113.48861996160001,509.233896906672,,36.90615147404153
3834.9533664,24.869744806492744,194.31,6999.979601799152,111.2586470784,509.233896906672,,39.31555574407518
3835.452048,24.899744498659803,194.3,6909.979864061738,110.51865607680003,509.233896906672,25.37,39.069500492708556
3835.9540104000002,24.85974490910372,195.0,6829.980097184035,109.7286656832,509.233896906672,,39.03517250214894
3836.4526920000003,24.309750552707623,194.76,6569.98085483149,106.59870374400002,509.233896906672,,38.60182163423711
3836.9546544000004,24.5497480900441,194.34,6599.980767410629,114.29861011200002,509.233896906672,,36.10321705650107
3837.4533360000005,23.38975999291778,194.24,6869.979980622884,106.7187022848,509.233896906672,,40.195018058354165
3837.9520175999996,24.389749731819784,194.48,7149.979164694855,114.3086099904,509.233896906672,,39.11771159034214
3838.45398,23.36976019813974,195.0,7479.978203065399,108.84867638400002,509.233896906672,24.43,43.06111701081432
3838.9526616,23.07976317385816,194.73,7189.979048133702,108.7886771136,509.233896906672,,41.3625064132465
3839.454624,24.089752810149182,194.18,6919.979834921447,107.99868672,509.233896906672,,40.002272535394575
3839.9533056,23.86975506759074,194.66,7009.979572658869,110.65865437440002,509.233896906672,,39.646182940581
3840.4519871999996,24.149752194483302,194.21,6949.979747500586,106.698702528,509.233896906672,,40.66855347319327
3840.9539496000007,24.53974819265508,194.19,7229.978931572558,113.38862117759999,509.233896906672,,39.814440730386714
3841.4526312,24.50974850048802,194.75,7069.979397817144,112.70862944640001,509.233896906672,22.55,39.28372506245054
3841.9545936,23.409759787695823,194.55,7029.979514378297,107.80868903040002,509.233896906672,,40.777555301165826
3842.4532752,24.2497511683735,194.03,6819.980126324317,113.33862178560001,509.233896906672,,37.55166936486765
3842.9519568,24.05975311798212,194.24,6879.979951482601,109.6386667776,509.233896906672,,39.19215832022046
3843.4539192,23.979753938869962,194.0,6959.979718360303,113.22862312320001,509.233896906672,,38.34713707831676
3843.9526008000003,23.87975496497976,194.0,7149.979164694855,109.57866750720002,509.233896906672,,40.69277865874436
3844.4545632000004,23.78975588847858,194.7,7129.979222975428,108.61867918080002,509.233896906672,23.49,41.08259054231871
3844.9532448,23.95975414409192,194.47,7279.978785871123,106.4887050816,509.233896906672,,42.72867581063626
3845.4519264,24.15975209187232,194.38,6709.9804468674765,106.7587017984,509.233896906672,,39.28355399289253
3845.9538888,24.259751065762522,194.24,6829.980097184035,107.99868672,509.233896906672,,39.498249748311224
3846.4525704000002,24.83974511432568,194.71,6719.980417727187,105.14872137600001,509.233896906672,,40.01426455321428
3846.9545328000004,24.369749937041743,194.12,6969.979689220012,107.698690368,509.233896906672,,40.391443178876685
3847.4532144000004,23.859755170201723,194.51,7089.979339536572,103.5687405888,509.233896906672,,42.79436846419369
3847.951896,25.349739881165704,194.73,7109.979281256,119.4685472448,509.233896906672,26.31,37.284581229424475
3848.4538583999997,25.299740394220603,194.72,6829.980097184035,122.1385147776,509.233896906672,,35.04409601964853
3848.95254,25.11974224121824,194.13,6559.980883971781,121.88851781759999,509.233896906672,,33.63275302963821
3849.4545024,25.61973711066924,194.62,6779.98024288547,121.88851781759999,509.233896906672,,34.844958042285064
3849.9531840000004,24.939744088215882,194.57,6979.979660079732,121.99851648,509.233896906672,,35.81935811721534
3850.4518656000005,24.419749423986843,194.45,7029.979514378297,121.7385196416,509.233896906672,,36.12444270697337
3850.9538280000006,25.319740188998637,194.68,7169.979106414276,132.5183885568,509.233896906672,,33.907246125777
3851.4525095999998,25.43973895766688,194.85,7069.979397817144,138.0383214336,509.233896906672,28.19,32.13769164859754
3851.954472,25.1997414203304,194.42,6899.97989320202,137.9383226496,509.233896906672,,31.321869766937198
3852.4531536,25.249740907275502,194.38,6879.979951482601,138.0783209472,509.233896906672,,31.194301371990502
3852.9518352,23.98975383625898,194.31,6809.980155464607,138.99830975999998,509.233896906672,,30.654474999904373
3853.4537976,22.7997660469656,194.48,6729.980388586905,152.948140128,509.233896906672,,27.56589560319953
3853.9524791999997,23.55975824853112,194.35,6569.98085483149,180.7578019584,509.233896906672,,22.795330583368223
3854.4544416000003,23.639757427643282,194.5,6819.980126324317,179.90781229440003,509.233896906672,,23.784809671628977
3854.9531232,24.18975178403938,194.5,7379.978494468224,180.5578043904,509.233896906672,,25.63413896167072
3855.4518048,24.98974357516098,194.4,7519.97808650421,179.52781691520002,509.233896906672,77.98,26.25857751938151
3855.9537672,25.47973854722296,194.1,7379.978494468224,179.4578177664,509.233896906672,,25.7483340769833
3856.4524488,26.2497306461775,194.6,7169.979106414276,180.59780390400002,509.233896906672,,24.9352581815091
3856.9544112000003,26.679726233905363,194.3,7579.977911662501,179.52781691520002,509.233896906672,,26.467229420411808
3857.4530928000004,24.16975198926134,194.4,7399.978436187704,179.39781849599999,509.233896906672,,25.854556859028154
3857.9517744,21.52977907856006,194.05,7369.978523608536,180.6378034176,509.233896906672,,25.507139707195144
3858.4537368,18.68980822007838,195.0,7329.978640169688,179.83781314560002,509.233896906672,,25.581494242994584
3858.9524184,17.43982104645088,195.0,6809.980155464607,178.99782336,509.233896906672,46.04,23.878192321080522
3859.4543808000003,15.899836848541801,194.7,6439.981233655222,180.6378034176,509.233896906672,,22.337870563786517
3859.9530624000004,15.739838490317482,194.5,6609.980738270347,179.9578116864,509.233896906672,,22.985229425743935
3860.4517440000004,16.399831717992797,194.0,6689.980505148049,178.91782433280002,509.233896906672,,23.342035581155123
3860.9537064000006,17.289822585615582,194.25,6449.981204514933,180.7078025664,509.233896906672,,22.324150616986028
3861.4523879999997,17.9498158132909,194.65,6349.981495917802,179.9778114432,509.233896906672,,22.119613486855865
3861.9543504,17.67981858378736,194.48,6209.981903881822,178.87782481920001,509.233896906672,,21.74623304832885
3862.453032,19.289802063419582,194.6,6239.981816460961,180.68780280960002,509.233896906672,28.19,21.660100826691533
3862.9517136000004,19.909795701538822,194.8,6099.982224424975,179.597816064,509.233896906672,,21.332333606819095
3863.453676,20.999784516942,194.5,6429.9812627955125,179.31781946880002,509.233896906672,,22.48691139968866
3863.9523576000006,22.3497706644597,194.35,6439.981233655222,180.15780925440004,509.233896906672,,22.41173260401037
3864.4543200000003,24.009753631037018,194.8,6689.980505148049,173.75788707840002,509.233896906672,,24.194163119777556
3864.9530016,26.10973208273122,194.81,6789.98021374518,172.66790033280003,509.233896906672,,24.725546582675236
3865.4516832,27.46971812763794,194.71,7129.979222975428,172.5179021568,509.233896906672,25.37,25.973243200653798
3865.9536456,29.26969965766154,194.09,6879.979951482601,165.9279822912,509.233896906672,,25.990195760995107
3866.4523272,29.359698734162723,194.0,6959.979718360303,143.82825102720003,509.233896906672,,30.277673090113296
3866.9542896000003,28.52970725087406,194.3,6999.979601799152,133.8883718976,509.233896906672,,32.73551303073768
3867.4529712000003,27.969712997088944,194.59,6999.979601799152,123.3085005504,509.233896906672,,35.57135862666167
3867.9516528,28.719705301265442,194.34,7109.979281256,124.41848705279999,509.233896906672,,35.76709128903248
3868.4536152,27.749715254530503,194.34,7139.979193835137,123.17850213120002,509.233896906672,,36.267856749860954
3868.9522968,28.21971043181444,194.34,6879.979951482601,121.94851708800002,509.233896906672,25.37,35.309932522563145
3869.4542592000003,28.259710021370523,194.62,7109.979281256,125.1184785408,509.233896906672,,35.615342900960655
3869.9529408000003,27.62971648586226,194.17,6779.98024288547,124.348487904,509.233896906672,,34.0984972978921
3870.4516224000004,27.999712689256004,194.67,6959.979718360303,121.5385220736,509.233896906672,,35.89599126750393
3870.9535848000005,27.87971392058776,194.72,6979.979660079732,123.8384941056,509.233896906672,,35.342290473879004
3871.4522663999996,28.599706532597203,194.93,6819.980126324317,124.77848267520001,509.233896906672,,34.321998876592346
3871.9542288,28.72970519865446,195.0,7129.979222975428,136.49834016000003,509.233896906672,25.37,32.824775405811856
3872.4529104000003,28.929703146434864,194.69,7149.979164694855,139.4783039232,509.233896906672,,32.16898445984973
3872.9515920000003,28.889703556878782,194.0,7229.978931572558,134.6883621696,509.233896906672,,33.55536036551686
3873.4535544000005,28.739705096043483,194.41,6949.979747500586,132.698386368,509.233896906672,,32.81293357943207
3873.9522360000005,28.6497060195423,194.15,6909.979864061738,131.79839731200002,509.233896906672,,32.80223864192712
3874.4541984000007,28.399708584816803,194.0,6669.980563428621,129.74842224000002,509.233896906672,,32.14115403589167
3874.95288,28.82970417254466,194.3,6639.980650849484,132.00839475840002,509.233896906672,,31.505918701270186
3875.4515616,30.05969155139412,194.44,7139.979193835137,145.948225248,509.233896906672,25.37,30.681604543768152
3875.953524,29.329699041995664,194.39,7569.977940802798,129.0284309952,509.233896906672,,36.72863174982993
3876.4522056,29.439697913274884,194.68,7419.9783779071095,128.26844023680002,509.233896906672,,36.27223587893269
3876.954168,29.499697297609,194.33,7289.978756730833,133.42837749120002,509.233896906672,,34.211805102913175
3877.4528496000003,29.369698631551742,194.29,6909.979864061738,128.0384430336,509.233896906672,,33.78864153146326
3877.9515312,29.399698323718802,195.0,6719.980417727187,126.45846224640002,509.233896906672,,33.39488798322841
3878.4534936,28.609706429986222,194.57,6869.979980622884,129.21842868480002,509.233896906672,22.55,33.331159872896606
3878.9521752,28.45970796915092,194.36,7089.979339536572,128.93843208959998,509.233896906672,,34.42670517127035
3879.4541376,28.439708174372882,194.21,7239.978902432268,126.85845738240002,509.233896906672,24.43,35.69475481350878
3879.9528192000002,28.279709816148557,194.36,7309.978698450261,129.21842868480002,509.233896906672,,35.40956000556435
3880.4515008000003,28.00971258664502,194.75,6979.979660079732,128.3384393856,509.233896906672,24.43,34.11769597895796
3880.9534632000004,28.61970632737524,194.36,6919.979834921447,128.81843354880002,509.233896906672,,33.63946969462251
3881.4521448,29.12970109421526,194.39,6879.979951482601,129.55842455040002,509.233896906672,,33.266201535839656
3881.9541071999997,29.65969565583332,195.0,6779.98024288547,131.7583977984,509.233896906672,,32.34786754048389
3882.4527888000002,29.139700991604283,194.36,6879.979951482601,125.85846954240003,509.233896906672,,34.231726168867944
3882.9514704000003,29.52969698977606,194.58,7249.978873291979,139.6583017344,509.233896906672,,32.560572688156704
3883.4534328000004,29.86969350100274,194.68,7379.978494468224,145.8682262208,509.233896906672,23.49,31.758821292541814
3883.9521144000005,29.7996942192796,194.08,7519.97808650421,142.7382642816,509.233896906672,,32.95873497748916
3884.4540768000006,29.58969637411018,194.17,7259.978844151696,146.0282242752,509.233896906672,,31.129101681008464
3884.9527583999998,29.96969247489294,194.64,7209.97898985313,144.0182487168,509.233896906672,,31.42290867127486
3885.45144,29.62969596366626,194.72,7079.979368676862,146.82821454720002,509.233896906672,,30.284633603152308
3885.9534024,29.92969288533686,194.25,6749.980330306324,152.6181441408,509.233896906672,,27.734558972455194
3886.4520840000005,29.849693706224702,194.61,7279.978785871123,153.4781336832,509.233896906672,27.25,29.780164074140647
3886.9540464,29.57969647672116,194.65,7349.978581889107,153.5381329536,509.233896906672,,30.056261197192487
3887.4527280000007,29.52969698977606,194.22,7699.977561979082,155.7381062016,509.233896906672,,30.9660508012197
3887.9514096,29.999692167060005,195.0,7619.977795101385,161.2880387136,509.233896906672,,29.72284831393988
3888.453372,30.45968744695492,194.48,7459.97826134592,153.07813854719998,509.233896906672,,30.574197635305847
3888.9520536,30.239689704396483,194.75,7019.979543518579,152.2581485184,509.233896906672,25.37,28.977725773332775
3889.454016,30.41968785739884,194.0,7249.978873291979,148.24819728,509.233896906672,,30.60526666703614
3889.9526976,29.15970078638232,194.89,7309.978698450261,131.4584014464,509.233896906672,,34.91202705929719
3890.4513792,28.85970386471172,195.0,6869.979980622884,133.9283714112,509.233896906672,,32.240193890078395
3890.9533416000004,29.41969811849684,195.0,6929.979805781166,147.6382046976,509.233896906672,,29.52731332897173
3891.4520232,30.07969134617216,194.52,7359.978552748827,143.2882575936,509.233896906672,,32.21466589260971
3891.9539856,29.299699349828604,194.67,7209.97898985313,133.048382112,509.233896906672,,33.99228358655056
3892.4526672,29.569696579332142,194.0,7409.978407047406,133.9283714112,509.233896906672,,34.584158920728456
3892.9513488000002,29.759694629723523,194.0,7129.979222975428,145.19823436800002,509.233896906672,,30.724275539309815
3893.4533112000004,30.659685394735323,194.76,6999.979601799152,143.08826002560002,509.233896906672,,30.73639402796714
3893.9519928000004,28.52970725087406,194.33,7289.978756730833,134.3683660608,509.233896906672,,33.96599356385027
3894.4539552000006,29.63969586105528,194.67,6989.979630939441,151.5781567872,509.233896906672,,28.96638934181517
3894.9526367999997,29.41969811849684,194.96,7239.978902432268,144.49824288,509.233896906672,,31.495249949517376
3895.4513184,29.58969637411018,194.04,7709.977532838784,133.35837834240002,509.233896906672,,36.134423053342914
3895.9532808,29.45969770805292,194.26,7569.977940802798,135.1683563328,509.233896906672,,35.04937912947502
3896.4519624000004,30.159690525284322,194.0,7229.978931572558,142.03827279360002,509.233896906672,,31.842464660027662
3896.9539248,29.41969811849684,194.35,7169.979106414276,140.5582907904,509.233896906672,,31.960989805765486
3897.4526064000006,29.57969647672116,194.19,7049.979456097715,135.9283470912,509.233896906672,,32.46713300344484
3897.9512879999997,29.399698323718802,194.88,6869.979980622884,136.2283434432,509.233896906672,,31.685234687099317
3898.4532504,28.709705403876423,194.37,7119.97925211571,133.148380896,509.233896906672,,33.48972667401476
3898.951932,29.65969565583332,194.75,7419.9783779071095,151.8281537472,509.233896906672,,30.695313902844607
3899.4538944,30.279689293952558,194.78,7359.978552748827,152.698143168,509.233896906672,,30.286975928974968
3899.952576,29.17970058116036,194.38,7339.978611029399,139.9082986944,509.233896906672,,32.86668051239302
3900.4512576000006,29.5996962714992,194.43,7109.979281256,157.43808552960002,509.233896906672,,28.337208744511848
3900.9532200000003,30.279689293952558,194.74,7049.979456097715,157.4280856512,509.233896906672,,28.152139549303488
3901.4519016,30.679685189513364,194.65,7219.978960712841,152.5181453568,509.233896906672,,29.73422771535405
3901.953864,30.45968744695492,194.67,6889.979922342311,149.95817648640002,509.233896906672,,28.868312837684734
3902.4525456,30.78968406079258,194.68,7509.978115644508,148.20819776640002,509.233896906672,,31.815418046960904
3902.9512272,30.039691756616083,194.69,7369.978523608536,137.3383299456,509.233896906672,,33.673395002174004
3903.4531896000003,29.46969760544194,194.62,7139.979193835137,139.77830027520002,509.233896906672,,32.04906116835108
3903.9518712000004,30.289689191341584,194.67,7509.978115644508,148.88818949760002,509.233896906672,,31.665450279553404
3904.4538336000005,30.8996829320718,194.6,7189.979048133702,140.3082938304,509.233896906672,,32.15964097305127
3904.9525152,29.619696066277243,194.7,7169.979106414276,137.0583333504,509.233896906672,,32.83104315034344
3905.4511968,30.5496865234561,194.62,7309.978698450261,137.848323744,509.233896906672,,33.27115362899293
3905.9531592000003,29.329699041995664,195.0,6889.979922342311,135.148356576,509.233896906672,,32.047663864548845
3906.4518408000004,30.439687652176882,195.0,7299.978727590545,158.2580755584,509.233896906672,,29.029565862673945
3906.9538032000005,30.849683445126704,194.22,7459.97826134592,157.3380867456,509.233896906672,,29.717272054212284
3907.4524848000005,30.479687241732965,194.39,7419.9783779071095,155.17811301120003,509.233896906672,,29.98999770371863
3907.9511663999997,30.629685702568263,194.83,7459.97826134592,157.5180845568,509.233896906672,,29.774153502510696
3908.4531288,30.359688473064722,195.0,7239.978902432268,159.46806084480002,509.233896906672,,28.575898958687073
3908.9518104,30.579686215623163,194.55,7129.979222975428,160.3180505088,509.233896906672,,27.935639678851324
3909.4537728,31.02968159812906,194.3,6989.979630939441,154.61811982080002,509.233896906672,,28.360112242730885
3909.9524544,30.659685394735323,194.48,7289.978756730833,158.0380782336,509.233896906672,,28.955291038366152
3910.4511360000006,30.92968262423886,194.65,7189.979048133702,156.18810072960002,509.233896906672,,28.924209350808685
3910.9530984000003,31.589675851914183,195.0,7329.978640169688,155.82810510720003,509.233896906672,,29.608062333690494
3911.45178,31.55967615974712,194.25,7189.979048133702,153.3281355072,509.233896906672,,29.40417306054476
3911.9537424,31.70967462058242,194.65,7599.977853381906,156.99809088,509.233896906672,,30.40892134952736
3912.452424,31.679674928415363,194.54,7749.9774162776675,150.5281695552,509.233896906672,,32.30644161565112
3912.9511056,31.5496762623581,194.39,7669.9776493999,153.7181307648,509.233896906672,,31.292704235798958
3913.4530680000003,30.479687241732965,194.78,7429.978348766812,157.5880837056,509.233896906672,,29.633592922600243
3913.9517496000003,31.089680982463182,194.74,7299.978727590545,157.77808139520002,509.233896906672,,29.08413078634567
3914.4537120000005,30.42968775478786,194.05,7679.977620259676,161.048041632,509.233896906672,,29.85788109262615
3914.9523936,30.019691961838042,194.0,7309.978698450261,174.09788294400002,509.233896906672,,26.309848941646376
3915.4510752,30.40968796000982,194.35,7459.97826134592,181.9377876096,509.233896906672,,25.74792532806635
3915.9530376000002,30.439687652176882,195.0,7489.978173925102,181.09779782400003,509.233896906672,,26.05538240312881
3916.4517192000003,29.989692269670986,194.5,7629.977765961088,180.04781059200002,509.233896906672,,26.6192308499656
3916.9536816000004,30.049691654005102,194.6,7759.977387137371,181.4177939328,509.233896906672,,26.880138415279458
3917.4523632000005,30.209690012229423,194.65,7439.978319626515,180.7578019584,509.233896906672,,25.883339749213732
3917.9510448,30.37968826784276,194.0,7519.97808650421,180.3678067008,509.233896906672,,26.129664401841772
3918.4530072,31.00968180335102,194.45,7389.978465327928,181.0777980672,509.233896906672,,25.646811599402977
3918.9516888000003,30.769684266014544,194.5,7169.979106414276,180.15780925440004,509.233896906672,,25.021233373648577
3919.4536512,29.169700683771342,195.0,7209.97898985313,180.91780001280003,509.233896906672,,25.10493542222222
3919.9523328000005,26.56972736262614,194.2,7239.978902432268,181.1077977024,509.233896906672,,25.057822133747624
3920.4510144000005,27.0497224372991,194.9,7179.9790772739925,180.27780779520003,509.233896906672,,25.058657102085878
3920.9529768000007,29.8996931931698,194.0,7129.979222975428,181.09779782400003,509.233896906672,,24.684951865688554
3921.4516584,31.599675749303202,194.0,7169.979106414276,180.66780305280002,509.233896906672,,24.894910871881624
3921.953620800001,32.12967031092126,194.4,7219.978960712841,178.51782919680002,509.233896906672,,25.42154982860038
3922.4523024,32.289668669145584,194.4,7489.978173925102,177.5578408704,509.233896906672,,26.504435746178196
3922.950984,32.32966825870166,194.0,7639.977736820791,176.4278546112,509.233896906672,,27.14604480558333
3923.4529464,32.16966990047734,194.43,7549.977999083392,179.0578226304,509.233896906672,,26.49609269392184
3923.9516280000003,32.319668361312644,194.25,7609.977824241683,176.5678529088,509.233896906672,,27.05368529307651
3924.4535904000004,32.60966538559422,194.65,7339.978611029399,178.79782579200003,509.233896906672,,25.836400447353004
3924.952272,32.97966158898796,194.95,7659.977678540196,177.7578384384,509.233896906672,,27.15126982924384
3925.4509536,33.05966076810012,194.62,7789.97729971648,175.10787066240002,509.233896906672,,27.97458931367763
3925.952916,31.52967646758006,194.22,7749.9774162776675,153.12813793920003,509.233896906672,,31.709396351539688
3926.4515976000002,30.579686215623163,194.0,7829.977183155364,151.74815472,509.233896906672,,32.27846796604486
3926.9535600000004,30.72968467645846,194.0,7789.97729971648,153.9681277248,509.233896906672,,31.656865530078807
3927.4522416000004,30.21968990961844,194.29,7449.978290486217,154.3081235904,509.233896906672,,30.260859655495125
3927.9509232,30.42968775478786,194.41,7139.979193835137,158.7680693568,509.233896906672,,28.223613851032642
3928.4528856,30.2996890887306,194.42,7549.977999083392,153.41813441280001,509.233896906672,,30.861140596375353
3928.9515672,29.76969452711254,194.0,7019.979543518579,154.3181234688,509.233896906672,,28.481211371324097
3929.4535296000004,30.38968816523178,194.48,7599.977853381906,160.16805233280002,509.233896906672,,29.77540711434339
3929.9522112000004,30.92968262423886,194.0,7369.978523608536,159.16806449280003,509.233896906672,,28.995436843885855
3930.4508928000005,30.579686215623163,194.05,7349.978581889107,164.6279980992,509.233896906672,,27.9712825014884
3930.9528552000006,31.089680982463182,194.74,7729.977474558189,157.3580865024,509.233896906672,,30.86322112899601
3931.4515367999998,30.30968898611962,194.3,7559.977969943096,156.18810072960002,509.233896906672,,30.339705585900358
3931.9534992,30.00969206444902,194.43,7139.979193835137,155.04811459200002,509.233896906672,,28.89395007229823
3932.4521808,30.6496854973463,194.39,6899.97989320202,156.3580986624,509.233896906672,,27.699189748052866
3932.9508624000005,30.959682316405924,194.67,7019.979543518579,155.17811301120003,509.233896906672,,28.43181675675064
3933.4528248,30.919682726849842,194.61,7299.978727590545,156.598095744,509.233896906672,,29.28046899644302
3933.9515064000007,31.089680982463182,194.04,7189.979048133702,156.3880982976,509.233896906672,,28.79920638339228
3934.4534688000003,30.399688062620804,194.74,7359.978552748827,152.7581424384,509.233896906672,,30.270034541565973
3934.9521504,30.5996860104012,194.48,7489.978173925102,156.0181027968,509.233896906672,,30.123739257252595
3935.450832,30.659685394735323,194.0,7319.978669309971,155.4681094848,509.233896906672,,29.47738582195985
3935.9527944,30.66968529212434,194.54,7479.978203065399,154.67811909120002,509.233896906672,,30.352110890738018
3936.451476,30.809683855570622,195.0,7329.978640169688,152.90814061440003,509.233896906672,,30.161727453566566
3936.9534384000003,31.1496803667973,194.63,7419.9783779071095,154.4781215232,509.233896906672,,30.16727879699481
3937.4521200000004,31.17968005896436,194.57,7569.977940802798,154.0081272384,509.233896906672,,30.855708826154597
3937.9508016,31.41967759630084,194.0,7299.978727590545,154.9681155648,509.233896906672,,29.498015473368145
3938.452764,31.3496783145777,194.33,7299.978727590545,153.36813502080003,509.233896906672,,29.852614516178537
3938.9514456,30.82968365034866,194.0,7359.978552748827,153.54813283200002,509.233896906672,,30.005816168315487
3939.4534080000003,31.07968108507416,194.78,7559.977969943096,153.8281294272,509.233896906672,,30.883209546615067
3939.9520896000004,31.619675544081243,194.39,7479.978203065399,156.3880982976,509.233896906672,,30.008191860851195
3940.4507712000004,31.699674723193404,194.33,7489.978173925102,151.848153504,509.233896906672,,30.929513585274876
3940.9527336000006,31.57967595452516,194.91,7129.979222975428,154.18812504960002,509.233896906672,,29.097671206088457
3941.4514151999997,31.57967595452516,195.0,6959.979718360303,149.62818049920003,509.233896906672,,29.281319916513674
3941.9533776,31.86967297880674,194.35,7279.978785871123,152.98813964160001,509.233896906672,,29.85229805893045
3942.4520592,30.739684573847484,194.29,7169.979106414276,149.07818718720003,509.233896906672,,30.150637574206158
3942.9507408000004,30.98968200857298,194.69,7359.978552748827,141.848275104,509.233896906672,,32.57503981982425
3943.4527032000005,30.799683958181603,194.36,7469.978232205697,142.7682639168,509.233896906672,,32.789794835687346
3943.9513848000006,29.999692167060005,194.73,7539.97802822369,140.07829662720002,509.233896906672,,33.78203776658496
3944.4533472000007,30.16969042267334,194.72,7409.978407047406,140.1882952896,509.233896906672,,33.17787534911862
3944.9520288,32.57966569342716,194.63,7049.979456097715,136.52833979520003,509.233896906672,,32.42368385154966
3945.9526728,21.55977877072712,194.89,6749.980330306324,101.148770016,509.233896906672,,41.78361721821101
3946.4513544,22.849765533910702,195.0,6459.981175374649,101.148770016,509.233896906672,,40.0297450895151
3946.9533168000003,26.56972736262614,194.83,6609.980738270347,155.8581047424,509.233896906672,,26.655347486095046
3947.4519984000003,29.189700478549383,194.77,6739.980359446615,163.1180164608,509.233896906672,,25.98999490745456
3947.95068,27.989712791866985,194.67,7059.979426957434,134.6583625344,509.233896906672,,32.88410293776641
3948.4526424,28.199710637036404,194.77,6689.980505148049,137.448328608,509.233896906672,,30.56257042636932
3948.951324,28.629706224764263,194.0,7099.979310396282,136.3883414976,509.233896906672,,32.546493022482565
3949.4532864000003,28.519707353485042,194.37,7019.979543518579,136.348341984,509.233896906672,,32.25187921233981
3949.9519680000003,27.859714125809724,194.69,6959.979718360303,137.03833359360002,509.233896906672,,31.864883162743283
3950.4506496000004,28.719705301265442,194.46,6999.979601799152,138.048321312,509.233896906672,,31.783918333560273
3950.9526120000005,28.58970663520818,195.0,7099.979310396282,135.02835803520003,509.233896906672,,33.039700352304166
3951.4512936,28.05971207359012,194.33,7279.978785871123,132.75838563840003,509.233896906672,,34.32415925171797
3951.953256,28.259710021370523,195.0,6719.980417727187,136.4883402816,509.233896906672,,30.949515012398713
3952.4519376000003,28.039712278812083,194.37,7099.979310396282,135.5883512256,509.233896906672,,32.7940561429199
3952.9506192000003,27.969712997088944,194.5,7509.978115644508,135.32835438720002,509.233896906672,,34.762700904204536
3953.4525816000005,27.81971453625364,194.14,7579.977911662501,131.8783963392,509.233896906672,,35.928657757655415
3953.9512632000005,27.799714741475597,194.63,7179.9790772739925,131.3584026624,509.233896906672,,34.2644793590817
3954.4532256000007,27.68971587019638,194.39,6929.979805781166,129.4884254016,509.233896906672,,33.511926864984105
3954.9519072,27.78971484408658,194.54,6949.979747500586,135.3083546304,509.233896906672,,32.198005316661884
3955.4505888,27.45971823024892,194.68,7129.979222975428,131.2384041216,509.233896906672,,34.06421306845376
3955.9525512,27.352719328186406,194.571,7078.979371590884,128.30143983552,509.2368972242232,,34.57097315993131
